sample_id,latitude,longitude,time_utc,time_local,temperature_2m,relative_humidity_2m,dew_point_2m,precipitation,rain,snowfall,snow_depth,wind_speed_10m,wind_gusts_10m,surface_pressure,weather_code
0,41.69250453703855,-86.23906125750699,2025-11-09 05:00:00+00:00,2025-11-09 00:00:00-05:00,1.4,99.28537,1.3,1.7,0.5,0.84000003,0.01,16.928614,28.08,983.9867,75.0
0,41.69250453703855,-86.23906125750699,2025-11-09 06:00:00+00:00,2025-11-09 01:00:00-05:00,0.95,98.215385,0.7,0.9,0.39999998,0.35,0.01,17.968472,33.48,983.7471,73.0
0,41.69250453703855,-86.23906125750699,2025-11-09 07:00:00+00:00,2025-11-09 02:00:00-05:00,1.05,96.810646,0.6,0.3,0.10000001,0.14,0.01,16.67795,35.64,983.3681,71.0
0,41.69250453703855,-86.23906125750699,2025-11-09 08:00:00+00:00,2025-11-09 03:00:00-05:00,1.05,95.42234,0.4,0.4,0.099999994,0.21000001,0.01,16.674063,32.760002,983.3681,73.0
0,41.69250453703855,-86.23906125750699,2025-11-09 09:00:00+00:00,2025-11-09 04:00:00-05:00,0.75,95.41132,0.1,1.2,0.100000024,0.77,0.02,17.123669,31.68,983.43494,73.0
0,41.69250453703855,-86.23906125750699,2025-11-09 10:00:00+00:00,2025-11-09 05:00:00-05:00,0.45,95.05432,-0.25,1.0,0.0,0.7,0.02,15.342294,32.039997,983.98785,73.0
0,41.69250453703855,-86.23906125750699,2025-11-09 11:00:00+00:00,2025-11-09 06:00:00-05:00,0.25,94.35679,-0.55,1.3,0.0,0.90999997,0.03,14.494192,29.16,984.84265,75.0
0,41.69250453703855,-86.23906125750699,2025-11-09 12:00:00+00:00,2025-11-09 07:00:00-05:00,0.15,95.042404,-0.55,0.8,0.0,0.56,0.04,12.601285,27.72,985.2212,73.0
0,41.69250453703855,-86.23906125750699,2025-11-09 13:00:00+00:00,2025-11-09 08:00:00-05:00,0.05,95.03842,-0.65,0.2,0.0,0.14,0.04,13.14493,24.84,985.69696,71.0
0,41.69250453703855,-86.23906125750699,2025-11-09 14:00:00+00:00,2025-11-09 09:00:00-05:00,0.35,92.32061,-0.75,0.0,0.0,0.0,0.04,12.961249,25.56,986.4082,3.0
0,41.69250453703855,-86.23906125750699,2025-11-09 15:00:00+00:00,2025-11-09 10:00:00-05:00,0.6,89.02769,-1.0,0.0,0.0,0.0,0.04,16.997375,35.28,987.0167,3.0
0,41.69250453703855,-86.23906125750699,2025-11-09 16:00:00+00:00,2025-11-09 11:00:00-05:00,0.8,86.79527,-1.15,0.0,0.0,0.0,0.04,16.22498,34.92,987.5233,3.0
0,41.69250453703855,-86.23906125750699,2025-11-09 17:00:00+00:00,2025-11-09 12:00:00-05:00,1.4,80.72912,-1.55,0.0,0.0,0.0,0.04,12.841963,33.12,987.6812,3.0
0,41.69250453703855,-86.23906125750699,2025-11-09 18:00:00+00:00,2025-11-09 13:00:00-05:00,2.2,71.3487,-2.45,0.0,0.0,0.0,0.04,15.03835,26.28,987.859,2.0
0,41.69250453703855,-86.23906125750699,2025-11-09 19:00:00+00:00,2025-11-09 14:00:00-05:00,2.3,65.03639,-3.6,0.1,0.0,0.07,0.03,17.823637,38.16,988.2582,71.0
0,41.69250453703855,-86.23906125750699,2025-11-09 20:00:00+00:00,2025-11-09 15:00:00-05:00,0.9,83.37468,-1.6,0.5,0.0,0.35,0.03,19.660416,39.6,988.79706,73.0
0,41.69250453703855,-86.23906125750699,2025-11-09 21:00:00+00:00,2025-11-09 16:00:00-05:00,0.6,85.197044,-1.6,0.3,0.0,0.21000001,0.03,21.166653,42.48,989.5444,73.0
0,41.69250453703855,-86.23906125750699,2025-11-09 22:00:00+00:00,2025-11-09 17:00:00-05:00,0.05,87.68198,-1.75,0.5,0.0,0.35,0.04,21.786694,43.92,990.0714,73.0
0,41.69250453703855,-86.23906125750699,2025-11-09 23:00:00+00:00,2025-11-09 18:00:00-05:00,-0.3,87.00397,-2.2,0.7,0.0,0.48999998,0.04,21.470612,42.839996,990.71606,73.0
0,41.69250453703855,-86.23906125750699,2025-11-10 00:00:00+00:00,2025-11-09 19:00:00-05:00,-0.4,84.14287,-2.75,1.5,0.0,1.05,0.04,24.58895,41.760002,990.90015,75.0
0,41.69250453703855,-86.23906125750699,2025-11-10 01:00:00+00:00,2025-11-09 20:00:00-05:00,-0.55,84.43776,-2.85,0.8,0.0,0.56,0.05,23.71769,47.519997,990.98206,73.0
0,41.69250453703855,-86.23906125750699,2025-11-10 02:00:00+00:00,2025-11-09 21:00:00-05:00,-1.0,86.61121,-2.95,0.8,0.0,0.56,0.05,15.256526,45.719997,990.4495,73.0
0,41.69250453703855,-86.23906125750699,2025-11-10 03:00:00+00:00,2025-11-09 22:00:00-05:00,-2.2,89.78692,-3.65,0.1,0.0,0.07,0.05,1.08,27.359999,990.2282,71.0
0,41.69250453703855,-86.23906125750699,2025-11-10 04:00:00+00:00,2025-11-09 23:00:00-05:00,-1.4,88.52554,-3.05,0.8,0.0,0.56,0.06,9.726664,16.56,990.31116,73.0
0,41.69250453703855,-86.23906125750699,2025-11-10 05:00:00+00:00,2025-11-10 00:00:00-05:00,-1.05,92.91797,-2.05,0.8,0.0,0.56,0.06,14.512064,27.0,990.3473,73.0
0,41.69250453703855,-86.23906125750699,2025-11-10 06:00:00+00:00,2025-11-10 01:00:00-05:00,-1.05,89.87896,-2.5,0.5,0.0,0.35,0.07,16.67892,36.36,989.9585,73.0
0,41.69250453703855,-86.23906125750699,2025-11-10 07:00:00+00:00,2025-11-10 02:00:00-05:00,-1.25,89.19883,-2.8,0.7,0.0,0.48999998,0.07,19.672773,37.8,990.42395,73.0
0,41.69250453703855,-86.23906125750699,2025-11-10 08:00:00+00:00,2025-11-10 03:00:00-05:00,-2.1,86.496895,-4.05,0.5,0.0,0.35,0.07,20.073833,38.519997,991.1132,73.0
0,41.69250453703855,-86.23906125750699,2025-11-10 09:00:00+00:00,2025-11-10 04:00:00-05:00,-2.65,85.79011,-4.7,0.5,0.0,0.35,0.08,18.648035,38.16,991.54193,73.0
0,41.69250453703855,-86.23906125750699,2025-11-10 10:00:00+00:00,2025-11-10 05:00:00-05:00,-3.2,83.80069,-5.55,0.3,0.0,0.21000001,0.08,16.375053,35.28,992.26154,73.0
0,41.69250453703855,-86.23906125750699,2025-11-10 11:00:00+00:00,2025-11-10 06:00:00-05:00,-4.2,81.459335,-6.9,0.0,0.0,0.0,0.08,16.03213,31.319998,993.03076,3.0
0,41.69250453703855,-86.23906125750699,2025-11-10 12:00:00+00:00,2025-11-10 07:00:00-05:00,-4.45,82.686386,-6.95,0.0,0.0,0.0,0.08,14.874796,30.599998,993.4899,3.0
0,41.69250453703855,-86.23906125750699,2025-11-10 13:00:00+00:00,2025-11-10 08:00:00-05:00,-5.65,79.998604,-8.55,0.0,0.0,0.0,0.08,13.948548,27.72,994.6249,3.0
0,41.69250453703855,-86.23906125750699,2025-11-10 14:00:00+00:00,2025-11-10 09:00:00-05:00,-5.8,74.5337,-9.6,0.0,0.0,0.0,0.08,12.710091,25.919998,995.28894,0.0
0,41.69250453703855,-86.23906125750699,2025-11-10 15:00:00+00:00,2025-11-10 10:00:00-05:00,-5.0,69.32261,-9.75,0.0,0.0,0.0,0.08,8.459999,23.759998,995.56885,0.0
0,41.69250453703855,-86.23906125750699,2025-11-10 16:00:00+00:00,2025-11-10 11:00:00-05:00,-4.15,68.6947,-9.05,0.0,0.0,0.0,0.08,7.5942082,16.199999,995.6595,0.0
0,41.69250453703855,-86.23906125750699,2025-11-10 17:00:00+00:00,2025-11-10 12:00:00-05:00,-3.25,62.978355,-9.3,0.0,0.0,0.0,0.08,7.9383874,16.56,995.2687,0.0
0,41.69250453703855,-86.23906125750699,2025-11-10 18:00:00+00:00,2025-11-10 13:00:00-05:00,-1.85,59.27102,-8.75,0.0,0.0,0.0,0.08,7.928177,16.56,994.63824,1.0
0,41.69250453703855,-86.23906125750699,2025-11-10 19:00:00+00:00,2025-11-10 14:00:00-05:00,-1.6,58.646687,-8.65,0.0,0.0,0.0,0.08,9.504273,18.72,994.0811,2.0
0,41.69250453703855,-86.23906125750699,2025-11-10 20:00:00+00:00,2025-11-10 15:00:00-05:00,-2.2,72.09713,-6.55,0.1,0.0,0.07,0.08,13.397612,26.28,993.92126,71.0
0,41.69250453703855,-86.23906125750699,2025-11-10 21:00:00+00:00,2025-11-10 16:00:00-05:00,-3.6,63.388428,-9.55,1.7,0.0,1.19,0.09,12.992458,26.28,993.67725,75.0
0,41.69250453703855,-86.23906125750699,2025-11-10 22:00:00+00:00,2025-11-10 17:00:00-05:00,-2.15,85.2024,-4.3,0.2,0.0,0.14,0.09,17.47484,35.64,993.7322,71.0
0,41.69250453703855,-86.23906125750699,2025-11-10 23:00:00+00:00,2025-11-10 18:00:00-05:00,-2.5,82.00614,-5.15,1.2,0.0,0.84000003,0.1,14.33234,32.399998,993.5984,75.0
0,41.69250453703855,-86.23906125750699,2025-11-11 00:00:00+00:00,2025-11-10 19:00:00-05:00,-2.3,83.59612,-4.7,0.2,0.0,0.14,0.09,13.4903965,30.960001,993.6194,71.0
0,41.69250453703855,-86.23906125750699,2025-11-11 01:00:00+00:00,2025-11-10 20:00:00-05:00,-0.6,80.44156,-3.55,0.1,0.0,0.07,0.09,19.070658,34.92,993.11523,71.0
0,41.69250453703855,-86.23906125750699,2025-11-11 02:00:00+00:00,2025-11-10 21:00:00-05:00,-1.35,84.97519,-3.55,0.2,0.0,0.14,0.09,15.618566,36.36,992.9407,71.0
0,41.69250453703855,-86.23906125750699,2025-11-11 03:00:00+00:00,2025-11-10 22:00:00-05:00,-0.55,85.69996,-2.65,0.2,0.0,0.14,0.09,16.144905,29.16,992.8289,71.0
0,41.69250453703855,-86.23906125750699,2025-11-11 04:00:00+00:00,2025-11-10 23:00:00-05:00,-0.05,85.75459,-2.15,0.2,0.0,0.14,0.09,14.328949,30.599998,992.29694,71.0
0,41.69250453703855,-86.23906125750699,2025-11-11 05:00:00+00:00,2025-11-11 00:00:00-05:00,-0.45,86.66785,-2.4,0.2,0.0,0.14,0.09,14.05845,26.28,991.86725,71.0
0,41.69250453703855,-86.23906125750699,2025-11-11 06:00:00+00:00,2025-11-11 01:00:00-05:00,-0.7,89.24522,-2.25,0.1,0.0,0.07,0.09,13.878688,27.359999,991.9388,71.0
0,41.69250453703855,-86.23906125750699,2025-11-11 07:00:00+00:00,2025-11-11 02:00:00-05:00,-0.9,88.57022,-2.55,0.2,0.0,0.14,0.1,15.455911,28.8,991.6263,71.0
0,41.69250453703855,-86.23906125750699,2025-11-11 08:00:00+00:00,2025-11-11 03:00:00-05:00,-1.65,88.833466,-3.25,0.0,0.0,0.0,0.1,15.509274,29.519999,991.25714,3.0
0,41.69250453703855,-86.23906125750699,2025-11-11 09:00:00+00:00,2025-11-11 04:00:00-05:00,-3.35,89.35574,-4.85,0.0,0.0,0.0,0.09,17.629896,32.760002,991.2742,3.0
0,41.69250453703855,-86.23906125750699,2025-11-11 10:00:00+00:00,2025-11-11 05:00:00-05:00,-4.85,87.53715,-6.6,0.0,0.0,0.0,0.09,16.85669,32.760002,991.2128,3.0
0,41.69250453703855,-86.23906125750699,2025-11-11 11:00:00+00:00,2025-11-11 06:00:00-05:00,-5.45,85.80813,-7.45,0.0,0.0,0.0,0.09,16.886456,30.960001,991.1491,3.0
0,41.69250453703855,-86.23906125750699,2025-11-11 12:00:00+00:00,2025-11-11 07:00:00-05:00,-4.85,82.63328,-7.35,0.0,0.0,0.0,0.1,16.42839,30.960001,990.727,3.0
0,41.69250453703855,-86.23906125750699,2025-11-11 13:00:00+00:00,2025-11-11 08:00:00-05:00,-4.7,83.93507,-7.0,0.0,0.0,0.0,0.1,15.882896,29.88,990.5485,3.0
0,41.69250453703855,-86.23906125750699,2025-11-11 14:00:00+00:00,2025-11-11 09:00:00-05:00,-4.3,84.306854,-6.55,0.0,0.0,0.0,0.1,16.928614,32.039997,990.59094,3.0
0,41.69250453703855,-86.23906125750699,2025-11-11 15:00:00+00:00,2025-11-11 10:00:00-05:00,-3.55,85.04184,-5.7,0.0,0.0,0.0,0.1,13.243156,31.68,989.8925,3.0
0,41.69250453703855,-86.23906125750699,2025-11-11 16:00:00+00:00,2025-11-11 11:00:00-05:00,-2.95,85.43348,-5.05,0.0,0.0,0.0,0.1,13.1412325,24.119999,988.8865,3.0
0,41.69250453703855,-86.23906125750699,2025-11-11 17:00:00+00:00,2025-11-11 12:00:00-05:00,-2.4,86.79105,-4.3,0.0,0.0,0.0,0.1,14.764389,26.28,987.1946,3.0
0,41.69250453703855,-86.23906125750699,2025-11-11 18:00:00+00:00,2025-11-11 13:00:00-05:00,-1.05,75.68207,-4.8,0.0,0.0,0.0,0.1,18.553974,34.92,984.90424,3.0
0,41.69250453703855,-86.23906125750699,2025-11-11 19:00:00+00:00,2025-11-11 14:00:00-05:00,-0.7,70.765465,-5.35,0.0,0.0,0.0,0.1,22.375818,43.199997,983.0935,3.0
0,41.69250453703855,-86.23906125750699,2025-11-11 20:00:00+00:00,2025-11-11 15:00:00-05:00,-0.1,71.155304,-4.7,0.0,0.0,0.0,0.1,23.97516,45.0,982.3767,3.0
0,41.69250453703855,-86.23906125750699,2025-11-11 21:00:00+00:00,2025-11-11 16:00:00-05:00,0.25,72.84838,-4.05,0.0,0.0,0.0,0.1,24.438934,46.079998,981.92633,3.0
0,41.69250453703855,-86.23906125750699,2025-11-11 22:00:00+00:00,2025-11-11 17:00:00-05:00,0.5,75.10766,-3.4,0.0,0.0,0.0,0.09,23.4256,46.079998,980.49347,3.0
0,41.69250453703855,-86.23906125750699,2025-11-11 23:00:00+00:00,2025-11-11 18:00:00-05:00,0.55,77.09967,-3.0,0.0,0.0,0.0,0.09,21.960737,43.92,980.10956,3.0
0,41.69250453703855,-86.23906125750699,2025-11-12 00:00:00+00:00,2025-11-11 19:00:00-05:00,0.5,74.828,-3.45,0.0,0.0,0.0,0.09,21.928255,41.399998,980.6879,3.0
0,41.69250453703855,-86.23906125750699,2025-11-12 01:00:00+00:00,2025-11-11 20:00:00-05:00,0.4,76.7884,-3.2,0.0,0.0,0.0,0.09,20.875343,40.68,980.6777,0.0
0,41.69250453703855,-86.23906125750699,2025-11-12 02:00:00+00:00,2025-11-11 21:00:00-05:00,0.25,78.20596,-3.1,0.0,0.0,0.0,0.09,20.719555,39.239998,980.371,1.0
0,41.69250453703855,-86.23906125750699,2025-11-12 03:00:00+00:00,2025-11-11 22:00:00-05:00,0.45,78.82084,-2.8,0.0,0.0,0.0,0.09,20.66867,38.519997,980.19653,0.0
0,41.69250453703855,-86.23906125750699,2025-11-12 04:00:00+00:00,2025-11-11 23:00:00-05:00,0.7,79.740005,-2.4,0.0,0.0,0.0,0.09,20.04476,38.519997,980.0274,0.0
0,41.69250453703855,-86.23906125750699,2025-11-12 05:00:00+00:00,2025-11-12 00:00:00-05:00,1.25,80.41146,-1.75,0.0,0.0,0.0,0.09,20.161606,36.719997,979.98553,3.0
0,41.69250453703855,-86.23906125750699,2025-11-12 06:00:00+00:00,2025-11-12 01:00:00-05:00,2.6,79.43965,-0.6,0.0,0.0,0.0,0.08,18.914566,37.8,979.9259,1.0
0,41.69250453703855,-86.23906125750699,2025-11-12 07:00:00+00:00,2025-11-12 02:00:00-05:00,2.3,82.642334,-0.35,0.0,0.0,0.0,0.08,17.134071,34.2,979.99347,2.0
0,41.69250453703855,-86.23906125750699,2025-11-12 08:00:00+00:00,2025-11-12 03:00:00-05:00,2.3,83.8522,-0.15,0.0,0.0,0.0,0.08,18.687086,33.839996,980.28516,1.0
0,41.69250453703855,-86.23906125750699,2025-11-12 09:00:00+00:00,2025-11-12 04:00:00-05:00,1.95,85.34787,-0.25,0.0,0.0,0.0,0.08,17.419127,34.2,980.3473,0.0
0,41.69250453703855,-86.23906125750699,2025-11-12 10:00:00+00:00,2025-11-12 05:00:00-05:00,2.2,85.685616,0.05,0.0,0.0,0.0,0.08,19.706507,36.0,980.7612,0.0
0,41.69250453703855,-86.23906125750699,2025-11-12 11:00:00+00:00,2025-11-12 06:00:00-05:00,2.45,86.96076,0.5,0.0,0.0,0.0,0.08,20.454369,37.44,981.3696,0.0
0,41.69250453703855,-86.23906125750699,2025-11-12 12:00:00+00:00,2025-11-12 07:00:00-05:00,3.0,87.64285,1.15,0.0,0.0,0.0,0.07,19.263363,38.16,981.716,2.0
0,41.69250453703855,-86.23906125750699,2025-11-12 13:00:00+00:00,2025-11-12 08:00:00-05:00,2.95,88.5874,1.25,0.0,0.0,0.0,0.07,19.267569,35.28,982.48895,3.0
0,41.69250453703855,-86.23906125750699,2025-11-12 14:00:00+00:00,2025-11-12 09:00:00-05:00,3.35,86.73822,1.35,0.0,0.0,0.0,0.07,19.660416,36.36,983.40375,2.0
0,41.69250453703855,-86.23906125750699,2025-11-12 15:00:00+00:00,2025-11-12 10:00:00-05:00,3.85,83.73742,1.35,0.0,0.0,0.0,0.06,21.122215,39.96,984.32855,1.0
0,41.69250453703855,-86.23906125750699,2025-11-12 16:00:00+00:00,2025-11-12 11:00:00-05:00,4.45,79.14388,1.15,0.0,0.0,0.0,0.06,21.96,42.48,984.87396,0.0
0,41.69250453703855,-86.23906125750699,2025-11-12 17:00:00+00:00,2025-11-12 12:00:00-05:00,5.1,74.02119,0.85,0.0,0.0,0.0,0.05,22.963936,45.36,985.2297,0.0
0,41.69250453703855,-86.23906125750699,2025-11-12 18:00:00+00:00,2025-11-12 13:00:00-05:00,6.8,67.25337,1.15,0.0,0.0,0.0,0.04,22.282953,45.719997,985.2984,0.0
0,41.69250453703855,-86.23906125750699,2025-11-12 19:00:00+00:00,2025-11-12 14:00:00-05:00,6.35,65.00806,0.25,0.0,0.0,0.0,0.03,19.30117,43.199997,985.74097,0.0
0,41.69250453703855,-86.23906125750699,2025-11-12 20:00:00+00:00,2025-11-12 15:00:00-05:00,6.55,63.42674,0.1,0.0,0.0,0.0,0.03,16.981165,39.239998,985.8578,0.0
0,41.69250453703855,-86.23906125750699,2025-11-12 21:00:00+00:00,2025-11-12 16:00:00-05:00,6.2,64.504654,0.0,0.0,0.0,0.0,0.02,13.684735,35.28,986.2128,0.0
0,41.69250453703855,-86.23906125750699,2025-11-12 22:00:00+00:00,2025-11-12 17:00:00-05:00,6.05,65.64989,0.1,0.0,0.0,0.0,0.02,14.297258,28.8,986.879,0.0
0,41.69250453703855,-86.23906125750699,2025-11-12 23:00:00+00:00,2025-11-12 18:00:00-05:00,4.7,71.06128,-0.1,0.0,0.0,0.0,0.01,14.2336645,25.919998,987.03845,0.0
0,41.69250453703855,-86.23906125750699,2025-11-13 00:00:00+00:00,2025-11-12 19:00:00-05:00,5.2,68.13256,-0.2,0.0,0.0,0.0,0.01,14.248452,29.16,987.37933,0.0
0,41.69250453703855,-86.23906125750699,2025-11-13 01:00:00+00:00,2025-11-12 20:00:00-05:00,4.8,72.38014,0.25,0.0,0.0,0.0,0.01,13.596852,25.56,987.7288,0.0
0,41.69250453703855,-86.23906125750699,2025-11-13 02:00:00+00:00,2025-11-12 21:00:00-05:00,4.8,73.43452,0.45,0.0,0.0,0.0,0.01,14.417988,25.56,988.11786,2.0
0,41.69250453703855,-86.23906125750699,2025-11-13 03:00:00+00:00,2025-11-12 22:00:00-05:00,5.3,69.65221,0.2,0.0,0.0,0.0,0.01,15.941944,29.16,988.6536,2.0
0,41.69250453703855,-86.23906125750699,2025-11-13 04:00:00+00:00,2025-11-12 23:00:00-05:00,5.6,68.2176,0.2,0.0,0.0,0.0,0.01,16.459913,30.599998,989.1692,2.0
1,41.57765409999999,-86.3839043,2025-11-09 05:00:00+00:00,2025-11-09 00:00:00-05:00,1.3,99.641815,1.25,1.9,0.5,0.97999996,0.02,19.857191,32.760002,983.6124,75.0
1,41.57765409999999,-86.3839043,2025-11-09 06:00:00+00:00,2025-11-09 01:00:00-05:00,0.9,98.92537,0.75,1.0,0.5,0.35,0.02,20.111729,36.36,983.3778,73.0
1,41.57765409999999,-86.3839043,2025-11-09 07:00:00+00:00,2025-11-09 02:00:00-05:00,0.95,98.57003,0.75,0.5,0.19999999,0.21000001,0.02,18.610641,38.519997,983.18823,73.0
1,41.57765409999999,-86.3839043,2025-11-09 08:00:00+00:00,2025-11-09 03:00:00-05:00,0.95,97.86187,0.65,0.8,0.100000024,0.48999998,0.02,18.335276,34.92,983.18823,73.0
1,41.57765409999999,-86.3839043,2025-11-09 09:00:00+00:00,2025-11-09 04:00:00-05:00,0.8,96.10645,0.25,1.4,0.100000024,0.90999997,0.03,19.267569,34.56,983.1734,75.0
1,41.57765409999999,-86.3839043,2025-11-09 10:00:00+00:00,2025-11-09 05:00:00-05:00,0.5,96.796455,0.05,1.4,0.0,0.97999996,0.03,17.31746,34.56,984.01794,75.0
1,41.57765409999999,-86.3839043,2025-11-09 11:00:00+00:00,2025-11-09 06:00:00-05:00,0.3,95.39471,-0.35,1.6,0.0,1.12,0.04,16.24394,31.319998,984.77576,75.0
1,41.57765409999999,-86.3839043,2025-11-09 12:00:00+00:00,2025-11-09 07:00:00-05:00,0.1,95.3873,-0.55,1.1,0.0,0.77,0.05,15.048042,29.88,985.3385,73.0
1,41.57765409999999,-86.3839043,2025-11-09 13:00:00+00:00,2025-11-09 08:00:00-05:00,0.1,93.66406,-0.8,0.1,0.0,0.07,0.05,14.830076,27.72,985.8246,71.0
1,41.57765409999999,-86.3839043,2025-11-09 14:00:00+00:00,2025-11-09 09:00:00-05:00,0.25,92.65217,-0.8,0.0,0.0,0.0,0.05,14.087228,27.0,986.61755,3.0
1,41.57765409999999,-86.3839043,2025-11-09 15:00:00+00:00,2025-11-09 10:00:00-05:00,0.75,89.692825,-0.75,0.0,0.0,0.0,0.05,14.634343,28.8,987.15436,3.0
1,41.57765409999999,-86.3839043,2025-11-09 16:00:00+00:00,2025-11-09 11:00:00-05:00,1.2,84.02551,-1.2,0.0,0.0,0.0,0.05,14.584445,28.8,987.686,3.0
1,41.57765409999999,-86.3839043,2025-11-09 17:00:00+00:00,2025-11-09 12:00:00-05:00,1.3,82.81553,-1.3,0.0,0.0,0.0,0.05,13.864674,28.08,987.9879,3.0
1,41.57765409999999,-86.3839043,2025-11-09 18:00:00+00:00,2025-11-09 13:00:00-05:00,1.95,79.633064,-1.2,0.0,0.0,0.0,0.05,12.791403,27.359999,988.1505,2.0
1,41.57765409999999,-86.3839043,2025-11-09 19:00:00+00:00,2025-11-09 14:00:00-05:00,1.85,75.62465,-2.0,0.2,0.0,0.14,0.04,16.029099,30.960001,988.7237,71.0
1,41.57765409999999,-86.3839043,2025-11-09 20:00:00+00:00,2025-11-09 15:00:00-05:00,0.65,90.0128,-0.8,0.8,0.0,0.56,0.05,20.924952,42.48,989.3806,73.0
1,41.57765409999999,-86.3839043,2025-11-09 21:00:00+00:00,2025-11-09 16:00:00-05:00,0.45,87.39886,-1.4,0.9,0.0,0.63,0.05,24.11261,48.239998,990.1383,73.0
1,41.57765409999999,-86.3839043,2025-11-09 22:00:00+00:00,2025-11-09 17:00:00-05:00,-0.15,88.96349,-1.75,1.5,0.0,1.05,0.06,26.475302,50.399998,990.75757,75.0
1,41.57765409999999,-86.3839043,2025-11-09 23:00:00+00:00,2025-11-09 18:00:00-05:00,-0.35,91.26699,-1.6,1.7,0.0,1.19,0.07,26.626009,49.68,991.3204,75.0
1,41.57765409999999,-86.3839043,2025-11-10 00:00:00+00:00,2025-11-09 19:00:00-05:00,-0.7,85.36607,-2.85,1.9,0.0,1.3299999,0.06,24.734123,48.96,991.7705,75.0
1,41.57765409999999,-86.3839043,2025-11-10 01:00:00+00:00,2025-11-09 20:00:00-05:00,-0.7,87.935135,-2.45,1.1,0.0,0.77,0.07,22.916622,45.719997,991.6732,73.0
1,41.57765409999999,-86.3839043,2025-11-10 02:00:00+00:00,2025-11-09 21:00:00-05:00,-1.35,87.22237,-3.2,0.9,0.0,0.63,0.07,21.637466,42.12,991.4121,73.0
1,41.57765409999999,-86.3839043,2025-11-10 03:00:00+00:00,2025-11-09 22:00:00-05:00,-1.4,88.52554,-3.05,0.5,0.0,0.35,0.08,22.832344,43.199997,990.8238,73.0
1,41.57765409999999,-86.3839043,2025-11-10 04:00:00+00:00,2025-11-09 23:00:00-05:00,-1.5,92.89246,-2.5,0.2,0.0,0.14,0.08,5.6233797,41.399998,990.2302,71.0
1,41.57765409999999,-86.3839043,2025-11-10 05:00:00+00:00,2025-11-10 00:00:00-05:00,-1.45,92.8953,-2.45,0.4,0.0,0.28,0.08,10.766949,19.08,990.13806,73.0
1,41.57765409999999,-86.3839043,2025-11-10 06:00:00+00:00,2025-11-10 01:00:00-05:00,-2.3,95.65162,-2.9,0.6,0.0,0.42000002,0.09,1.0495713,28.44,989.7588,73.0
1,41.57765409999999,-86.3839043,2025-11-10 07:00:00+00:00,2025-11-10 02:00:00-05:00,-2.15,94.24691,-2.95,1.2,0.0,0.84000003,0.09,13.70839,21.96,990.1632,75.0
1,41.57765409999999,-86.3839043,2025-11-10 08:00:00+00:00,2025-11-10 03:00:00-05:00,-1.65,90.16584,-3.05,0.8,0.0,0.56,0.1,22.609177,41.399998,990.70074,73.0
1,41.57765409999999,-86.3839043,2025-11-10 09:00:00+00:00,2025-11-10 04:00:00-05:00,-2.5,87.76483,-4.25,0.4,0.0,0.28,0.1,23.424908,44.639996,991.19586,73.0
1,41.57765409999999,-86.3839043,2025-11-10 10:00:00+00:00,2025-11-10 05:00:00-05:00,-3.15,86.71378,-5.05,0.6,0.0,0.42000002,0.1,21.824583,42.839996,992.00287,73.0
1,41.57765409999999,-86.3839043,2025-11-10 11:00:00+00:00,2025-11-10 06:00:00-05:00,-3.7,82.78533,-6.2,0.1,0.0,0.07,0.1,19.881649,39.6,992.72284,71.0
1,41.57765409999999,-86.3839043,2025-11-10 12:00:00+00:00,2025-11-10 07:00:00-05:00,-4.25,85.940445,-6.25,0.0,0.0,0.0,0.11,16.67795,37.079998,993.4424,3.0
1,41.57765409999999,-86.3839043,2025-11-10 13:00:00+00:00,2025-11-10 08:00:00-05:00,-5.25,82.57993,-7.75,0.0,0.0,0.0,0.11,15.94804,30.239998,994.697,3.0
1,41.57765409999999,-86.3839043,2025-11-10 14:00:00+00:00,2025-11-10 09:00:00-05:00,-5.9,78.41359,-9.05,0.0,0.0,0.0,0.11,13.971757,28.44,995.50183,0.0
1,41.57765409999999,-86.3839043,2025-11-10 15:00:00+00:00,2025-11-10 10:00:00-05:00,-5.4,76.97875,-8.8,0.0,0.0,0.0,0.11,11.966953,24.84,995.847,0.0
1,41.57765409999999,-86.3839043,2025-11-10 16:00:00+00:00,2025-11-10 11:00:00-05:00,-4.6,70.781685,-9.1,0.0,0.0,0.0,0.11,7.486788,20.880001,995.932,0.0
1,41.57765409999999,-86.3839043,2025-11-10 17:00:00+00:00,2025-11-10 12:00:00-05:00,-3.75,65.11773,-9.35,0.0,0.0,0.0,0.11,5.896202,15.84,995.73016,0.0
1,41.57765409999999,-86.3839043,2025-11-10 18:00:00+00:00,2025-11-10 13:00:00-05:00,-2.2,58.9484,-9.15,0.0,0.0,0.0,0.11,7.9567327,13.679999,995.11505,3.0
1,41.57765409999999,-86.3839043,2025-11-10 19:00:00+00:00,2025-11-10 14:00:00-05:00,-2.05,65.01156,-7.75,0.0,0.0,0.0,0.11,12.371645,24.84,994.74194,2.0
1,41.57765409999999,-86.3839043,2025-11-10 20:00:00+00:00,2025-11-10 15:00:00-05:00,-2.0,79.032074,-5.15,0.1,0.0,0.07,0.11,13.519186,27.0,994.5525,71.0
1,41.57765409999999,-86.3839043,2025-11-10 21:00:00+00:00,2025-11-10 16:00:00-05:00,-2.55,78.34808,-5.8,0.6,0.0,0.42000002,0.11,14.713831,30.599998,994.2039,73.0
1,41.57765409999999,-86.3839043,2025-11-10 22:00:00+00:00,2025-11-10 17:00:00-05:00,-1.5,81.52692,-4.25,0.1,0.0,0.07,0.11,18.581894,33.839996,994.21564,71.0
1,41.57765409999999,-86.3839043,2025-11-10 23:00:00+00:00,2025-11-10 18:00:00-05:00,-2.65,83.868744,-5.0,0.2,0.0,0.14,0.11,15.379206,33.48,994.1933,71.0
1,41.57765409999999,-86.3839043,2025-11-11 00:00:00+00:00,2025-11-10 19:00:00-05:00,-3.45,73.25095,-7.55,1.2,0.0,0.84000003,0.13,14.113653,32.039997,994.01245,75.0
1,41.57765409999999,-86.3839043,2025-11-11 01:00:00+00:00,2025-11-10 20:00:00-05:00,-1.8,82.41041,-4.4,1.3,0.0,0.90999997,0.14,19.93048,35.28,993.7959,75.0
1,41.57765409999999,-86.3839043,2025-11-11 02:00:00+00:00,2025-11-10 21:00:00-05:00,-2.3,86.15167,-4.3,0.1,0.0,0.07,0.14,16.415567,35.64,993.4523,71.0
1,41.57765409999999,-86.3839043,2025-11-11 03:00:00+00:00,2025-11-10 22:00:00-05:00,-1.7,85.573166,-3.8,0.1,0.0,0.07,0.14,16.743872,29.519999,993.3202,71.0
1,41.57765409999999,-86.3839043,2025-11-11 04:00:00+00:00,2025-11-10 23:00:00-05:00,-2.15,86.49166,-4.1,0.1,0.0,0.07,0.14,15.503006,29.88,992.98193,71.0
1,41.57765409999999,-86.3839043,2025-11-11 05:00:00+00:00,2025-11-11 00:00:00-05:00,-2.75,87.08259,-4.6,0.0,0.0,0.0,0.14,18.172869,32.399998,992.72504,3.0
1,41.57765409999999,-86.3839043,2025-11-11 06:00:00+00:00,2025-11-11 01:00:00-05:00,-3.05,86.070984,-5.05,0.1,0.0,0.07,0.14,19.879206,32.760002,992.5965,71.0
1,41.57765409999999,-86.3839043,2025-11-11 07:00:00+00:00,2025-11-11 02:00:00-05:00,-4.2,85.945915,-6.2,0.0,0.0,0.0,0.14,19.41415,35.28,992.3787,1.0
1,41.57765409999999,-86.3839043,2025-11-11 08:00:00+00:00,2025-11-11 03:00:00-05:00,-5.05,85.52282,-7.1,0.0,0.0,0.0,0.14,17.183167,34.2,991.9976,2.0
1,41.57765409999999,-86.3839043,2025-11-11 09:00:00+00:00,2025-11-11 04:00:00-05:00,-6.0,83.44771,-8.35,0.0,0.0,0.0,0.14,16.048288,30.960001,991.89636,3.0
1,41.57765409999999,-86.3839043,2025-11-11 10:00:00+00:00,2025-11-11 05:00:00-05:00,-6.95,85.30601,-9.0,0.0,0.0,0.0,0.14,15.536408,28.08,991.7948,3.0
1,41.57765409999999,-86.3839043,2025-11-11 11:00:00+00:00,2025-11-11 06:00:00-05:00,-6.2,85.06095,-8.3,0.0,0.0,0.0,0.14,16.03213,28.08,991.77795,3.0
1,41.57765409999999,-86.3839043,2025-11-11 12:00:00+00:00,2025-11-11 07:00:00-05:00,-5.45,85.47756,-7.5,0.0,0.0,0.0,0.13,15.528064,28.44,991.17773,3.0
1,41.57765409999999,-86.3839043,2025-11-11 13:00:00+00:00,2025-11-11 08:00:00-05:00,-5.1,85.51717,-7.15,0.0,0.0,0.0,0.13,16.037182,28.08,991.1177,3.0
1,41.57765409999999,-86.3839043,2025-11-11 14:00:00+00:00,2025-11-11 09:00:00-05:00,-4.25,83.99071,-6.55,0.0,0.0,0.0,0.13,17.46,31.319998,991.01294,3.0
1,41.57765409999999,-86.3839043,2025-11-11 15:00:00+00:00,2025-11-11 10:00:00-05:00,-3.4,84.09505,-5.7,0.0,0.0,0.0,0.13,15.651722,31.319998,990.22754,3.0
1,41.57765409999999,-86.3839043,2025-11-11 16:00:00+00:00,2025-11-11 11:00:00-05:00,-2.7,84.18023,-5.0,0.0,0.0,0.0,0.13,15.379206,27.72,989.23145,3.0
1,41.57765409999999,-86.3839043,2025-11-11 17:00:00+00:00,2025-11-11 12:00:00-05:00,-2.3,82.96784,-4.8,0.0,0.0,0.0,0.13,18.568813,32.399998,987.5233,3.0
1,41.57765409999999,-86.3839043,2025-11-11 18:00:00+00:00,2025-11-11 13:00:00-05:00,-0.9,75.99422,-4.6,0.0,0.0,0.0,0.12,20.368652,39.239998,985.1399,3.0
1,41.57765409999999,-86.3839043,2025-11-11 19:00:00+00:00,2025-11-11 14:00:00-05:00,-0.3,76.098076,-4.0,0.0,0.0,0.0,0.12,22.758436,39.96,983.3538,3.0
1,41.57765409999999,-86.3839043,2025-11-11 20:00:00+00:00,2025-11-11 15:00:00-05:00,0.15,70.40586,-4.6,0.0,0.0,0.0,0.12,23.736124,45.36,982.71875,3.0
1,41.57765409999999,-86.3839043,2025-11-11 21:00:00+00:00,2025-11-11 16:00:00-05:00,0.35,73.966866,-3.75,0.0,0.0,0.0,0.12,23.871555,43.92,982.2528,3.0
1,41.57765409999999,-86.3839043,2025-11-11 22:00:00+00:00,2025-11-11 17:00:00-05:00,0.6,76.2527,-3.1,0.0,0.0,0.0,0.12,24.472057,46.079998,980.7222,3.0
1,41.57765409999999,-86.3839043,2025-11-11 23:00:00+00:00,2025-11-11 18:00:00-05:00,0.55,77.963715,-2.85,0.0,0.0,0.0,0.12,22.934288,44.639996,980.42566,3.0
1,41.57765409999999,-86.3839043,2025-11-12 00:00:00+00:00,2025-11-11 19:00:00-05:00,0.35,75.92625,-3.4,0.0,0.0,0.0,0.12,23.040703,41.399998,980.9889,3.0
1,41.57765409999999,-86.3839043,2025-11-12 01:00:00+00:00,2025-11-11 20:00:00-05:00,0.3,77.63412,-3.15,0.0,0.0,0.0,0.12,22.277134,40.68,980.984,1.0
1,41.57765409999999,-86.3839043,2025-11-12 02:00:00+00:00,2025-11-11 21:00:00-05:00,0.3,78.50524,-3.0,0.0,0.0,0.0,0.12,21.457026,39.96,980.78955,0.0
1,41.57765409999999,-86.3839043,2025-11-12 03:00:00+00:00,2025-11-11 22:00:00-05:00,0.45,79.40777,-2.7,0.0,0.0,0.0,0.12,21.767351,38.88,980.70746,0.0
1,41.57765409999999,-86.3839043,2025-11-12 04:00:00+00:00,2025-11-11 23:00:00-05:00,0.7,80.629166,-2.25,0.0,0.0,0.0,0.11,21.011482,38.88,980.53796,0.0
1,41.57765409999999,-86.3839043,2025-11-12 05:00:00+00:00,2025-11-12 00:00:00-05:00,1.1,81.58197,-1.7,0.0,0.0,0.0,0.11,20.858265,37.079998,980.6753,1.0
1,41.57765409999999,-86.3839043,2025-11-12 06:00:00+00:00,2025-11-12 01:00:00-05:00,1.95,80.80714,-1.0,0.0,0.0,0.0,0.11,19.523985,37.44,980.5658,0.0
1,41.57765409999999,-86.3839043,2025-11-12 07:00:00+00:00,2025-11-12 02:00:00-05:00,1.7,83.17001,-0.85,0.0,0.0,0.0,0.11,17.54977,33.48,980.5408,1.0
1,41.57765409999999,-86.3839043,2025-11-12 08:00:00+00:00,2025-11-12 03:00:00-05:00,1.65,85.00429,-0.6,0.0,0.0,0.0,0.11,17.71423,31.68,980.9248,1.0
1,41.57765409999999,-86.3839043,2025-11-12 09:00:00+00:00,2025-11-12 04:00:00-05:00,1.55,86.24085,-0.5,0.0,0.0,0.0,0.11,17.515581,30.960001,980.9149,0.0
1,41.57765409999999,-86.3839043,2025-11-12 10:00:00+00:00,2025-11-12 05:00:00-05:00,1.9,86.90594,-0.05,0.0,0.0,0.0,0.11,19.639805,34.56,981.43567,0.0
1,41.57765409999999,-86.3839043,2025-11-12 11:00:00+00:00,2025-11-12 06:00:00-05:00,2.1,87.24122,0.2,0.0,0.0,0.0,0.11,20.096418,35.64,981.942,0.0
1,41.57765409999999,-86.3839043,2025-11-12 12:00:00+00:00,2025-11-12 07:00:00-05:00,2.6,86.97565,0.65,0.0,0.0,0.0,0.11,19.440834,36.719997,982.3808,2.0
1,41.57765409999999,-86.3839043,2025-11-12 13:00:00+00:00,2025-11-12 08:00:00-05:00,2.45,87.90736,0.65,0.0,0.0,0.0,0.1,19.44,34.2,983.1436,3.0
1,41.57765409999999,-86.3839043,2025-11-12 14:00:00+00:00,2025-11-12 09:00:00-05:00,2.7,86.6726,0.7,0.0,0.0,0.0,0.1,19.987295,35.64,984.1411,3.0
1,41.57765409999999,-86.3839043,2025-11-12 15:00:00+00:00,2025-11-12 10:00:00-05:00,3.0,84.544464,0.65,0.0,0.0,0.0,0.1,21.426804,38.88,985.0462,1.0
1,41.57765409999999,-86.3839043,2025-11-12 16:00:00+00:00,2025-11-12 11:00:00-05:00,3.55,80.73963,0.55,0.0,0.0,0.0,0.09,21.897945,39.96,985.58673,0.0
1,41.57765409999999,-86.3839043,2025-11-12 17:00:00+00:00,2025-11-12 12:00:00-05:00,4.1,76.56349,0.35,0.0,0.0,0.0,0.08,23.272963,42.48,985.93286,0.0
1,41.57765409999999,-86.3839043,2025-11-12 18:00:00+00:00,2025-11-12 13:00:00-05:00,5.4,70.68721,0.5,0.0,0.0,0.0,0.07,21.438896,42.839996,986.0605,0.0
1,41.57765409999999,-86.3839043,2025-11-12 19:00:00+00:00,2025-11-12 14:00:00-05:00,4.9,70.077034,-0.1,0.0,0.0,0.0,0.07,18.561832,38.519997,986.40045,0.0
1,41.57765409999999,-86.3839043,2025-11-12 20:00:00+00:00,2025-11-12 15:00:00-05:00,4.7,70.80382,-0.15,0.0,0.0,0.0,0.06,14.917212,34.56,986.3809,0.0
1,41.57765409999999,-86.3839043,2025-11-12 21:00:00+00:00,2025-11-12 16:00:00-05:00,4.05,74.63845,-0.05,0.0,0.0,0.0,0.05,12.601285,27.72,986.70593,0.0
1,41.57765409999999,-86.3839043,2025-11-12 22:00:00+00:00,2025-11-12 17:00:00-05:00,3.2,78.383194,-0.2,0.0,0.0,0.0,0.05,12.872201,23.039999,987.10834,0.0
1,41.57765409999999,-86.3839043,2025-11-12 23:00:00+00:00,2025-11-12 18:00:00-05:00,2.9,79.19608,-0.35,0.0,0.0,0.0,0.05,13.910169,23.759998,987.3702,0.0
1,41.57765409999999,-86.3839043,2025-11-13 00:00:00+00:00,2025-11-12 19:00:00-05:00,3.5,76.46314,-0.25,0.0,0.0,0.0,0.05,15.048042,25.199999,987.81866,0.0
1,41.57765409999999,-86.3839043,2025-11-13 01:00:00+00:00,2025-11-12 20:00:00-05:00,3.1,77.51712,-0.45,0.0,0.0,0.0,0.05,14.917212,25.56,988.07086,0.0
1,41.57765409999999,-86.3839043,2025-11-13 02:00:00+00:00,2025-11-12 21:00:00-05:00,3.0,78.92386,-0.3,0.0,0.0,0.0,0.05,14.33347,25.919998,988.5472,2.0
1,41.57765409999999,-86.3839043,2025-11-13 03:00:00+00:00,2025-11-12 22:00:00-05:00,2.9,80.06423,-0.2,0.0,0.0,0.0,0.04,14.05845,24.84,989.12067,2.0
1,41.57765409999999,-86.3839043,2025-11-13 04:00:00+00:00,2025-11-12 23:00:00-05:00,3.05,78.9315,-0.25,0.0,0.0,0.0,0.04,14.05845,24.48,989.5246,3.0
2,41.57765409999999,-86.11974784947634,2025-11-09 05:00:00+00:00,2025-11-09 00:00:00-05:00,1.25,99.64168,1.2,1.8,0.5,0.90999997,0.01,18.201374,28.8,980.05817,75.0
2,41.57765409999999,-86.11974784947634,2025-11-09 06:00:00+00:00,2025-11-09 01:00:00-05:00,0.75,98.5677,0.55,1.1,0.40000004,0.48999998,0.02,20.241,33.839996,979.8075,73.0
2,41.57765409999999,-86.11974784947634,2025-11-09 07:00:00+00:00,2025-11-09 02:00:00-05:00,0.9,98.21465,0.65,0.5,0.099999994,0.28,0.02,19.09358,36.0,979.534,73.0
2,41.57765409999999,-86.11974784947634,2025-11-09 08:00:00+00:00,2025-11-09 03:00:00-05:00,0.8,98.9245,0.65,0.7,0.099999964,0.42000002,0.02,19.016214,32.039997,979.52277,73.0
2,41.57765409999999,-86.11974784947634,2025-11-09 09:00:00+00:00,2025-11-09 04:00:00-05:00,0.5,97.500374,0.15,1.4,0.100000024,0.90999997,0.02,17.238699,28.8,979.3916,75.0
2,41.57765409999999,-86.11974784947634,2025-11-09 10:00:00+00:00,2025-11-09 05:00:00-05:00,0.35,95.74387,-0.25,1.4,0.0,0.97999996,0.03,18.98552,33.839996,979.9559,75.0
2,41.57765409999999,-86.11974784947634,2025-11-09 11:00:00+00:00,2025-11-09 06:00:00-05:00,0.05,94.69252,-0.7,1.4,0.0,0.97999996,0.04,16.818203,32.760002,980.89014,75.0
2,41.57765409999999,-86.11974784947634,2025-11-09 12:00:00+00:00,2025-11-09 07:00:00-05:00,-0.1,94.34096,-0.9,1.6,0.0,1.12,0.06,16.5688,29.16,981.3575,75.0
2,41.57765409999999,-86.11974784947634,2025-11-09 13:00:00+00:00,2025-11-09 08:00:00-05:00,-0.15,95.03044,-0.85,0.2,0.0,0.14,0.06,15.489416,28.44,981.8359,71.0
2,41.57765409999999,-86.11974784947634,2025-11-09 14:00:00+00:00,2025-11-09 09:00:00-05:00,0.0,95.03643,-0.7,0.1,0.0,0.07,0.06,15.639297,26.64,982.5312,71.0
2,41.57765409999999,-86.11974784947634,2025-11-09 15:00:00+00:00,2025-11-09 10:00:00-05:00,0.35,92.65798,-0.7,0.0,0.0,0.0,0.06,16.940096,29.519999,983.1523,3.0
2,41.57765409999999,-86.11974784947634,2025-11-09 16:00:00+00:00,2025-11-09 11:00:00-05:00,0.45,90.65738,-0.9,0.0,0.0,0.0,0.06,15.328561,30.239998,983.74493,3.0
2,41.57765409999999,-86.11974784947634,2025-11-09 17:00:00+00:00,2025-11-09 12:00:00-05:00,0.65,87.41825,-1.2,0.0,0.0,0.0,0.06,15.496736,29.88,984.05853,3.0
2,41.57765409999999,-86.11974784947634,2025-11-09 18:00:00+00:00,2025-11-09 13:00:00-05:00,1.45,82.834785,-1.15,0.0,0.0,0.0,0.06,13.719023,27.72,984.1494,2.0
2,41.57765409999999,-86.11974784947634,2025-11-09 19:00:00+00:00,2025-11-09 14:00:00-05:00,1.5,76.972015,-2.1,0.0,0.0,0.0,0.05,12.320471,23.4,984.63934,2.0
2,41.57765409999999,-86.11974784947634,2025-11-09 20:00:00+00:00,2025-11-09 15:00:00-05:00,1.15,78.6383,-2.15,0.0,0.0,0.0,0.05,16.80857,27.359999,985.08405,3.0
2,41.57765409999999,-86.11974784947634,2025-11-09 21:00:00+00:00,2025-11-09 16:00:00-05:00,0.35,87.71049,-1.45,0.1,0.0,0.07,0.05,22.151703,38.16,985.7676,71.0
2,41.57765409999999,-86.11974784947634,2025-11-09 22:00:00+00:00,2025-11-09 17:00:00-05:00,-0.15,89.291306,-1.7,0.2,0.0,0.14,0.05,22.21305,38.88,986.485,71.0
2,41.57765409999999,-86.11974784947634,2025-11-09 23:00:00+00:00,2025-11-09 18:00:00-05:00,-0.55,90.25061,-1.95,0.4,0.0,0.28,0.05,22.075516,38.88,987.02,73.0
2,41.57765409999999,-86.11974784947634,2025-11-10 00:00:00+00:00,2025-11-09 19:00:00-05:00,-0.75,85.04396,-2.95,0.8,0.0,0.56,0.05,23.516708,38.519997,987.48126,73.0
2,41.57765409999999,-86.11974784947634,2025-11-10 01:00:00+00:00,2025-11-09 20:00:00-05:00,-0.9,86.94365,-2.8,0.6,0.0,0.42000002,0.05,22.702845,40.32,987.5607,73.0
2,41.57765409999999,-86.11974784947634,2025-11-10 02:00:00+00:00,2025-11-09 21:00:00-05:00,-1.25,87.23226,-3.1,0.2,0.0,0.14,0.05,19.656296,39.239998,987.42334,71.0
2,41.57765409999999,-86.11974784947634,2025-11-10 03:00:00+00:00,2025-11-09 22:00:00-05:00,-1.45,88.85093,-3.05,0.1,0.0,0.07,0.06,15.301059,33.48,987.01276,71.0
2,41.57765409999999,-86.11974784947634,2025-11-10 04:00:00+00:00,2025-11-09 23:00:00-05:00,-1.65,91.85624,-2.8,0.3,0.0,0.21000001,0.06,3.7585104,25.56,986.6989,73.0
2,41.57765409999999,-86.11974784947634,2025-11-10 05:00:00+00:00,2025-11-10 00:00:00-05:00,-1.6,92.88677,-2.6,0.4,0.0,0.28,0.06,5.7204895,9.0,986.608,73.0
2,41.57765409999999,-86.11974784947634,2025-11-10 06:00:00+00:00,2025-11-10 01:00:00-05:00,-2.6,93.17692,-3.55,0.5,0.0,0.35,0.07,7.8480825,23.4,986.49133,73.0
2,41.57765409999999,-86.11974784947634,2025-11-10 07:00:00+00:00,2025-11-10 02:00:00-05:00,-2.6,92.48333,-3.65,1.5,0.0,1.05,0.08,5.1575575,12.24,986.685,75.0
2,41.57765409999999,-86.11974784947634,2025-11-10 08:00:00+00:00,2025-11-10 03:00:00-05:00,-1.8,90.82777,-3.1,0.8,0.0,0.56,0.08,20.327251,33.12,987.26245,73.0
2,41.57765409999999,-86.11974784947634,2025-11-10 09:00:00+00:00,2025-11-10 04:00:00-05:00,-2.65,88.74552,-4.25,0.4,0.0,0.28,0.09,20.929594,37.079998,987.64734,73.0
2,41.57765409999999,-86.11974784947634,2025-11-10 10:00:00+00:00,2025-11-10 05:00:00-05:00,-3.2,86.381134,-5.15,0.4,0.0,0.28,0.09,19.576189,35.64,988.2604,73.0
2,41.57765409999999,-86.11974784947634,2025-11-10 11:00:00+00:00,2025-11-10 06:00:00-05:00,-3.9,84.03379,-6.2,0.0,0.0,0.0,0.09,18.917133,33.12,988.9521,3.0
2,41.57765409999999,-86.11974784947634,2025-11-10 12:00:00+00:00,2025-11-10 07:00:00-05:00,-4.3,84.95478,-6.45,0.0,0.0,0.0,0.08,16.965895,32.760002,989.4854,3.0
2,41.57765409999999,-86.11974784947634,2025-11-10 13:00:00+00:00,2025-11-10 08:00:00-05:00,-5.35,82.24742,-7.9,0.0,0.0,0.0,0.08,16.418526,28.8,990.61847,3.0
2,41.57765409999999,-86.11974784947634,2025-11-10 14:00:00+00:00,2025-11-10 09:00:00-05:00,-5.9,78.72087,-9.0,0.0,0.0,0.0,0.08,13.619471,27.359999,991.32654,1.0
2,41.57765409999999,-86.11974784947634,2025-11-10 15:00:00+00:00,2025-11-10 10:00:00-05:00,-5.45,74.01614,-9.35,0.0,0.0,0.0,0.08,12.800265,23.4,991.7678,0.0
2,41.57765409999999,-86.11974784947634,2025-11-10 16:00:00+00:00,2025-11-10 11:00:00-05:00,-4.6,70.229614,-9.2,0.0,0.0,0.0,0.08,9.96524,21.599998,991.87006,0.0
2,41.57765409999999,-86.11974784947634,2025-11-10 17:00:00+00:00,2025-11-10 12:00:00-05:00,-3.9,72.03755,-8.2,0.0,0.0,0.0,0.08,8.669949,17.64,991.6629,0.0
2,41.57765409999999,-86.11974784947634,2025-11-10 18:00:00+00:00,2025-11-10 13:00:00-05:00,-2.55,67.459045,-7.75,0.0,0.0,0.0,0.08,9.4238205,15.84,990.9511,1.0
2,41.57765409999999,-86.11974784947634,2025-11-10 19:00:00+00:00,2025-11-10 14:00:00-05:00,-2.4,70.41593,-7.05,0.0,0.0,0.0,0.08,11.304229,19.08,990.4848,2.0
2,41.57765409999999,-86.11974784947634,2025-11-10 20:00:00+00:00,2025-11-10 15:00:00-05:00,-2.5,74.85121,-6.35,0.0,0.0,0.0,0.08,16.036171,27.0,990.27924,3.0
2,41.57765409999999,-86.11974784947634,2025-11-10 21:00:00+00:00,2025-11-10 16:00:00-05:00,-2.9,84.15595,-5.2,0.1,0.0,0.07,0.08,15.96327,29.88,990.03845,71.0
2,41.57765409999999,-86.11974784947634,2025-11-10 22:00:00+00:00,2025-11-10 17:00:00-05:00,-2.9,80.40867,-5.8,1.0,0.0,0.7,0.09,19.59356,30.599998,989.8448,73.0
2,41.57765409999999,-86.11974784947634,2025-11-10 23:00:00+00:00,2025-11-10 18:00:00-05:00,-2.7,71.99805,-7.05,0.9,0.0,0.63,0.09,19.73854,36.0,989.96533,73.0
2,41.57765409999999,-86.11974784947634,2025-11-11 00:00:00+00:00,2025-11-10 19:00:00-05:00,-3.65,75.50991,-7.35,1.1,0.0,0.77,0.1,10.158444,33.12,990.24023,73.0
2,41.57765409999999,-86.11974784947634,2025-11-11 01:00:00+00:00,2025-11-10 20:00:00-05:00,-4.0,59.173485,-10.8,2.0,0.0,1.4,0.11,12.638512,19.44,989.42426,75.0
2,41.57765409999999,-86.11974784947634,2025-11-11 02:00:00+00:00,2025-11-10 21:00:00-05:00,-2.5,85.1625,-4.65,0.2,0.1,0.07,0.11,19.03665,31.319998,989.3109,71.0
2,41.57765409999999,-86.11974784947634,2025-11-11 03:00:00+00:00,2025-11-10 22:00:00-05:00,-2.15,84.5642,-4.4,0.6,0.0,0.42000002,0.12,15.849201,31.68,989.1583,73.0
2,41.57765409999999,-86.11974784947634,2025-11-11 04:00:00+00:00,2025-11-10 23:00:00-05:00,-1.9,89.14363,-3.45,0.4,0.0,0.28,0.12,15.328561,27.0,988.8972,73.0
2,41.57765409999999,-86.11974784947634,2025-11-11 05:00:00+00:00,2025-11-11 00:00:00-05:00,-2.45,88.09969,-4.15,0.2,0.0,0.14,0.12,18.741621,30.239998,988.54224,71.0
2,41.57765409999999,-86.11974784947634,2025-11-11 06:00:00+00:00,2025-11-11 01:00:00-05:00,-2.85,88.06236,-4.55,0.1,0.0,0.07,0.12,21.639713,34.92,988.5919,71.0
2,41.57765409999999,-86.11974784947634,2025-11-11 07:00:00+00:00,2025-11-11 02:00:00-05:00,-3.55,87.66385,-5.3,0.1,0.0,0.07,0.12,20.476532,35.64,988.31573,71.0
2,41.57765409999999,-86.11974784947634,2025-11-11 08:00:00+00:00,2025-11-11 03:00:00-05:00,-4.35,86.92009,-6.2,0.0,0.0,0.0,0.12,19.18246,33.839996,987.93066,1.0
2,41.57765409999999,-86.11974784947634,2025-11-11 09:00:00+00:00,2025-11-11 04:00:00-05:00,-5.8,84.450455,-8.0,0.0,0.0,0.0,0.12,19.488274,32.399998,987.8543,3.0
2,41.57765409999999,-86.11974784947634,2025-11-11 10:00:00+00:00,2025-11-11 05:00:00-05:00,-6.6,83.37063,-8.95,0.0,0.0,0.0,0.12,17.727943,31.68,987.85455,3.0
2,41.57765409999999,-86.11974784947634,2025-11-11 11:00:00+00:00,2025-11-11 06:00:00-05:00,-6.6,84.35331,-8.8,0.0,0.0,0.0,0.12,16.825909,29.16,987.75775,3.0
2,41.57765409999999,-86.11974784947634,2025-11-11 12:00:00+00:00,2025-11-11 07:00:00-05:00,-5.8,85.10755,-7.9,0.0,0.0,0.0,0.11,16.179987,28.08,987.37036,3.0
2,41.57765409999999,-86.11974784947634,2025-11-11 13:00:00+00:00,2025-11-11 08:00:00-05:00,-5.3,85.49457,-7.35,0.0,0.0,0.0,0.11,16.704155,27.359999,987.2365,3.0
2,41.57765409999999,-86.11974784947634,2025-11-11 14:00:00+00:00,2025-11-11 09:00:00-05:00,-4.6,84.91974,-6.75,0.0,0.0,0.0,0.11,18.899143,31.68,987.2234,3.0
2,41.57765409999999,-86.11974784947634,2025-11-11 15:00:00+00:00,2025-11-11 10:00:00-05:00,-3.65,84.3853,-5.9,0.0,0.0,0.0,0.11,18.491003,32.039997,986.658,3.0
2,41.57765409999999,-86.11974784947634,2025-11-11 16:00:00+00:00,2025-11-11 11:00:00-05:00,-2.8,83.53341,-5.2,0.0,0.0,0.0,0.11,18.762356,32.039997,985.69305,3.0
2,41.57765409999999,-86.11974784947634,2025-11-11 17:00:00+00:00,2025-11-11 12:00:00-05:00,-2.55,84.51678,-4.8,0.0,0.0,0.0,0.11,21.1896,36.36,984.0762,3.0
2,41.57765409999999,-86.11974784947634,2025-11-11 18:00:00+00:00,2025-11-11 13:00:00-05:00,-1.65,77.02166,-5.15,0.0,0.0,0.0,0.11,25.331442,39.6,981.85693,3.0
2,41.57765409999999,-86.11974784947634,2025-11-11 19:00:00+00:00,2025-11-11 14:00:00-05:00,-0.95,75.69964,-4.7,0.0,0.0,0.0,0.1,27.433912,45.36,980.0008,3.0
2,41.57765409999999,-86.11974784947634,2025-11-11 20:00:00+00:00,2025-11-11 15:00:00-05:00,-0.4,74.94674,-4.3,0.0,0.0,0.0,0.1,26.01794,45.719997,979.1923,3.0
2,41.57765409999999,-86.11974784947634,2025-11-11 21:00:00+00:00,2025-11-11 16:00:00-05:00,-0.1,74.71989,-4.05,0.0,0.0,0.0,0.1,26.117373,45.0,978.93604,3.0
2,41.57765409999999,-86.11974784947634,2025-11-11 22:00:00+00:00,2025-11-11 17:00:00-05:00,0.0,77.29624,-3.5,0.0,0.0,0.0,0.1,26.64608,45.719997,977.30084,3.0
2,41.57765409999999,-86.11974784947634,2025-11-11 23:00:00+00:00,2025-11-11 18:00:00-05:00,0.15,77.8994,-3.25,0.0,0.0,0.0,0.1,25.17234,45.0,976.8335,3.0
2,41.57765409999999,-86.11974784947634,2025-11-12 00:00:00+00:00,2025-11-11 19:00:00-05:00,0.3,75.634796,-3.5,0.0,0.0,0.0,0.1,23.950823,42.12,977.52875,3.0
2,41.57765409999999,-86.11974784947634,2025-11-12 01:00:00+00:00,2025-11-11 20:00:00-05:00,0.15,77.32098,-3.35,0.0,0.0,0.0,0.1,23.419376,39.96,977.31775,3.0
2,41.57765409999999,-86.11974784947634,2025-11-12 02:00:00+00:00,2025-11-11 21:00:00-05:00,0.2,78.198,-3.15,0.0,0.0,0.0,0.1,22.860708,39.239998,977.1299,0.0
2,41.57765409999999,-86.11974784947634,2025-11-12 03:00:00+00:00,2025-11-11 22:00:00-05:00,0.3,78.79755,-2.95,0.0,0.0,0.0,0.1,23.464987,38.88,976.8507,0.0
2,41.57765409999999,-86.11974784947634,2025-11-12 04:00:00+00:00,2025-11-11 23:00:00-05:00,0.5,79.71016,-2.6,0.0,0.0,0.0,0.09,23.197662,39.239998,976.7763,0.0
2,41.57765409999999,-86.11974784947634,2025-11-12 05:00:00+00:00,2025-11-12 00:00:00-05:00,0.75,81.23379,-2.1,0.0,0.0,0.0,0.09,23.000591,38.519997,976.8046,0.0
2,41.57765409999999,-86.11974784947634,2025-11-12 06:00:00+00:00,2025-11-12 01:00:00-05:00,1.45,80.73623,-1.5,0.0,0.0,0.0,0.09,21.04461,38.519997,976.69006,1.0
2,41.57765409999999,-86.11974784947634,2025-11-12 07:00:00+00:00,2025-11-12 02:00:00-05:00,1.45,83.44319,-1.05,0.0,0.0,0.0,0.09,19.189215,34.56,976.7869,2.0
2,41.57765409999999,-86.11974784947634,2025-11-12 08:00:00+00:00,2025-11-12 03:00:00-05:00,1.55,84.99294,-0.7,0.0,0.0,0.0,0.09,19.930477,32.760002,977.0889,1.0
2,41.57765409999999,-86.11974784947634,2025-11-12 09:00:00+00:00,2025-11-12 04:00:00-05:00,1.2,86.83566,-0.75,0.0,0.0,0.0,0.09,18.720001,33.12,977.1465,0.0
2,41.57765409999999,-86.11974784947634,2025-11-12 10:00:00+00:00,2025-11-12 05:00:00-05:00,1.4,87.17268,-0.5,0.0,0.0,0.0,0.09,20.83806,34.2,977.5564,0.0
2,41.57765409999999,-86.11974784947634,2025-11-12 11:00:00+00:00,2025-11-12 06:00:00-05:00,1.7,88.47715,0.0,0.0,0.0,0.0,0.09,20.803045,34.56,978.0743,0.0
2,41.57765409999999,-86.11974784947634,2025-11-12 12:00:00+00:00,2025-11-12 07:00:00-05:00,2.2,87.88417,0.4,0.0,0.0,0.0,0.09,19.110542,34.56,978.42145,2.0
2,41.57765409999999,-86.11974784947634,2025-11-12 13:00:00+00:00,2025-11-12 08:00:00-05:00,2.2,88.841606,0.55,0.0,0.0,0.0,0.09,19.313757,32.039997,979.19653,2.0
2,41.57765409999999,-86.11974784947634,2025-11-12 14:00:00+00:00,2025-11-12 09:00:00-05:00,2.35,88.8545,0.7,0.0,0.0,0.0,0.09,20.045568,33.48,980.0851,2.0
2,41.57765409999999,-86.11974784947634,2025-11-12 15:00:00+00:00,2025-11-12 10:00:00-05:00,2.7,86.985565,0.75,0.0,0.0,0.0,0.08,21.791899,36.719997,980.9964,2.0
2,41.57765409999999,-86.11974784947634,2025-11-12 16:00:00+00:00,2025-11-12 11:00:00-05:00,3.1,83.94858,0.65,0.0,0.0,0.0,0.08,22.199188,37.44,981.5256,0.0
2,41.57765409999999,-86.11974784947634,2025-11-12 17:00:00+00:00,2025-11-12 12:00:00-05:00,3.7,79.31656,0.45,0.0,0.0,0.0,0.07,22.963936,38.88,981.8832,0.0
2,41.57765409999999,-86.11974784947634,2025-11-12 18:00:00+00:00,2025-11-12 13:00:00-05:00,4.9,73.188255,0.5,0.0,0.0,0.0,0.06,23.695824,41.039997,981.8224,0.0
2,41.57765409999999,-86.11974784947634,2025-11-12 19:00:00+00:00,2025-11-12 14:00:00-05:00,4.45,72.57618,-0.05,0.0,0.0,0.0,0.06,21.780743,40.68,982.2574,0.0
2,41.57765409999999,-86.11974784947634,2025-11-12 20:00:00+00:00,2025-11-12 15:00:00-05:00,4.4,71.78047,-0.25,0.0,0.0,0.0,0.05,18.582766,37.8,982.4456,0.0
2,41.57765409999999,-86.11974784947634,2025-11-12 21:00:00+00:00,2025-11-12 16:00:00-05:00,3.8,74.865425,-0.25,0.0,0.0,0.0,0.04,14.018059,32.399998,982.8633,0.0
2,41.57765409999999,-86.11974784947634,2025-11-12 22:00:00+00:00,2025-11-12 17:00:00-05:00,2.85,79.18853,-0.4,0.0,0.0,0.0,0.04,13.433838,24.48,983.33875,0.0
2,41.57765409999999,-86.11974784947634,2025-11-12 23:00:00+00:00,2025-11-12 18:00:00-05:00,2.45,79.707375,-0.7,0.0,0.0,0.0,0.04,14.101021,23.4,983.5844,0.0
2,41.57765409999999,-86.11974784947634,2025-11-13 00:00:00+00:00,2025-11-12 19:00:00-05:00,3.05,77.50905,-0.5,0.0,0.0,0.0,0.04,14.561099,24.84,984.03925,0.0
2,41.57765409999999,-86.11974784947634,2025-11-13 01:00:00+00:00,2025-11-12 20:00:00-05:00,2.75,78.02775,-0.7,0.0,0.0,0.0,0.04,13.822546,24.119999,984.2962,0.0
2,41.57765409999999,-86.11974784947634,2025-11-13 02:00:00+00:00,2025-11-12 21:00:00-05:00,2.75,78.88558,-0.55,0.0,0.0,0.0,0.04,15.009236,24.84,984.6837,1.0
2,41.57765409999999,-86.11974784947634,2025-11-13 03:00:00+00:00,2025-11-12 22:00:00-05:00,2.65,80.3195,-0.4,0.0,0.0,0.0,0.04,14.799459,25.199999,985.15686,2.0
2,41.57765409999999,-86.11974784947634,2025-11-13 04:00:00+00:00,2025-11-12 23:00:00-05:00,2.6,80.60505,-0.4,0.0,0.0,0.0,0.04,14.401124,24.84,985.63574,2.0
3,41.7751178,-86.3839043,2025-11-09 05:00:00+00:00,2025-11-09 00:00:00-05:00,1.45,99.64226,1.4,1.7,0.6,0.77,0.01,16.176983,27.359999,982.2644,73.0
3,41.7751178,-86.3839043,2025-11-09 06:00:00+00:00,2025-11-09 01:00:00-05:00,0.95,98.215385,0.7,0.8,0.4,0.28,0.01,17.95765,32.399998,982.01685,73.0
3,41.7751178,-86.3839043,2025-11-09 07:00:00+00:00,2025-11-09 02:00:00-05:00,1.05,97.5115,0.7,0.3,0.20000002,0.07,0.01,18.731247,35.28,981.6391,71.0
3,41.7751178,-86.3839043,2025-11-09 08:00:00+00:00,2025-11-09 03:00:00-05:00,0.95,97.86187,0.65,0.3,0.10000001,0.14,0.01,15.159589,33.839996,981.82275,71.0
3,41.7751178,-86.3839043,2025-11-09 09:00:00+00:00,2025-11-09 04:00:00-05:00,0.75,96.10489,0.2,0.9,0.099999964,0.56,0.01,15.697197,28.44,981.801,73.0
3,41.7751178,-86.3839043,2025-11-09 10:00:00+00:00,2025-11-09 05:00:00-05:00,0.55,94.71374,-0.2,0.8,0.0,0.56,0.02,15.767219,30.599998,982.4586,73.0
3,41.7751178,-86.3839043,2025-11-09 11:00:00+00:00,2025-11-09 06:00:00-05:00,0.2,95.044395,-0.5,0.7,0.0,0.48999998,0.02,13.009903,28.44,983.1971,73.0
3,41.7751178,-86.3839043,2025-11-09 12:00:00+00:00,2025-11-09 07:00:00-05:00,-0.05,96.07968,-0.6,0.2,0.0,0.14,0.03,13.1412325,25.56,983.5583,71.0
3,41.7751178,-86.3839043,2025-11-09 13:00:00+00:00,2025-11-09 08:00:00-05:00,0.1,93.66406,-0.8,0.1,0.0,0.07,0.03,13.218668,24.48,984.0598,71.0
3,41.7751178,-86.3839043,2025-11-09 14:00:00+00:00,2025-11-09 09:00:00-05:00,0.2,92.31149,-0.9,0.0,0.0,0.0,0.03,12.882267,25.199999,984.7496,3.0
3,41.7751178,-86.3839043,2025-11-09 15:00:00+00:00,2025-11-09 10:00:00-05:00,0.8,87.753075,-1.0,0.0,0.0,0.0,0.03,16.084589,31.319998,985.29956,3.0
3,41.7751178,-86.3839043,2025-11-09 16:00:00+00:00,2025-11-09 11:00:00-05:00,1.35,81.91611,-1.4,0.0,0.0,0.0,0.03,15.095336,31.68,985.74713,3.0
3,41.7751178,-86.3839043,2025-11-09 17:00:00+00:00,2025-11-09 12:00:00-05:00,1.5,78.98283,-1.75,0.0,0.0,0.0,0.03,11.53265,29.88,986.0543,3.0
3,41.7751178,-86.3839043,2025-11-09 18:00:00+00:00,2025-11-09 13:00:00-05:00,2.7,70.66167,-2.1,0.0,0.0,0.0,0.03,16.42839,24.48,986.1826,2.0
3,41.7751178,-86.3839043,2025-11-09 19:00:00+00:00,2025-11-09 14:00:00-05:00,1.75,72.057175,-2.75,0.1,0.0,0.07,0.03,21.511318,41.760002,986.7607,71.0
3,41.7751178,-86.3839043,2025-11-09 20:00:00+00:00,2025-11-09 15:00:00-05:00,1.0,82.473274,-1.65,0.6,0.0,0.42000002,0.03,23.464296,43.56,987.2621,73.0
3,41.7751178,-86.3839043,2025-11-09 21:00:00+00:00,2025-11-09 16:00:00-05:00,0.6,86.45735,-1.4,0.6,0.0,0.42000002,0.03,22.589102,46.44,987.898,73.0
3,41.7751178,-86.3839043,2025-11-09 22:00:00+00:00,2025-11-09 17:00:00-05:00,0.15,85.77636,-1.95,0.9,0.0,0.63,0.03,22.961115,45.719997,988.43146,73.0
3,41.7751178,-86.3839043,2025-11-09 23:00:00+00:00,2025-11-09 18:00:00-05:00,-0.35,86.03956,-2.4,0.9,0.0,0.63,0.04,22.493519,43.56,989.1531,73.0
3,41.7751178,-86.3839043,2025-11-10 00:00:00+00:00,2025-11-09 19:00:00-05:00,-0.1,84.49089,-2.4,1.6,0.0,1.12,0.04,26.263351,42.12,989.4716,75.0
3,41.7751178,-86.3839043,2025-11-10 01:00:00+00:00,2025-11-09 20:00:00-05:00,-0.5,85.07249,-2.7,0.6,0.0,0.42000002,0.05,26.24854,48.96,989.1366,73.0
3,41.7751178,-86.3839043,2025-11-10 02:00:00+00:00,2025-11-09 21:00:00-05:00,-0.95,88.894424,-2.55,0.9,0.0,0.63,0.05,17.065859,49.32,988.31116,73.0
3,41.7751178,-86.3839043,2025-11-10 03:00:00+00:00,2025-11-09 22:00:00-05:00,-2.65,92.13512,-3.75,0.5,0.0,0.35,0.05,5.3939967,29.16,988.31775,73.0
3,41.7751178,-86.3839043,2025-11-10 04:00:00+00:00,2025-11-09 23:00:00-05:00,-1.35,93.590164,-2.25,0.6,0.0,0.42000002,0.06,13.783817,24.48,988.4613,73.0
3,41.7751178,-86.3839043,2025-11-10 05:00:00+00:00,2025-11-10 00:00:00-05:00,-1.1,93.948616,-1.95,1.2,0.0,0.84000003,0.07,15.697197,28.44,988.58575,75.0
3,41.7751178,-86.3839043,2025-11-10 06:00:00+00:00,2025-11-10 01:00:00-05:00,-0.8,90.23144,-2.2,0.9,0.0,0.63,0.07,22.537409,36.719997,988.1337,73.0
3,41.7751178,-86.3839043,2025-11-10 07:00:00+00:00,2025-11-10 02:00:00-05:00,-1.5,86.88293,-3.4,0.3,0.0,0.21000001,0.07,23.116512,43.56,988.5419,73.0
3,41.7751178,-86.3839043,2025-11-10 08:00:00+00:00,2025-11-10 03:00:00-05:00,-2.2,85.517525,-4.3,0.4,0.0,0.28,0.08,21.79487,42.839996,989.33765,73.0
3,41.7751178,-86.3839043,2025-11-10 09:00:00+00:00,2025-11-10 04:00:00-05:00,-2.7,85.46156,-4.8,0.4,0.0,0.28,0.08,20.35274,39.96,989.86414,73.0
3,41.7751178,-86.3839043,2025-11-10 10:00:00+00:00,2025-11-10 05:00:00-05:00,-3.4,83.77583,-5.75,0.2,0.0,0.14,0.08,18.727787,37.44,990.5621,71.0
3,41.7751178,-86.3839043,2025-11-10 11:00:00+00:00,2025-11-10 06:00:00-05:00,-4.65,82.97856,-7.1,0.0,0.0,0.0,0.08,17.04021,34.2,991.2944,1.0
3,41.7751178,-86.3839043,2025-11-10 12:00:00+00:00,2025-11-10 07:00:00-05:00,-5.1,84.86109,-7.25,0.0,0.0,0.0,0.08,15.342294,30.960001,991.922,3.0
3,41.7751178,-86.3839043,2025-11-10 13:00:00+00:00,2025-11-10 08:00:00-05:00,-6.15,81.18207,-8.85,0.0,0.0,0.0,0.08,14.206323,27.359999,992.86914,1.0
3,41.7751178,-86.3839043,2025-11-10 14:00:00+00:00,2025-11-10 09:00:00-05:00,-6.15,76.24849,-9.65,0.0,0.0,0.0,0.08,11.672275,25.199999,993.6449,0.0
3,41.7751178,-86.3839043,2025-11-10 15:00:00+00:00,2025-11-10 10:00:00-05:00,-5.3,73.178955,-9.35,0.0,0.0,0.0,0.08,7.841888,21.24,993.83887,0.0
3,41.7751178,-86.3839043,2025-11-10 16:00:00+00:00,2025-11-10 11:00:00-05:00,-4.1,64.52504,-9.8,0.0,0.0,0.0,0.08,7.029225,15.4800005,993.87787,0.0
3,41.7751178,-86.3839043,2025-11-10 17:00:00+00:00,2025-11-10 12:00:00-05:00,-3.15,63.49822,-9.1,0.0,0.0,0.0,0.08,5.95906,15.4800005,993.49963,0.0
3,41.7751178,-86.3839043,2025-11-10 18:00:00+00:00,2025-11-10 13:00:00-05:00,-1.45,55.346485,-9.25,0.0,0.0,0.0,0.08,7.729527,16.919998,992.816,2.0
3,41.7751178,-86.3839043,2025-11-10 19:00:00+00:00,2025-11-10 14:00:00-05:00,-1.85,60.909714,-8.4,0.0,0.0,0.0,0.08,9.085988,19.08,992.3835,3.0
3,41.7751178,-86.3839043,2025-11-10 20:00:00+00:00,2025-11-10 15:00:00-05:00,-2.7,63.855976,-8.6,1.1,0.0,0.77,0.09,10.081606,20.519999,992.1921,73.0
3,41.7751178,-86.3839043,2025-11-10 21:00:00+00:00,2025-11-10 16:00:00-05:00,-2.15,84.88276,-4.35,1.5,0.0,1.05,0.1,13.729647,28.44,991.9623,75.0
3,41.7751178,-86.3839043,2025-11-10 22:00:00+00:00,2025-11-10 17:00:00-05:00,-2.0,82.07396,-4.65,0.7,0.0,0.48999998,0.1,12.642357,33.48,991.88184,73.0
3,41.7751178,-86.3839043,2025-11-10 23:00:00+00:00,2025-11-10 18:00:00-05:00,-1.4,81.23526,-4.2,0.2,0.0,0.14,0.1,14.330079,31.319998,991.6575,71.0
3,41.7751178,-86.3839043,2025-11-11 00:00:00+00:00,2025-11-10 19:00:00-05:00,-1.25,81.256325,-4.05,0.2,0.0,0.14,0.09,13.849477,30.599998,991.67365,71.0
3,41.7751178,-86.3839043,2025-11-11 01:00:00+00:00,2025-11-10 20:00:00-05:00,-0.55,78.959755,-3.75,0.1,0.0,0.07,0.09,18.442753,34.2,991.36273,71.0
3,41.7751178,-86.3839043,2025-11-11 02:00:00+00:00,2025-11-10 21:00:00-05:00,-0.95,84.076485,-3.3,0.2,0.0,0.14,0.09,16.084589,33.48,991.02765,71.0
3,41.7751178,-86.3839043,2025-11-11 03:00:00+00:00,2025-11-10 22:00:00-05:00,-0.25,84.160904,-2.6,0.2,0.0,0.14,0.09,17.604149,32.760002,990.9104,71.0
3,41.7751178,-86.3839043,2025-11-11 04:00:00+00:00,2025-11-10 23:00:00-05:00,0.05,84.508545,-2.25,0.2,0.0,0.14,0.09,14.982228,31.319998,990.458,71.0
3,41.7751178,-86.3839043,2025-11-11 05:00:00+00:00,2025-11-11 00:00:00-05:00,-0.1,84.17891,-2.45,0.1,0.0,0.07,0.09,15.91041,28.08,990.0538,71.0
3,41.7751178,-86.3839043,2025-11-11 06:00:00+00:00,2025-11-11 01:00:00-05:00,0.05,86.40014,-1.95,0.2,0.0,0.14,0.09,15.111424,28.8,989.9729,71.0
3,41.7751178,-86.3839043,2025-11-11 07:00:00+00:00,2025-11-11 02:00:00-05:00,0.2,84.21483,-2.15,0.1,0.0,0.07,0.09,15.669307,28.8,989.69806,71.0
3,41.7751178,-86.3839043,2025-11-11 08:00:00+00:00,2025-11-11 03:00:00-05:00,-0.7,86.321556,-2.7,0.0,0.0,0.0,0.09,13.948548,28.44,989.3088,3.0
3,41.7751178,-86.3839043,2025-11-11 09:00:00+00:00,2025-11-11 04:00:00-05:00,-2.15,88.78962,-3.75,0.0,0.0,0.0,0.09,16.610792,29.88,989.2462,3.0
3,41.7751178,-86.3839043,2025-11-11 10:00:00+00:00,2025-11-11 05:00:00-05:00,-3.65,89.669106,-5.1,0.0,0.0,0.0,0.09,16.237955,29.88,989.1761,3.0
3,41.7751178,-86.3839043,2025-11-11 11:00:00+00:00,2025-11-11 06:00:00-05:00,-4.25,88.60268,-5.85,0.0,0.0,0.0,0.09,16.595179,29.88,989.1089,3.0
3,41.7751178,-86.3839043,2025-11-11 12:00:00+00:00,2025-11-11 07:00:00-05:00,-4.35,84.948944,-6.5,0.0,0.0,0.0,0.09,16.293728,29.88,988.7097,3.0
3,41.7751178,-86.3839043,2025-11-11 13:00:00+00:00,2025-11-11 08:00:00-05:00,-4.8,84.57067,-7.0,0.0,0.0,0.0,0.09,15.951087,28.8,988.4649,3.0
3,41.7751178,-86.3839043,2025-11-11 14:00:00+00:00,2025-11-11 09:00:00-05:00,-4.25,84.63621,-6.45,0.0,0.0,0.0,0.09,16.204998,31.319998,988.527,3.0
3,41.7751178,-86.3839043,2025-11-11 15:00:00+00:00,2025-11-11 10:00:00-05:00,-3.55,86.344,-5.5,0.0,0.0,0.0,0.09,12.872201,30.239998,987.8296,3.0
3,41.7751178,-86.3839043,2025-11-11 16:00:00+00:00,2025-11-11 11:00:00-05:00,-2.95,86.08178,-4.95,0.0,0.0,0.0,0.09,14.357185,26.28,986.7324,3.0
3,41.7751178,-86.3839043,2025-11-11 17:00:00+00:00,2025-11-11 12:00:00-05:00,-2.4,86.79105,-4.3,0.0,0.0,0.0,0.09,16.388899,28.8,984.9505,3.0
3,41.7751178,-86.3839043,2025-11-11 18:00:00+00:00,2025-11-11 13:00:00-05:00,-0.95,78.602066,-4.2,0.0,0.0,0.0,0.09,19.64063,37.8,982.6842,3.0
3,41.7751178,-86.3839043,2025-11-11 19:00:00+00:00,2025-11-11 14:00:00-05:00,-0.7,73.77175,-4.8,0.0,0.0,0.0,0.09,22.840149,43.56,980.9651,3.0
3,41.7751178,-86.3839043,2025-11-11 20:00:00+00:00,2025-11-11 15:00:00-05:00,-0.1,71.9642,-4.55,0.0,0.0,0.0,0.09,25.448841,45.0,980.25415,3.0
3,41.7751178,-86.3839043,2025-11-11 21:00:00+00:00,2025-11-11 16:00:00-05:00,0.25,74.50389,-3.75,0.0,0.0,0.0,0.09,26.208395,46.8,979.61255,3.0
3,41.7751178,-86.3839043,2025-11-11 22:00:00+00:00,2025-11-11 17:00:00-05:00,0.4,76.7884,-3.2,0.0,0.0,0.0,0.09,24.555325,47.519997,978.4643,3.0
3,41.7751178,-86.3839043,2025-11-11 23:00:00+00:00,2025-11-11 18:00:00-05:00,0.55,79.129135,-2.65,0.0,0.0,0.0,0.09,22.565422,44.639996,978.0921,3.0
3,41.7751178,-86.3839043,2025-11-12 00:00:00+00:00,2025-11-11 19:00:00-05:00,0.3,77.63412,-3.15,0.0,0.0,0.0,0.08,21.824583,41.039997,978.64746,3.0
3,41.7751178,-86.3839043,2025-11-12 01:00:00+00:00,2025-11-11 20:00:00-05:00,0.25,78.78977,-3.0,0.0,0.0,0.0,0.08,21.142147,39.239998,978.6423,0.0
3,41.7751178,-86.3839043,2025-11-12 02:00:00+00:00,2025-11-11 21:00:00-05:00,0.0,79.932014,-3.05,0.0,0.0,0.0,0.08,20.150354,37.8,978.32434,1.0
3,41.7751178,-86.3839043,2025-11-12 03:00:00+00:00,2025-11-11 22:00:00-05:00,0.25,80.26628,-2.75,0.0,0.0,0.0,0.08,20.172853,36.0,978.1571,0.0
3,41.7751178,-86.3839043,2025-11-12 04:00:00+00:00,2025-11-11 23:00:00-05:00,0.95,79.77724,-2.15,0.0,0.0,0.0,0.08,19.726225,36.0,978.0383,0.0
3,41.7751178,-86.3839043,2025-11-12 05:00:00+00:00,2025-11-12 00:00:00-05:00,1.85,80.79298,-1.1,0.0,0.0,0.0,0.08,20.896288,37.079998,978.03705,3.0
3,41.7751178,-86.3839043,2025-11-12 06:00:00+00:00,2025-11-12 01:00:00-05:00,3.05,80.668976,0.05,0.0,0.0,0.0,0.08,19.699928,37.8,977.9699,1.0
3,41.7751178,-86.3839043,2025-11-12 07:00:00+00:00,2025-11-12 02:00:00-05:00,2.7,83.29524,0.15,0.0,0.0,0.0,0.08,17.381887,34.56,977.9329,3.0
3,41.7751178,-86.3839043,2025-11-12 08:00:00+00:00,2025-11-12 03:00:00-05:00,2.55,84.1868,0.15,0.0,0.0,0.0,0.07,19.41081,34.56,978.40247,1.0
3,41.7751178,-86.3839043,2025-11-12 09:00:00+00:00,2025-11-12 04:00:00-05:00,2.1,85.986046,0.0,0.0,0.0,0.0,0.07,17.71789,34.56,978.3547,0.0
3,41.7751178,-86.3839043,2025-11-12 10:00:00+00:00,2025-11-12 05:00:00-05:00,2.55,86.657394,0.55,0.0,0.0,0.0,0.07,20.345573,36.36,978.88776,0.0
3,41.7751178,-86.3839043,2025-11-12 11:00:00+00:00,2025-11-12 06:00:00-05:00,2.95,87.95355,1.15,0.0,0.0,0.0,0.07,20.81239,37.44,979.4153,0.0
3,41.7751178,-86.3839043,2025-11-12 12:00:00+00:00,2025-11-12 07:00:00-05:00,3.4,88.94413,1.75,0.0,0.0,0.0,0.06,19.08,37.44,979.851,3.0
3,41.7751178,-86.3839043,2025-11-12 13:00:00+00:00,2025-11-12 08:00:00-05:00,3.35,88.93988,1.7,0.0,0.0,0.0,0.06,18.921415,33.839996,980.6223,3.0
3,41.7751178,-86.3839043,2025-11-12 14:00:00+00:00,2025-11-12 09:00:00-05:00,3.9,86.17563,1.8,0.0,0.0,0.0,0.05,19.523155,35.64,981.5537,2.0
3,41.7751178,-86.3839043,2025-11-12 15:00:00+00:00,2025-11-12 10:00:00-05:00,4.6,81.467606,1.7,0.0,0.0,0.0,0.05,21.434364,40.32,982.598,1.0
3,41.7751178,-86.3839043,2025-11-12 16:00:00+00:00,2025-11-12 11:00:00-05:00,5.15,76.46301,1.35,0.0,0.0,0.0,0.04,23.138927,43.56,983.14075,0.0
3,41.7751178,-86.3839043,2025-11-12 17:00:00+00:00,2025-11-12 12:00:00-05:00,5.65,72.28121,1.05,0.0,0.0,0.0,0.03,24.098497,46.44,983.58105,0.0
3,41.7751178,-86.3839043,2025-11-12 18:00:00+00:00,2025-11-12 13:00:00-05:00,7.75,63.706676,1.3,0.0,0.0,0.0,0.03,24.541468,46.8,983.7009,0.0
3,41.7751178,-86.3839043,2025-11-12 19:00:00+00:00,2025-11-12 14:00:00-05:00,6.9,62.370678,0.2,0.0,0.0,0.0,0.02,20.008356,43.199997,984.002,0.0
3,41.7751178,-86.3839043,2025-11-12 20:00:00+00:00,2025-11-12 15:00:00-05:00,9.1,51.419106,-0.4,0.0,0.0,0.0,0.01,21.897945,45.719997,984.22736,0.0
3,41.7751178,-86.3839043,2025-11-12 21:00:00+00:00,2025-11-12 16:00:00-05:00,8.95,51.753086,-0.45,0.0,0.0,0.0,0.01,18.561832,40.68,984.6003,0.0
3,41.7751178,-86.3839043,2025-11-12 22:00:00+00:00,2025-11-12 17:00:00-05:00,7.7,55.515293,-0.65,0.0,0.0,0.0,0.01,16.5688,33.48,985.05554,0.0
3,41.7751178,-86.3839043,2025-11-12 23:00:00+00:00,2025-11-12 18:00:00-05:00,6.7,61.42474,-0.2,0.0,0.0,0.0,0.01,17.194475,30.239998,985.2437,0.0
3,41.7751178,-86.3839043,2025-11-13 00:00:00+00:00,2025-11-12 19:00:00-05:00,6.95,61.041187,-0.05,0.0,0.0,0.0,0.01,16.09969,36.36,985.6579,0.0
3,41.7751178,-86.3839043,2025-11-13 01:00:00+00:00,2025-11-12 20:00:00-05:00,6.5,65.98844,0.6,0.0,0.0,0.0,0.0,15.784676,28.8,985.90265,0.0
3,41.7751178,-86.3839043,2025-11-13 02:00:00+00:00,2025-11-12 21:00:00-05:00,6.85,63.0395,0.3,0.0,0.0,0.0,0.0,18.33616,32.399998,986.32733,2.0
3,41.7751178,-86.3839043,2025-11-13 03:00:00+00:00,2025-11-12 22:00:00-05:00,7.15,60.429535,0.0,0.0,0.0,0.0,0.0,20.378988,37.079998,986.8436,3.0
3,41.7751178,-86.3839043,2025-11-13 04:00:00+00:00,2025-11-12 23:00:00-05:00,6.9,62.823696,0.3,0.0,0.0,0.0,0.0,20.232191,37.44,987.40045,3.0
4,41.7751178,-86.11974784947634,2025-11-09 05:00:00+00:00,2025-11-09 00:00:00-05:00,1.45,98.93018,1.3,1.5,0.5,0.7,0.01,16.802786,27.359999,981.1472,73.0
4,41.7751178,-86.11974784947634,2025-11-09 06:00:00+00:00,2025-11-09 01:00:00-05:00,0.9,98.56945,0.7,0.9,0.39999998,0.35,0.01,17.085785,30.599998,980.8919,73.0
4,41.7751178,-86.11974784947634,2025-11-09 07:00:00+00:00,2025-11-09 02:00:00-05:00,0.95,97.50948,0.6,0.3,0.10000001,0.14,0.01,18.335276,34.56,980.5098,71.0
4,41.7751178,-86.11974784947634,2025-11-09 08:00:00+00:00,2025-11-09 03:00:00-05:00,0.95,94.388245,0.15,0.3,0.10000001,0.14,0.01,16.554129,33.12,980.5098,71.0
4,41.7751178,-86.11974784947634,2025-11-09 09:00:00+00:00,2025-11-09 04:00:00-05:00,0.7,94.03511,-0.15,0.9,0.099999964,0.56,0.02,16.925743,30.239998,980.482,73.0
4,41.7751178,-86.11974784947634,2025-11-09 10:00:00+00:00,2025-11-09 05:00:00-05:00,0.3,93.67415,-0.6,1.1,0.0,0.77,0.02,16.213993,31.319998,980.92175,73.0
4,41.7751178,-86.11974784947634,2025-11-09 11:00:00+00:00,2025-11-09 06:00:00-05:00,0.0,94.34549,-0.8,1.0,0.0,0.7,0.03,13.902014,29.88,981.66327,73.0
4,41.7751178,-86.11974784947634,2025-11-09 12:00:00+00:00,2025-11-09 07:00:00-05:00,0.1,94.35001,-0.7,0.6,0.0,0.42000002,0.04,12.961249,25.199999,982.1589,73.0
4,41.7751178,-86.11974784947634,2025-11-09 13:00:00+00:00,2025-11-09 08:00:00-05:00,0.1,94.69466,-0.65,0.2,0.0,0.14,0.04,12.979984,24.119999,982.5466,71.0
4,41.7751178,-86.11974784947634,2025-11-09 14:00:00+00:00,2025-11-09 09:00:00-05:00,0.1,94.00648,-0.75,0.0,0.0,0.0,0.04,13.943901,27.0,983.22485,3.0
4,41.7751178,-86.11974784947634,2025-11-09 15:00:00+00:00,2025-11-09 10:00:00-05:00,0.5,89.01916,-1.1,0.0,0.0,0.0,0.04,16.263872,32.399998,983.8513,3.0
4,41.7751178,-86.11974784947634,2025-11-09 16:00:00+00:00,2025-11-09 11:00:00-05:00,0.7,85.83595,-1.4,0.0,0.0,0.0,0.04,17.283749,33.48,984.3585,3.0
4,41.7751178,-86.11974784947634,2025-11-09 17:00:00+00:00,2025-11-09 12:00:00-05:00,1.2,80.10882,-1.85,0.0,0.0,0.0,0.04,14.05845,33.12,984.6086,3.0
4,41.7751178,-86.11974784947634,2025-11-09 18:00:00+00:00,2025-11-09 13:00:00-05:00,2.15,70.812355,-2.6,0.0,0.0,0.0,0.03,15.506141,27.359999,984.71436,2.0
4,41.7751178,-86.11974784947634,2025-11-09 19:00:00+00:00,2025-11-09 14:00:00-05:00,2.2,64.52875,-3.8,0.0,0.0,0.0,0.03,15.898188,32.399998,985.01074,2.0
4,41.7751178,-86.11974784947634,2025-11-09 20:00:00+00:00,2025-11-09 15:00:00-05:00,1.6,70.70134,-3.15,0.0,0.0,0.0,0.03,14.565548,32.760002,985.3317,3.0
4,41.7751178,-86.11974784947634,2025-11-09 21:00:00+00:00,2025-11-09 16:00:00-05:00,1.1,78.92133,-2.15,0.1,0.0,0.07,0.03,15.2501545,29.519999,985.9539,71.0
4,41.7751178,-86.11974784947634,2025-11-09 22:00:00+00:00,2025-11-09 17:00:00-05:00,0.2,87.053925,-1.7,0.1,0.0,0.07,0.03,17.615187,32.760002,986.531,71.0
4,41.7751178,-86.11974784947634,2025-11-09 23:00:00+00:00,2025-11-09 18:00:00-05:00,-0.45,89.2662,-2.0,0.2,0.0,0.14,0.03,16.78156,32.760002,987.23285,71.0
4,41.7751178,-86.11974784947634,2025-11-10 00:00:00+00:00,2025-11-09 19:00:00-05:00,-0.45,88.610214,-2.1,0.6,0.0,0.42000002,0.02,17.012617,30.599998,987.5235,73.0
4,41.7751178,-86.11974784947634,2025-11-10 01:00:00+00:00,2025-11-09 20:00:00-05:00,-0.7,87.286514,-2.55,0.2,0.0,0.14,0.02,15.009236,30.239998,987.6887,71.0
4,41.7751178,-86.11974784947634,2025-11-10 02:00:00+00:00,2025-11-09 21:00:00-05:00,-1.45,89.84708,-2.9,0.3,0.0,0.21000001,0.02,5.6262593,27.0,987.3125,73.0
4,41.7751178,-86.11974784947634,2025-11-10 03:00:00+00:00,2025-11-09 22:00:00-05:00,-2.25,91.47535,-3.45,0.2,0.0,0.14,0.02,3.1845248,9.72,987.2207,71.0
4,41.7751178,-86.11974784947634,2025-11-10 04:00:00+00:00,2025-11-09 23:00:00-05:00,-1.1,91.89177,-2.25,0.4,0.0,0.28,0.03,9.567131,16.56,987.4494,73.0
4,41.7751178,-86.11974784947634,2025-11-10 05:00:00+00:00,2025-11-10 00:00:00-05:00,-0.9,90.55773,-2.25,0.6,0.0,0.42000002,0.03,15.192682,27.359999,987.47217,73.0
4,41.7751178,-86.11974784947634,2025-11-10 06:00:00+00:00,2025-11-10 01:00:00-05:00,-0.9,88.24277,-2.6,0.4,0.0,0.28,0.03,20.793701,34.56,987.08466,73.0
4,41.7751178,-86.11974784947634,2025-11-10 07:00:00+00:00,2025-11-10 02:00:00-05:00,-1.5,86.237,-3.5,0.3,0.0,0.21000001,0.04,23.708124,43.92,987.50055,73.0
4,41.7751178,-86.11974784947634,2025-11-10 08:00:00+00:00,2025-11-10 03:00:00-05:00,-2.25,85.51194,-4.35,0.3,0.0,0.21000001,0.04,20.778112,43.92,988.09265,73.0
4,41.7751178,-86.11974784947634,2025-11-10 09:00:00+00:00,2025-11-10 04:00:00-05:00,-2.75,85.1339,-4.9,0.3,0.0,0.21000001,0.04,19.220427,38.16,988.5194,73.0
4,41.7751178,-86.11974784947634,2025-11-10 10:00:00+00:00,2025-11-10 05:00:00-05:00,-3.3,81.89685,-5.95,0.1,0.0,0.07,0.04,17.9973,35.28,989.13354,71.0
4,41.7751178,-86.11974784947634,2025-11-10 11:00:00+00:00,2025-11-10 06:00:00-05:00,-4.4,80.80671,-7.2,0.0,0.0,0.0,0.04,15.779543,33.12,989.8769,3.0
4,41.7751178,-86.11974784947634,2025-11-10 12:00:00+00:00,2025-11-10 07:00:00-05:00,-4.55,81.724174,-7.2,0.0,0.0,0.0,0.05,16.116785,28.8,990.4405,3.0
4,41.7751178,-86.11974784947634,2025-11-10 13:00:00+00:00,2025-11-10 08:00:00-05:00,-5.8,79.04499,-8.85,0.0,0.0,0.0,0.05,13.6242285,29.16,991.35803,2.0
4,41.7751178,-86.11974784947634,2025-11-10 14:00:00+00:00,2025-11-10 09:00:00-05:00,-5.55,73.41834,-9.55,0.0,0.0,0.0,0.05,12.682018,24.84,992.06573,0.0
4,41.7751178,-86.11974784947634,2025-11-10 15:00:00+00:00,2025-11-10 10:00:00-05:00,-4.8,69.09364,-9.6,0.0,0.0,0.0,0.05,7.79215,23.759998,992.25134,0.0
4,41.7751178,-86.11974784947634,2025-11-10 16:00:00+00:00,2025-11-10 11:00:00-05:00,-3.9,65.59521,-9.4,0.0,0.0,0.0,0.05,9.418661,19.08,992.35706,0.0
4,41.7751178,-86.11974784947634,2025-11-10 17:00:00+00:00,2025-11-10 12:00:00-05:00,-3.05,61.80491,-9.35,0.0,0.0,0.0,0.05,9.499158,20.16,991.97186,0.0
4,41.7751178,-86.11974784947634,2025-11-10 18:00:00+00:00,2025-11-10 13:00:00-05:00,-1.35,56.467533,-8.9,0.0,0.0,0.0,0.05,10.404249,19.8,991.3934,0.0
4,41.7751178,-86.11974784947634,2025-11-10 19:00:00+00:00,2025-11-10 14:00:00-05:00,-1.3,55.604935,-9.05,0.0,0.0,0.0,0.05,8.805294,20.16,990.62396,2.0
4,41.7751178,-86.11974784947634,2025-11-10 20:00:00+00:00,2025-11-10 15:00:00-05:00,-1.95,62.807262,-8.1,0.0,0.0,0.0,0.05,13.671707,26.64,990.35547,3.0
4,41.7751178,-86.11974784947634,2025-11-10 21:00:00+00:00,2025-11-10 16:00:00-05:00,-3.8,62.842712,-9.85,1.6,0.0,1.12,0.06,11.881363,27.0,990.33453,75.0
4,41.7751178,-86.11974784947634,2025-11-10 22:00:00+00:00,2025-11-10 17:00:00-05:00,-2.3,88.77642,-3.9,0.8,0.0,0.56,0.07,20.035059,36.0,990.1214,73.0
4,41.7751178,-86.11974784947634,2025-11-10 23:00:00+00:00,2025-11-10 18:00:00-05:00,-1.95,85.54539,-4.05,0.5,0.0,0.35,0.07,16.985933,35.64,990.0648,73.0
4,41.7751178,-86.11974784947634,2025-11-11 00:00:00+00:00,2025-11-10 19:00:00-05:00,-2.4,81.7101,-5.1,0.5,0.0,0.35,0.07,15.22783,31.319998,990.30365,73.0
4,41.7751178,-86.11974784947634,2025-11-11 01:00:00+00:00,2025-11-10 20:00:00-05:00,-1.2,82.48989,-3.8,1.3,0.0,0.90999997,0.07,17.149193,30.239998,989.66656,75.0
4,41.7751178,-86.11974784947634,2025-11-11 02:00:00+00:00,2025-11-10 21:00:00-05:00,-1.3,86.90321,-3.2,0.3,0.0,0.21000001,0.08,13.397612,30.599998,989.655,73.0
4,41.7751178,-86.11974784947634,2025-11-11 03:00:00+00:00,2025-11-10 22:00:00-05:00,-0.75,86.95877,-2.65,0.3,0.0,0.21000001,0.08,16.434305,28.8,989.42725,73.0
4,41.7751178,-86.11974784947634,2025-11-11 04:00:00+00:00,2025-11-10 23:00:00-05:00,-0.2,88.63235,-1.85,0.4,0.0,0.28,0.08,15.489414,29.519999,989.1023,73.0
4,41.7751178,-86.11974784947634,2025-11-11 05:00:00+00:00,2025-11-11 00:00:00-05:00,-0.1,88.641174,-1.75,0.3,0.0,0.21000001,0.08,12.864649,27.72,988.53204,73.0
4,41.7751178,-86.11974784947634,2025-11-11 06:00:00+00:00,2025-11-11 01:00:00-05:00,0.0,88.00042,-1.75,0.3,0.0,0.21000001,0.08,14.861722,25.56,988.5436,73.0
4,41.7751178,-86.11974784947634,2025-11-11 07:00:00+00:00,2025-11-11 02:00:00-05:00,-0.15,89.620186,-1.65,0.4,0.0,0.28,0.08,14.764389,26.28,988.2358,73.0
4,41.7751178,-86.11974784947634,2025-11-11 08:00:00+00:00,2025-11-11 03:00:00-05:00,-0.4,87.96318,-2.15,0.0,0.0,0.0,0.08,14.650938,27.72,987.91675,3.0
4,41.7751178,-86.11974784947634,2025-11-11 09:00:00+00:00,2025-11-11 04:00:00-05:00,-1.75,89.82308,-3.2,0.0,0.0,0.0,0.08,16.521803,29.519999,987.85944,3.0
4,41.7751178,-86.11974784947634,2025-11-11 10:00:00+00:00,2025-11-11 05:00:00-05:00,-3.3,89.35995,-4.8,0.0,0.0,0.0,0.08,17.548845,31.68,987.7774,3.0
4,41.7751178,-86.11974784947634,2025-11-11 11:00:00+00:00,2025-11-11 06:00:00-05:00,-4.65,88.22881,-6.3,0.0,0.0,0.0,0.08,16.828796,31.68,987.71674,3.0
4,41.7751178,-86.11974784947634,2025-11-11 12:00:00+00:00,2025-11-11 07:00:00-05:00,-4.3,84.63026,-6.5,0.0,0.0,0.0,0.09,16.981165,30.599998,987.37036,3.0
4,41.7751178,-86.11974784947634,2025-11-11 13:00:00+00:00,2025-11-11 08:00:00-05:00,-4.55,82.991615,-7.0,0.0,0.0,0.0,0.09,15.804164,29.88,987.2443,3.0
4,41.7751178,-86.11974784947634,2025-11-11 14:00:00+00:00,2025-11-11 09:00:00-05:00,-4.35,84.62431,-6.55,0.0,0.0,0.0,0.09,16.055355,29.88,987.36456,3.0
4,41.7751178,-86.11974784947634,2025-11-11 15:00:00+00:00,2025-11-11 10:00:00-05:00,-3.75,85.99505,-5.75,0.0,0.0,0.0,0.09,10.6261,29.16,986.85333,3.0
4,41.7751178,-86.11974784947634,2025-11-11 16:00:00+00:00,2025-11-11 11:00:00-05:00,-3.1,85.74054,-5.15,0.0,0.0,0.0,0.09,12.585848,22.68,985.86334,3.0
4,41.7751178,-86.11974784947634,2025-11-11 17:00:00+00:00,2025-11-11 12:00:00-05:00,-2.35,84.85953,-4.55,0.0,0.0,0.0,0.09,14.248452,25.919998,984.3028,3.0
4,41.7751178,-86.11974784947634,2025-11-11 18:00:00+00:00,2025-11-11 13:00:00-05:00,-1.25,81.56153,-4.0,0.0,0.0,0.0,0.09,16.607864,30.239998,981.9094,3.0
4,41.7751178,-86.11974784947634,2025-11-11 19:00:00+00:00,2025-11-11 14:00:00-05:00,-0.95,80.99477,-3.8,0.0,0.0,0.0,0.08,18.359999,32.039997,980.10254,3.0
4,41.7751178,-86.11974784947634,2025-11-11 20:00:00+00:00,2025-11-11 15:00:00-05:00,-0.4,72.723564,-4.7,0.0,0.0,0.0,0.08,21.745012,41.039997,979.2924,3.0
4,41.7751178,-86.11974784947634,2025-11-11 21:00:00+00:00,2025-11-11 16:00:00-05:00,0.0,73.074486,-4.25,0.0,0.0,0.0,0.08,23.967728,43.92,978.8529,3.0
4,41.7751178,-86.11974784947634,2025-11-11 22:00:00+00:00,2025-11-11 17:00:00-05:00,0.15,76.17557,-3.55,0.0,0.0,0.0,0.08,23.667776,45.0,977.513,2.0
4,41.7751178,-86.11974784947634,2025-11-11 23:00:00+00:00,2025-11-11 18:00:00-05:00,0.25,78.20596,-3.1,0.0,0.0,0.0,0.08,21.996117,42.48,977.03986,3.0
4,41.7751178,-86.11974784947634,2025-11-12 00:00:00+00:00,2025-11-11 19:00:00-05:00,0.35,75.64354,-3.45,0.0,0.0,0.0,0.07,22.039528,39.6,977.6323,3.0
4,41.7751178,-86.11974784947634,2025-11-12 01:00:00+00:00,2025-11-11 20:00:00-05:00,0.15,77.6097,-3.3,0.0,0.0,0.0,0.07,20.620804,38.88,977.513,1.0
4,41.7751178,-86.11974784947634,2025-11-12 02:00:00+00:00,2025-11-11 21:00:00-05:00,0.1,78.76644,-3.15,0.0,0.0,0.0,0.07,20.240198,36.719997,977.2166,1.0
4,41.7751178,-86.11974784947634,2025-11-12 03:00:00+00:00,2025-11-11 22:00:00-05:00,0.25,79.67276,-2.85,0.0,0.0,0.0,0.07,20.3774,36.0,976.94293,0.0
4,41.7751178,-86.11974784947634,2025-11-12 04:00:00+00:00,2025-11-11 23:00:00-05:00,0.45,80.59329,-2.5,0.0,0.0,0.0,0.07,19.41081,36.0,976.77124,0.0
4,41.7751178,-86.11974784947634,2025-11-12 05:00:00+00:00,2025-11-12 00:00:00-05:00,1.05,81.27551,-1.8,0.0,0.0,0.0,0.07,19.869423,34.92,976.7411,3.0
4,41.7751178,-86.11974784947634,2025-11-12 06:00:00+00:00,2025-11-12 01:00:00-05:00,2.65,80.02778,-0.45,0.0,0.0,0.0,0.07,19.121557,36.0,976.62726,3.0
4,41.7751178,-86.11974784947634,2025-11-12 07:00:00+00:00,2025-11-12 02:00:00-05:00,2.6,83.28279,0.05,0.0,0.0,0.0,0.07,17.035456,33.12,976.7187,2.0
4,41.7751178,-86.11974784947634,2025-11-12 08:00:00+00:00,2025-11-12 03:00:00-05:00,2.4,84.474686,0.05,0.0,0.0,0.0,0.07,17.823637,30.239998,976.9876,1.0
4,41.7751178,-86.11974784947634,2025-11-12 09:00:00+00:00,2025-11-12 04:00:00-05:00,2.15,85.06084,-0.1,0.0,0.0,0.0,0.06,18.388212,33.12,977.0569,0.0
4,41.7751178,-86.11974784947634,2025-11-12 10:00:00+00:00,2025-11-12 05:00:00-05:00,2.1,86.61162,0.1,0.0,0.0,0.0,0.06,18.772715,33.12,977.536,0.0
4,41.7751178,-86.11974784947634,2025-11-12 11:00:00+00:00,2025-11-12 06:00:00-05:00,2.55,87.6003,0.7,0.0,0.0,0.0,0.06,20.096418,35.64,978.07025,0.0
4,41.7751178,-86.11974784947634,2025-11-12 12:00:00+00:00,2025-11-12 07:00:00-05:00,3.05,88.914375,1.4,0.0,0.0,0.0,0.06,19.08,36.36,978.3193,0.0
4,41.7751178,-86.11974784947634,2025-11-12 13:00:00+00:00,2025-11-12 08:00:00-05:00,3.1,89.55787,1.55,0.0,0.0,0.0,0.06,19.460823,34.92,979.10004,2.0
4,41.7751178,-86.11974784947634,2025-11-12 14:00:00+00:00,2025-11-12 09:00:00-05:00,3.6,88.01323,1.8,0.0,0.0,0.0,0.05,19.719654,35.28,979.93054,2.0
4,41.7751178,-86.11974784947634,2025-11-12 15:00:00+00:00,2025-11-12 10:00:00-05:00,4.45,83.51119,1.9,0.0,0.0,0.0,0.05,21.946718,39.96,980.8958,1.0
4,41.7751178,-86.11974784947634,2025-11-12 16:00:00+00:00,2025-11-12 11:00:00-05:00,5.2,77.852844,1.65,0.0,0.0,0.0,0.04,23.157824,43.92,981.46216,0.0
4,41.7751178,-86.11974784947634,2025-11-12 17:00:00+00:00,2025-11-12 12:00:00-05:00,5.75,72.56036,1.2,0.0,0.0,0.0,0.03,25.022587,47.519997,981.7159,0.0
4,41.7751178,-86.11974784947634,2025-11-12 18:00:00+00:00,2025-11-12 13:00:00-05:00,7.95,63.071293,1.35,0.0,0.0,0.0,0.02,26.381517,48.96,981.95154,0.0
4,41.7751178,-86.11974784947634,2025-11-12 19:00:00+00:00,2025-11-12 14:00:00-05:00,8.75,51.88665,-0.6,0.0,0.0,0.0,0.02,26.758923,50.399998,982.52136,0.0
4,41.7751178,-86.11974784947634,2025-11-12 20:00:00+00:00,2025-11-12 15:00:00-05:00,9.0,50.096355,-0.85,0.0,0.0,0.0,0.01,24.746563,49.68,982.6447,0.0
4,41.7751178,-86.11974784947634,2025-11-12 21:00:00+00:00,2025-11-12 16:00:00-05:00,8.8,51.149124,-0.75,0.0,0.0,0.0,0.01,20.774214,45.719997,983.20557,0.0
4,41.7751178,-86.11974784947634,2025-11-12 22:00:00+00:00,2025-11-12 17:00:00-05:00,7.55,55.47551,-0.8,0.0,0.0,0.0,0.01,17.643673,37.8,983.65466,0.0
4,41.7751178,-86.11974784947634,2025-11-12 23:00:00+00:00,2025-11-12 18:00:00-05:00,5.95,62.82635,-0.6,0.0,0.0,0.0,0.01,15.338071,31.68,983.87054,0.0
4,41.7751178,-86.11974784947634,2025-11-13 00:00:00+00:00,2025-11-12 19:00:00-05:00,5.85,62.80257,-0.7,0.0,0.0,0.0,0.01,13.529966,29.88,984.24756,0.0
4,41.7751178,-86.11974784947634,2025-11-13 01:00:00+00:00,2025-11-12 20:00:00-05:00,5.45,68.18575,0.05,0.0,0.0,0.0,0.01,12.42,23.759998,984.4953,0.0
4,41.7751178,-86.11974784947634,2025-11-13 02:00:00+00:00,2025-11-12 21:00:00-05:00,5.35,70.422325,0.4,0.0,0.0,0.0,0.01,13.681183,23.759998,984.8724,2.0
4,41.7751178,-86.11974784947634,2025-11-13 03:00:00+00:00,2025-11-12 22:00:00-05:00,6.0,65.40114,0.0,0.0,0.0,0.0,0.0,16.344355,28.44,985.42773,3.0
4,41.7751178,-86.11974784947634,2025-11-13 04:00:00+00:00,2025-11-12 23:00:00-05:00,6.25,64.51614,0.05,0.0,0.0,0.0,0.0,17.247156,30.960001,985.9396,0.0
