graph_id,Interval,num_nodes,mode,obj_mean,obj_std,time_s_mean,time_s_std,%_covered_mean,%_covered_std,unique_edges_covered_mean,unique_edges_covered_std
1,0,9,Gurobi,8.97540796386636,0.0,3.807,0.0,94.77,0.0,,
1,1,9,Gurobi,7.77034701213951,0.0,3.081,0.0,90.53,0.0,,
1,2,9,Gurobi,6.72200628990307,0.0,3.207,0.0,81.3,0.0,,
1,3,9,Gurobi,8.46372741670647,0.0,6.36,0.0,92.53,0.0,,
2,0,8,Gurobi,9.16980453279894,0.0,6.097,0.0,97.78,0.0,,
2,1,8,Gurobi,11.1814498650059,0.0,6.277,0.0,95.27,0.0,,
2,2,8,Gurobi,12.3015071071729,0.0,6.106,0.0,95.91,0.0,,
2,3,8,Gurobi,10.4426203354513,0.0,6.14,0.0,92.16,0.0,,
3,0,11,Gurobi,12.3981743987085,0.0,6.135,0.0,91.93,0.0,,
3,1,11,Gurobi,11.2990432174601,0.0,6.296,0.0,96.27,0.0,,
3,2,11,Gurobi,10.4278388757126,0.0,6.066,0.0,95.31,0.0,,
3,3,11,Gurobi,11.7215554321488,0.0,6.049,0.0,95.23,0.0,,
4,0,11,Gurobi,5.91462996040996,0.0,6.027,0.0,42.76,0.0,,
4,1,11,Gurobi,11.5943852374733,0.0,6.103,0.0,86.54,0.0,,
4,2,11,Gurobi,9.91572877451179,0.0,6.05,0.0,80.82,0.0,,
4,3,11,Gurobi,8.16208238060265,0.0,6.074,0.0,71.18,0.0,,
5,0,13,Gurobi,7.26697068946954,0.0,6.134,0.0,56.26,0.0,,
5,1,13,Gurobi,4.91289235974662,0.0,6.044,0.0,45.53,0.0,,
5,2,13,Gurobi,10.4087488861997,0.0,6.067,0.0,78.25,0.0,,
5,3,13,Gurobi,11.0385994016783,0.0,6.079,0.0,80.02,0.0,,
6,0,12,Gurobi,14.3075171324304,0.0,6.094,0.0,93.92,0.0,,
6,1,12,Gurobi,5.09096214679586,0.0,6.537,0.0,35.91,0.0,,
6,2,12,Gurobi,9.64868211430547,0.0,6.501,0.0,67.94,0.0,,
6,3,12,Gurobi,7.13377287173352,0.0,6.122,0.0,54.78,0.0,,
7,0,8,Gurobi,11.6877768759895,0.0,2.192,0.0,100.0,0.0,,
7,1,8,Gurobi,13.3009029311633,0.0,2.671,0.0,100.0,0.0,,
7,2,8,Gurobi,13.2191778956525,0.0,1.103,0.0,100.0,0.0,,
7,3,8,Gurobi,15.1787102617423,0.0,4.113,0.0,100.0,0.0,,
8,0,12,Gurobi,7.85637329756132,0.0,6.154,0.0,73.54,0.0,,
8,1,12,Gurobi,11.9619057392727,0.0,6.159,0.0,90.74,0.0,,
8,2,12,Gurobi,8.08638391516843,0.0,6.109,0.0,64.7,0.0,,
8,3,12,Gurobi,13.8913124711244,0.0,6.439,0.0,89.23,0.0,,
9,0,10,Gurobi,10.5552236570449,0.0,6.034,0.0,87.82,0.0,,
9,1,10,Gurobi,11.248840267589,0.0,6.16,0.0,83.18,0.0,,
9,2,10,Gurobi,7.79578968008848,0.0,6.221,0.0,59.81,0.0,,
9,3,10,Gurobi,9.39702664112076,0.0,6.428,0.0,71.35,0.0,,
10,0,15,Gurobi,6.64724684652522,0.0,6.092,0.0,50.1,0.0,,
10,1,15,Gurobi,12.7256810153389,0.0,6.103,0.0,88.12,0.0,,
10,2,15,Gurobi,8.42397554185854,0.0,6.127,0.0,60.17,0.0,,
10,3,15,Gurobi,9.07002031777591,0.0,6.152,0.0,58.88,0.0,,
11,0,15,Gurobi,12.8664995768779,0.0,6.177,0.0,77.15,0.0,,
11,1,15,Gurobi,8.12811914361502,0.0,6.283,0.0,60.42,0.0,,
11,2,15,Gurobi,5.30417913543747,0.0,6.065,0.0,41.26,0.0,,
11,3,15,Gurobi,12.8099937090646,0.0,6.054,0.0,73.53,0.0,,
12,0,15,Gurobi,10.26613186544,0.0,6.179,0.0,85.36,0.0,,
12,1,15,Gurobi,11.2946295127339,0.0,6.152,0.0,78.58,0.0,,
12,2,15,Gurobi,13.6599044388658,0.0,6.033,0.0,80.63,0.0,,
12,3,15,Gurobi,12.0812726013378,0.0,6.071,0.0,78.8,0.0,,
13,0,15,Gurobi,10.2405962930245,0.0,6.189,0.0,61.92,0.0,,
13,1,15,Gurobi,5.53981451328984,0.0,6.167,0.0,39.27,0.0,,
13,2,15,Gurobi,9.10181681560417,0.0,6.032,0.0,56.2,0.0,,
13,3,15,Gurobi,9.20435037818959,0.0,6.15,0.0,70.8,0.0,,
14,0,13,Gurobi,14.9461189860515,0.0,6.084,0.0,84.98,0.0,,
14,1,13,Gurobi,13.3899571531536,0.0,6.188,0.0,91.37,0.0,,
14,2,13,Gurobi,11.1419763653697,0.0,6.205,0.0,77.83,0.0,,
14,3,13,Gurobi,9.78378016155668,0.0,6.126,0.0,72.68,0.0,,
15,0,15,Gurobi,12.2988759886146,0.0,6.125,0.0,77.0,0.0,,
15,1,15,Gurobi,9.2230973171774,0.0,6.07,0.0,65.58,0.0,,
15,2,15,Gurobi,12.172617400348,0.0,6.105,0.0,76.19,0.0,,
15,3,15,Gurobi,9.8373476018471,0.0,6.07,0.0,68.33,0.0,,
1,0,9,SA,5.0367916,0.29486112550344,1.5088,0.119913672651991,53.1819999999999,3.11533055139329,8.6,0.516397779494322
1,1,9,SA,4.962408,0.0,1.1832,0.211111766080855,57.82,0.0,8.0,0.0
1,2,9,SA,4.8444346,0.219288793754415,1.74929999999999,0.1971474631392,58.5929999999999,2.65037125282058,8.7,0.483045891539648
1,3,9,SA,5.0570771,0.210600706251031,1.83599999999999,0.255501685143388,55.287,2.30392925238601,8.1,0.567646212197546
1,0,9,SA + Exact Cache,5.2140477,0.114961971143166,1.7565,0.232411153872709,55.052,1.21343223040175,9.0,0.0
1,1,9,SA + Exact Cache,4.965618,0.0101509112891404,1.0832,0.226014158848511,57.857,0.117004273426229,8.1,0.316227766016837
1,2,9,SA + Exact Cache,4.9051091,0.152378275623856,1.7328,0.183898401902306,59.327,1.84040484676606,8.7,0.483045891539648
1,3,9,SA + Exact Cache,5.0660806,0.242886101945015,1.7532,0.209067134353218,55.386,2.65650647781379,7.9,0.567646212197546
1,0,9,SA + LTMB,5.242303,0.0255703415611829,1.652,0.212735098707811,55.352,0.267448852846462,9.0,0.0
1,1,9,SA + LTMB,4.975248,0.0165763687217677,1.4049,0.302323391971797,57.9679999999999,0.191067178412896,8.4,0.516397779494322
1,2,9,SA + LTMB,4.923982,0.239583642367337,1.698,0.361547906768783,59.5539999999999,2.89664633671423,8.9,0.316227766016837
1,3,9,SA + LTMB,5.1415701,0.17903611691031,1.6812,0.255205276852445,56.212,1.95796265995492,8.0,0.471404520791031
2,0,8,SA,13.5408392999999,0.136892528590902,2.73619999999999,0.42018086052979,89.389,0.905175857683652,23.7,0.823272602348564
2,1,8,SA,11.9982728,0.306196033847889,3.03249999999999,0.356829012896155,83.081,2.12141174168942,24.1,0.737864787372621
2,2,8,SA,13.2756826999999,0.181918488047104,2.2968,0.429184705122527,89.091,1.22179694621397,25.2,0.632455532033675
2,3,8,SA,13.6021974,0.189508698973717,2.5561,0.592696746518262,84.761,1.18105837657962,24.5,0.849836585598797
2,0,8,SA + Exact Cache,13.659702,0.14987070605692,2.8898,0.550638578783256,90.173,0.988388699966884,24.5,1.17851130197757
2,1,8,SA + Exact Cache,12.1835771999999,0.194364882248025,3.0732,0.23122802598301,84.364,1.34719626550023,24.4,0.699205898780101
2,2,8,SA + Exact Cache,13.4391422,0.146862030901115,2.3881,0.429674670212501,90.188,0.98470300090941,25.1,0.316227766016837
2,3,8,SA + Exact Cache,13.7575546,0.185460406470072,2.9034,0.465829773391286,85.7299999999999,1.15750689942748,24.8,0.632455532033676
2,0,8,SA + LTMB,13.6846351999999,0.137457195029984,3.1553,0.344211514430686,90.338,0.908781846454056,24.6,0.516397779494322
2,1,8,SA + LTMB,12.1101698999999,0.236340569313038,2.9416,0.437324745850647,83.8549999999999,1.63690935064291,24.1,0.567646212197546
2,2,8,SA + LTMB,13.4768034999999,0.121059366962614,2.4459,0.435400569080422,90.44,0.812376486338417,24.8,0.421637021355783
2,3,8,SA + LTMB,13.7860793,0.244541018301201,3.2602,0.377587017196772,85.9059999999999,1.52539393818995,24.8,0.788810637746615
3,0,11,SA,7.3896353,0.214340374670781,1.53149999999999,0.253252289668271,78.8,2.28582102925355,15.5,0.97182531580755
3,1,11,SA,9.5712486,0.182657625763004,1.8268,0.298659523724108,81.5549999999999,1.55883325314515,13.8,0.918936583472681
3,2,11,SA,10.0032294,0.419041082655309,1.6201,0.483538450728929,77.99,3.26499276841125,15.0,1.15470053837925
3,3,11,SA,9.0474088,0.114110984067461,1.603,0.313622915829397,79.85,1.007052906036,15.0,0.816496580927726
3,0,11,SA + Exact Cache,7.5493067,0.122191769649232,1.4658,0.149525768867963,80.5039999999999,1.30325404703423,15.6,0.6992058987801
3,1,11,SA + Exact Cache,9.8630743,0.121535300129496,1.678,0.201560026901279,84.0399999999999,1.03588931197626,15.7,0.948683298050513
3,2,11,SA + Exact Cache,10.3937771999999,0.19246664689112,1.725,0.109335365834766,81.0339999999999,1.50003111078848,16.0,0.471404520791031
3,3,11,SA + Exact Cache,9.6269073,0.212010689023533,2.1157,0.280365257793788,84.966,1.87155431541688,16.1,0.737864787372621
3,0,11,SA + LTMB,7.6062662,0.0930208279207762,1.4939,0.149889181286264,81.111,0.991188400075608,15.8,0.788810637746615
3,1,11,SA + LTMB,9.915481,0.213468868444297,1.67869999999999,0.187091213642496,84.487,1.81745884868589,14.7,0.674948557710552
3,2,11,SA + LTMB,10.3235993,0.196317719207666,1.7062,0.219397558985711,80.486,1.52917697544208,15.8,0.918936583472681
3,3,11,SA + LTMB,9.704186,0.183281024719478,1.9009,0.316796271723291,85.647,1.61810623191982,16.6,0.6992058987801
4,0,11,SA,10.9679396999999,0.0861241805044708,3.1571,0.691003529497337,79.297,0.623895468452494,19.0,0.471404520791031
4,1,11,SA,11.5682795,0.0270181019698936,3.6744,0.543048432462519,86.343,0.202597027509181,19.3,0.674948557710552
4,2,11,SA,9.76515369999999,0.134446695305074,4.05279999999999,0.57072562000784,79.59,1.09540454221766,18.7,0.674948557710552
4,3,11,SA,8.7105024,0.0626694614912236,2.7234,0.553221916493633,75.971,0.544557924681419,19.2,0.421637021355783
4,0,11,SA + Exact Cache,11.1202836,0.113452022454134,3.69639999999999,0.560990037542755,80.4,0.8211780156174,19.7,0.483045891539647
4,1,11,SA + Exact Cache,11.5893632,0.0158803259538338,3.77549999999999,0.543866456239233,86.502,0.1201665510864,19.9,0.316227766016837
4,2,11,SA + Exact Cache,9.8934939,0.0454473702000461,4.1866,0.589266436625516,80.637,0.372947717515465,19.7,0.483045891539648
4,3,11,SA + Exact Cache,8.7841794,0.0625584607355391,3.1751,0.696324389602687,76.611,0.543250504934059,19.7,0.483045891539647
4,0,11,SA + LTMB,11.082802,0.112511667250804,3.5366,0.569930249143602,80.128,0.814108919821746,19.4,0.516397779494322
4,1,11,SA + LTMB,11.591625,0.00872788634206504,3.99799999999999,0.56763133575705,86.519,0.0664078308635386,19.9,0.316227766016837
4,2,11,SA + LTMB,9.8482657,0.104432048967577,4.3635,0.5705409226729,80.267,0.851626548304929,19.1,0.737864787372621
4,3,11,SA + LTMB,8.7989148,0.0496309800064435,3.1393,0.590164205021694,76.739,0.430824790373072,19.8,0.421637021355783
5,0,13,SA,10.1008027,0.154708543902577,4.3298,0.875427108457478,79.779,1.22305128447029,19.7,0.483045891539647
5,1,13,SA,10.8294997,0.133544793324229,4.5597,0.498197428513815,80.079,0.986626688379256,20.0,0.666666666666666
5,2,13,SA,11.3984059,0.199541310693884,4.3084,0.875507751092028,80.768,1.41433769344916,19.2,0.788810637746613
5,3,13,SA,10.5192917,0.163913199313979,4.82909999999999,0.85101957804872,79.876,1.24597306908652,17.9,0.875595035770913
5,0,13,SA + Exact Cache,10.2873236,0.165056636996853,4.9395,0.800202786798446,81.255,1.30394486931856,19.7,0.674948557710552
5,1,13,SA + Exact Cache,11.3445834,0.192255442166694,4.7721,0.343534067532691,83.885,1.42173016661624,20.6,0.516397779494322
5,2,13,SA + Exact Cache,11.5720836,0.126925458449875,4.5389,0.689180745523262,81.998,0.899651784488495,19.9,0.567646212197546
5,3,13,SA + Exact Cache,10.9358835,0.113186014406227,4.81499999999999,0.540945879404256,83.039,0.858868118190704,17.9,0.316227766016837
5,0,13,SA + LTMB,10.2327306,0.117775542977309,5.108,0.699545090278913,80.823,0.931987720472275,19.5,0.707106781186547
5,1,13,SA + LTMB,11.2991358,0.105547059424063,4.8429,0.289295869310296,83.5519999999999,0.779583934615837,20.7,0.483045891539647
5,2,13,SA + LTMB,11.5663446999999,0.0738659692206093,4.39009999999999,0.883601148080336,81.957,0.522303657953025,19.9,0.316227766016837
5,3,13,SA + LTMB,10.9240293999999,0.128338192616401,4.86839999999999,0.419546633615117,82.949,0.974262684175975,18.0,0.666666666666666
6,0,12,SA,8.7593169,0.277682212771462,3.0599,0.379373299007718,67.814,2.14909903603037,15.2,1.22927259430571
6,1,12,SA,8.10825569999999,0.222350166823538,2.966,0.323692240664904,73.78,2.02212209764341,16.1,0.567646212197546
6,2,12,SA,9.5088511,0.277277456380768,3.4349,0.612073606684686,71.487,2.08592665259351,16.2,1.03279555898864
6,3,12,SA,9.8998645,0.300097740459948,3.7977,0.489643645930384,71.762,2.17375149351427,15.6,0.699205898780101
6,0,12,SA + Exact Cache,9.386825,0.271750062587338,3.2427,0.264073243206837,72.673,2.10439777608701,15.2,1.03279555898864
6,1,12,SA + Exact Cache,8.3620788,0.124156396765262,3.1954,0.528083368839091,76.09,1.1307912667194,16.1,0.737864787372621
6,2,12,SA + Exact Cache,9.5961414,0.255911912628892,3.3632,0.63294879554177,72.144,1.92596411643046,16.0,1.05409255338945
6,3,12,SA + Exact Cache,10.3177366,0.107088161249609,3.8408,0.37935934298645,74.791,0.77688051419336,16.6,0.699205898780101
6,0,12,SA + LTMB,9.4572599,0.216975838532747,2.9748,0.392385807875644,73.219,1.68033363089331,15.7,1.05934990547138
6,1,12,SA + LTMB,8.4071006,0.166500845279268,3.4261,0.302356834808733,76.498,1.51496094559123,16.1,0.567646212197546
6,2,12,SA + LTMB,9.7992087,0.111696528155583,3.6039,0.602665274703407,73.671,0.839609036000292,16.7,0.483045891539647
6,3,12,SA + LTMB,10.7328107,0.343992299004578,3.93769999999999,0.395678053753581,77.798,2.49179899314174,17.0,0.471404520791031
7,0,8,SA,16.0084133,0.349820558656084,1.8846,0.261971245241406,90.721,1.98298008058578,24.4,0.516397779494322
7,1,8,SA,11.9654233,0.124792955637238,2.4036,0.291022412271708,86.378,0.900552916577116,24.0,0.666666666666666
7,2,8,SA,14.9614435,0.334457397047234,2.5115,0.360330172665755,90.041,2.0129715458606,24.4,0.516397779494322
7,3,8,SA,15.4067286,0.253267825458084,1.7098,0.183129462402967,88.434,1.45461869765088,25.3,0.483045891539647
7,0,8,SA + Exact Cache,16.6621734,0.097496818131782,1.9203,0.294817099609609,94.4269999999999,0.553735797410044,25.6,0.516397779494322
7,1,8,SA + Exact Cache,12.1210842,0.208948805424146,1.99149999999999,0.340126855419823,87.503,1.50731586308613,24.7,0.674948557710553
7,2,8,SA + Exact Cache,15.3896243,0.135846475274317,2.3537,0.256083775354863,92.6169999999999,0.819444934086481,24.6,0.843274042711568
7,3,8,SA + Exact Cache,15.7440521999999,0.122209709931375,2.4817,0.408133978546805,90.37,0.702092111715645,26.1,0.737864787372622
7,0,8,SA + LTMB,16.6547495,0.14108592628706,2.0487,0.256185718224537,94.384,0.802027985103321,25.7,0.483045891539647
7,1,8,SA + LTMB,12.0820370999999,0.188412050061353,2.4331,0.462050850977345,87.22,1.35988561610485,24.3,0.823272602348564
7,2,8,SA + LTMB,15.4514545,0.241410861236491,2.2356,0.396214924840883,92.991,1.45288563440715,25.2,0.918936583472681
7,3,8,SA + LTMB,15.8042471,0.179289961899371,2.377,0.325030596850341,90.715,1.02766455832846,26.1,0.567646212197546
8,0,12,SA,11.4539632,0.385825373697825,6.354,0.987572219581377,69.25,2.33412367567216,17.7,0.483045891539647
8,1,12,SA,8.6393071,0.306518578026936,6.111,1.03207267185988,61.245,2.17313521591885,18.5,0.707106781186547
8,2,12,SA,12.2391036,0.278971664314655,6.6543,0.54375403957631,68.7,1.56509140663129,18.8,0.421637021355783
8,3,12,SA,8.8944231,0.310178715570896,5.6102,1.17410824789615,68.419,2.38689221466836,17.5,0.707106781186547
8,0,12,SA + Exact Cache,12.5124654,0.135540695432282,6.49449999999999,0.602925875304014,75.6529999999999,0.817082207206434,18.7,0.483045891539647
8,1,12,SA + Exact Cache,9.3169951,0.335033973644946,6.2733,0.644537913719761,66.048,2.37306084578077,18.8,0.788810637746615
8,2,12,SA + Exact Cache,12.9424681999999,0.125350042618261,6.84269999999999,0.536853187048791,72.648,0.705577777427832,19.9,0.316227766016838
8,3,12,SA + Exact Cache,9.5340997,0.258596710330133,5.8289,1.21044587285475,73.343,1.98884137125111,18.0,0.666666666666666
8,0,12,SA + LTMB,12.3562590999999,0.30131898716235,6.531,1.174313037955,74.71,1.82147071224205,18.5,0.707106781186547
8,1,12,SA + LTMB,9.3480136,0.48454258169907,6.6221,0.643901899015335,66.271,3.43659537591753,18.8,0.788810637746614
8,2,12,SA + LTMB,13.0043973999999,0.0480089851618076,6.6093,0.668280056064322,72.998,0.273690823131985,20.0,0.0
8,3,12,SA + LTMB,9.5675521,0.259072031107802,6.0738,0.991602384471159,73.6,1.99162133839632,18.5,0.707106781186546
9,0,10,SA,9.8981015,0.259736641317165,1.2329,0.195267594171007,73.395,1.92677191177367,14.6,0.699205898780101
9,1,10,SA,8.6565788,0.0452839949032762,1.055,0.164581624463702,73.756,0.38767684136834,14.1,0.316227766016837
9,2,10,SA,7.9881522,0.177851178481586,1.5706,0.339214517509037,73.012,1.62429335062632,13.6,0.699205898780101
9,3,10,SA,8.5331543,0.220265752131903,1.4003,0.260656031326088,69.323,1.78818996008067,14.2,0.632455532033675
9,0,10,SA + Exact Cache,10.0315204,0.0823491795549765,1.28349999999999,0.161106762393416,74.3839999999999,0.610631731169542,15.0,0.0
9,1,10,SA + Exact Cache,8.6843566,0.00784023388539984,1.0692,0.165760067567553,73.993,0.067007462271002,14.0,0.0
9,2,10,SA + Exact Cache,8.0390708,0.0588813814994935,1.63219999999999,0.279420352396408,73.476,0.538314241147511,13.7,0.483045891539648
9,3,10,SA + Exact Cache,8.822403,0.0641619957451446,1.5987,0.278893468311229,71.672,0.519354299961871,14.7,0.823272602348564
9,0,10,SA + LTMB,10.0462274,0.0926277915173296,1.1216,0.241340331390249,74.494,0.687914723397213,15.0,0.0
9,1,10,SA + LTMB,8.6850347,0.00778331400497194,1.0067,0.244757045069413,73.999,0.0664078308635337,14.0,0.0
9,2,10,SA + LTMB,8.0873903,0.0778572753198656,1.65429999999999,0.256477874289382,73.9199999999999,0.713784903797276,13.9,0.316227766016837
9,3,10,SA + LTMB,8.8098238,0.0587547322534767,1.53149999999999,0.211288244401391,71.57,0.475861791326479,14.8,0.632455532033676
10,0,15,SA,10.5333081,0.181432354797073,3.59129999999999,0.641571516754844,87.584,1.50814234518275,20.0,0.942809041582063
10,1,15,SA,9.9574746,0.320706061571513,3.67809999999999,0.610355715955867,69.275,2.22954031136465,20.3,0.823272602348564
10,2,15,SA,13.2472143,0.178969109654928,3.6494,0.634425934736803,78.195,1.05510662968251,20.6,0.6992058987801
10,3,15,SA,11.7396307,0.285421942142213,3.21619999999999,0.829329287235574,76.573,1.85983900139531,19.8,1.22927259430571
10,0,15,SA + Exact Cache,10.9008882,0.100502876139939,3.407,0.673886901160391,90.645,0.838003579944614,21.0,0.0
10,1,15,SA + Exact Cache,10.1424346999999,0.248959491702766,3.9736,0.750414877843509,70.562,1.73167741414695,21.0,0.816496580927725
10,2,15,SA + Exact Cache,13.5713721999999,0.154614751973916,3.1863,0.642309902703602,80.109,0.911646252056627,21.5,0.52704627669473
10,3,15,SA + Exact Cache,11.8070116,0.236035532577524,3.92209999999999,0.632753497729478,77.01,1.53839021202178,20.2,1.31656117720876
10,0,15,SA + LTMB,10.9201187,0.0396906955960712,3.8679,0.532869475366883,90.8049999999999,0.332039154317678,21.1,0.316227766016838
10,1,15,SA + LTMB,10.2331024,0.176154181912197,4.3156,0.468586574474533,71.193,1.2231566629922,20.9,0.994428926011754
10,2,15,SA + LTMB,13.497622,0.21453296166479,3.3927,0.735099849604724,79.672,1.26627011336443,21.3,0.483045891539648
10,3,15,SA + LTMB,12.0209926999999,0.243913875861975,4.11689999999999,0.642585999432501,78.409,1.59120115356642,20.1,0.875595035770912
11,0,15,SA,9.4493566,0.249796126346266,2.3367,0.337742850898924,80.848,2.13835242911712,17.3,1.05934990547137
11,1,15,SA,10.4674056,0.157225625519647,1.88829999999999,0.272793389460473,78.695,1.18247621540561,17.0,0.666666666666666
11,2,15,SA,10.2953193,0.20829245033582,2.5682,0.520338522288882,77.8789999999999,1.57503051116831,16.7,0.674948557710552
11,3,15,SA,11.2366315,0.215893941964438,2.4009,0.328065186611847,74.0279999999999,1.42168757311709,17.2,0.632455532033675
11,0,15,SA + Exact Cache,9.7810847,0.128056692798367,2.4715,0.233045655994223,83.687,1.0947252318885,18.1,0.567646212197546
11,1,15,SA + Exact Cache,10.4802571,0.0937997965354937,2.046,0.381526175015846,78.794,0.705284812445773,16.7,0.674948557710553
11,2,15,SA + Exact Cache,10.6560525999999,0.0871575757913347,2.6983,0.232670510952004,80.609,0.659738163550088,17.4,0.966091783079296
11,3,15,SA + Exact Cache,11.5215424,0.219700227996241,2.4805,0.303754743904427,75.907,1.4469128054816,17.3,0.823272602348564
11,0,15,SA + LTMB,9.807392,0.163445278095011,2.6086,0.345636353540666,83.911,1.39848688072343,17.9,0.875595035770913
11,1,15,SA + LTMB,10.5413615,0.150162766144126,2.2064,0.359586552708647,79.253,1.12923818961673,17.3,0.823272602348564
11,2,15,SA + LTMB,10.576311,0.0964846022349909,2.5908,0.452821721112306,80.0069999999999,0.730343146138247,16.9,0.875595035770913
11,3,15,SA + LTMB,11.6181342,0.123774236893718,2.3088,0.428589365762199,76.542,0.816003812627252,17.5,0.52704627669473
12,0,15,SA,11.5924378,0.272598761063378,2.30709999999999,0.421926389051191,76.095,1.78957629994737,18.8,0.788810637746615
12,1,15,SA,11.1608956,0.425820665672038,2.7662,0.49654938212517,78.732,3.00410016107615,18.8,0.918936583472681
12,2,15,SA,10.9517415,0.109195914566689,2.76269999999999,0.393036625378461,77.115,0.768523114667199,18.0,0.942809041582063
12,3,15,SA,10.3321166,0.357979725585805,2.3516,0.299886348842727,79.071,2.74064651739937,19.1,0.737864787372621
12,0,15,SA + Exact Cache,12.0927539,0.103986517970627,2.341,0.34480429231667,79.38,0.682804673550366,19.4,0.516397779494322
12,1,15,SA + Exact Cache,11.7237619,0.143923928100499,2.88789999999999,0.440545230368006,82.704,1.01305039909725,19.7,0.483045891539648
12,2,15,SA + Exact Cache,11.4467119,0.129732120250795,2.6298,0.202413108929897,80.599,0.915841446733851,18.1,0.737864787372621
12,3,15,SA + Exact Cache,10.4790394,0.218204236648044,2.5793,0.388498548545837,80.196,1.66967195713542,19.4,0.516397779494322
12,0,15,SA + LTMB,12.2683296999999,0.225212542270653,2.2192,0.295002372871812,80.532,1.47677426244576,20.2,0.918936583472681
12,1,15,SA + LTMB,11.7061002,0.0822285632636248,2.7267,0.512510173340761,82.58,0.582122552961722,19.6,0.516397779494322
12,2,15,SA + LTMB,11.4257908999999,0.14065653928903,2.5366,0.266350729511129,80.451,0.989730041756614,17.9,0.737864787372623
12,3,15,SA + LTMB,10.5847324,0.21676678695942,2.516,0.440059339433015,81.005,1.65990126881758,19.7,0.483045891539647
13,0,15,SA,12.3615409,0.18055058188432,3.1226,0.51251736013958,93.124,1.36104698261628,23.1,0.875595035770912
13,1,15,SA,11.9660754999999,0.206078742369269,3.75009999999999,0.541283136014169,90.77,1.56348613325763,22.6,0.699205898780099
13,2,15,SA,11.2035633,0.240813112322052,3.5427,0.23944103890334,85.1169999999999,1.82911059139559,22.5,0.527046276694729
13,3,15,SA,13.7809947999999,0.284599447993843,2.86409999999999,0.386710184332746,88.519,1.8289672252698,21.8,0.421637021355783
13,0,15,SA + Exact Cache,12.5885179,0.127886106830735,3.2846,0.466200529100228,94.834,0.964102345881047,23.7,0.483045891539647
13,1,15,SA + Exact Cache,12.1327486999999,0.16109348604118,3.7936,0.449123640487165,92.0329999999999,1.22267511810965,23.2,0.788810637746615
13,2,15,SA + Exact Cache,11.6809279,0.184233267204288,3.68729999999999,0.533342926997047,88.743,1.39847575754621,23.7,0.674948557710552
13,3,15,SA + Exact Cache,14.2639606999999,0.191112393980348,3.6223,0.460305707594903,91.62,1.22906468503492,23.1,0.737864787372621
13,0,15,SA + LTMB,12.5869805,0.136459233333011,3.1612,0.526352606782436,94.823,1.02918576230597,24.0,0.471404520791031
13,1,15,SA + LTMB,12.1513516,0.164642733111695,3.8891,0.499308288201454,92.1769999999999,1.24904452371491,22.9,0.316227766016837
13,2,15,SA + LTMB,11.7306114,0.234935395999362,4.0061,0.380706492370872,89.121,1.78253533547647,23.0,1.15470053837925
13,3,15,SA + LTMB,14.1012401,0.168207539606714,3.4511,0.504718502401751,90.574,1.08031065490955,23.2,0.918936583472681
14,0,13,SA,15.5330078,0.296380255653592,2.0755,0.394341152359786,88.316,1.68508621606004,25.5,0.52704627669473
14,1,13,SA,14.4115198999999,0.104952325163433,1.96909999999999,0.31780163274876,93.925,0.682727373602868,25.8,0.421637021355784
14,2,13,SA,13.943857,0.119987624797078,2.011,0.264180073266533,91.5,0.786963220939269,24.8,0.632455532033676
14,3,13,SA,13.5228664,0.394137873929979,2.2556,0.403462293433007,88.419,2.57741666531949,24.8,1.22927259430571
14,0,13,SA + Exact Cache,15.8585725,0.25773340677023,1.97749999999999,0.481345625420145,90.166,1.46575122946107,25.8,0.632455532033675
14,1,13,SA + Exact Cache,14.4305545999999,0.231977617984149,2.0812,0.362910089875348,94.049,1.51213204890754,25.8,0.788810637746615
14,2,13,SA + Exact Cache,14.0647928,0.160868313041581,2.0786,0.232215034444848,92.291,1.05476116306541,25.4,1.07496769977314
14,3,13,SA + Exact Cache,13.7180974,0.214828173507314,2.51729999999999,0.177211769110042,89.696,1.40411458854958,25.3,0.674948557710553
14,0,13,SA + LTMB,15.7636805,0.232593226305902,1.9809,0.356736581932507,89.627,1.32179213359909,25.6,0.699205898780101
14,1,13,SA + LTMB,14.3707942,0.0724444923783411,1.8504,0.290271596957056,93.658,0.472482803919892,25.4,0.516397779494322
14,2,13,SA + LTMB,13.9253472,0.212420264137863,2.0158,0.312647049846592,91.377,1.3960901753747,24.8,0.632455532033675
14,3,13,SA + LTMB,13.6908391,0.155112364372448,2.2516,0.387926739933657,89.515,1.01379649502912,24.8,0.632455532033675
15,0,15,SA,11.8436842,0.208934019090981,3.6417,0.663016180462856,74.151,1.30785192841799,19.4,0.6992058987801
15,1,15,SA,9.8314611,0.169026103470867,3.8867,0.474722854820461,69.905,1.20252743096456,19.3,0.948683298050513
15,2,15,SA,11.7362809,0.283873673920265,3.87209999999999,0.655196230147884,73.463,1.77715159110802,19.7,0.674948557710552
15,3,15,SA,10.5070003999999,0.332789438770791,3.152,0.553323694695167,72.984,2.31096997432294,19.5,0.849836585598797
15,0,15,SA + Exact Cache,12.0308411,0.16443179312641,3.8203,0.580290741305118,75.321,1.02872574900537,19.7,0.948683298050514
15,1,15,SA + Exact Cache,9.922047,0.139876108804262,3.47179999999999,0.616950709358355,70.547,0.995088494110504,20.0,0.942809041582063
15,2,15,SA + Exact Cache,12.1858704,0.056722241097788,4.2452,0.205775389954948,76.277,0.35452785504104,20.2,1.03279555898864
15,3,15,SA + Exact Cache,10.9193406,0.132660401133621,3.8055,0.375102430455113,75.847,0.921472854848271,20.5,0.52704627669473
15,0,15,SA + LTMB,11.9601847,0.153207148494412,3.7903,0.549646361056108,74.88,0.95936321473036,19.4,0.6992058987801
15,1,15,SA + LTMB,9.9619714,0.195889512876349,3.8773,0.340397496400246,70.832,1.39300474594389,19.9,1.28668393770791
15,2,15,SA + LTMB,12.2383805,0.203962800115473,4.3574,0.199486117589949,76.606,1.27749059574707,20.5,0.707106781186547
15,3,15,SA + LTMB,10.8988871,0.195299564143821,3.8765,0.480327261122849,75.705,1.35609938999896,20.5,0.527046276694729
