node_id,date,street_count,edge_list,latitude,longitude,temperature_max,temperature_min,precipitation_sum,snowfall_sum,rain_sum,wind_speed_10m_max,shortwave_radiation_sum
0,2026-01-21 05:00:00+00:00,3,"[32, 1, 61]",32.71440344101586,-97.16935448581474,19.08,11.58,0.0,0.0,0.0,14.05845,8.75
0,2026-01-22 05:00:00+00:00,3,"[32, 1, 61]",32.71440344101586,-97.16935448581474,12.28,5.9300003,0.0,0.0,0.0,10.799999,7.53
0,2026-01-23 05:00:00+00:00,3,"[32, 1, 61]",32.71440344101586,-97.16935448581474,12.38,1.68,13.100001,0.0,13.100001,19.483284,0.66
0,2026-01-24 05:00:00+00:00,3,"[32, 1, 61]",32.71440344101586,-97.16935448581474,1.98,-8.47,14.800001,5.950001,6.2999997,20.608229,2.21
0,2026-01-25 05:00:00+00:00,3,"[32, 1, 61]",32.71440344101586,-97.16935448581474,-6.22,-10.62,7.8,3.8500001,2.2999997,27.333935,12.38
0,2026-01-26 05:00:00+00:00,3,"[32, 1, 61]",32.71440344101586,-97.16935448581474,0.17999999,-8.87,0.0,0.0,0.0,14.77755,15.71
0,2026-01-27 05:00:00+00:00,3,"[32, 1, 61]",32.71440344101586,-97.16935448581474,5.33,-5.97,0.0,0.0,0.0,13.37825,12.92
0,2026-01-28 05:00:00+00:00,3,"[32, 1, 61]",32.71440344101586,-97.16935448581474,9.83,-4.52,0.0,0.0,0.0,10.594036,15.23
0,2026-01-29 05:00:00+00:00,3,"[32, 1, 61]",32.71440344101586,-97.16935448581474,16.179998,2.1799998,0.0,0.0,0.0,22.366402,16.21
1,2026-01-21 05:00:00+00:00,2,"[0, 2]",32.706848400121466,-97.16643396499884,19.015001,11.514999,0.0,0.0,0.0,14.05845,8.75
1,2026-01-22 05:00:00+00:00,2,"[0, 2]",32.706848400121466,-97.16643396499884,12.214999,5.8650002,0.0,0.0,0.0,10.799999,7.53
1,2026-01-23 05:00:00+00:00,2,"[0, 2]",32.706848400121466,-97.16643396499884,12.315,1.615,13.100001,0.0,13.100001,19.483284,0.66
1,2026-01-24 05:00:00+00:00,2,"[0, 2]",32.706848400121466,-97.16643396499884,1.915,-8.535001,14.800001,5.950001,6.2999997,20.608229,2.21
1,2026-01-25 05:00:00+00:00,2,"[0, 2]",32.706848400121466,-97.16643396499884,-6.285,-10.685,7.8,3.8500001,2.2999997,27.333935,12.38
1,2026-01-26 05:00:00+00:00,2,"[0, 2]",32.706848400121466,-97.16643396499884,0.114999995,-8.935,0.0,0.0,0.0,14.77755,15.71
1,2026-01-27 05:00:00+00:00,2,"[0, 2]",32.706848400121466,-97.16643396499884,5.265,-6.035,0.0,0.0,0.0,13.37825,12.92
1,2026-01-28 05:00:00+00:00,2,"[0, 2]",32.706848400121466,-97.16643396499884,9.764999,-4.585,0.0,0.0,0.0,10.594036,15.23
1,2026-01-29 05:00:00+00:00,2,"[0, 2]",32.706848400121466,-97.16643396499884,16.115,2.115,0.0,0.0,0.0,22.366402,16.21
32,2026-01-21 05:00:00+00:00,6,"[0, 2, 76, 30, 61, 62]",32.708765592912286,-97.14861370197477,18.9825,11.4825,0.0,0.0,0.0,14.05845,8.75
32,2026-01-22 05:00:00+00:00,6,"[0, 2, 76, 30, 61, 62]",32.708765592912286,-97.14861370197477,12.1825,5.8325,0.0,0.0,0.0,10.799999,7.53
32,2026-01-23 05:00:00+00:00,6,"[0, 2, 76, 30, 61, 62]",32.708765592912286,-97.14861370197477,12.2825,1.5825,13.100001,0.0,13.100001,19.483284,0.66
32,2026-01-24 05:00:00+00:00,6,"[0, 2, 76, 30, 61, 62]",32.708765592912286,-97.14861370197477,1.8825,-8.5675,14.800001,5.950001,6.2999997,20.608229,2.21
32,2026-01-25 05:00:00+00:00,6,"[0, 2, 76, 30, 61, 62]",32.708765592912286,-97.14861370197477,-6.3175,-10.7175,7.8,3.8500001,2.2999997,27.333935,12.38
32,2026-01-26 05:00:00+00:00,6,"[0, 2, 76, 30, 61, 62]",32.708765592912286,-97.14861370197477,0.082499996,-8.9675,0.0,0.0,0.0,14.77755,15.71
32,2026-01-27 05:00:00+00:00,6,"[0, 2, 76, 30, 61, 62]",32.708765592912286,-97.14861370197477,5.2324996,-6.0675,0.0,0.0,0.0,13.37825,12.92
32,2026-01-28 05:00:00+00:00,6,"[0, 2, 76, 30, 61, 62]",32.708765592912286,-97.14861370197477,9.7325,-4.6175003,0.0,0.0,0.0,10.594036,15.23
32,2026-01-29 05:00:00+00:00,6,"[0, 2, 76, 30, 61, 62]",32.708765592912286,-97.14861370197477,16.082499,2.0825,0.0,0.0,0.0,22.366402,16.21
61,2026-01-21 05:00:00+00:00,4,"[0, 32, 42, 46]",32.721344,-97.149127,18.913,11.462999,0.1,0.0,0.1,13.979871,7.97
61,2026-01-22 05:00:00+00:00,4,"[0, 32, 42, 46]",32.721344,-97.149127,12.212999,5.713,0.0,0.0,0.0,10.805999,7.51
61,2026-01-23 05:00:00+00:00,4,"[0, 32, 42, 46]",32.721344,-97.149127,12.162999,1.563,11.8,0.0,11.8,18.86139,0.77
61,2026-01-24 05:00:00+00:00,4,"[0, 32, 42, 46]",32.721344,-97.149127,1.913,-8.487,16.800001,6.6500006,7.3,20.617662,2.3
61,2026-01-25 05:00:00+00:00,4,"[0, 32, 42, 46]",32.721344,-97.149127,-6.287,-10.737,8.7,4.34,2.4999998,27.059933,11.71
61,2026-01-26 05:00:00+00:00,4,"[0, 32, 42, 46]",32.721344,-97.149127,0.163,-8.937,0.0,0.0,0.0,14.982228,15.3
61,2026-01-27 05:00:00+00:00,4,"[0, 32, 42, 46]",32.721344,-97.149127,5.413,-5.837,0.0,0.0,0.0,13.849477,12.98
61,2026-01-28 05:00:00+00:00,4,"[0, 32, 42, 46]",32.721344,-97.149127,9.863,-4.287,0.0,0.0,0.0,9.793058,15.33
61,2026-01-29 05:00:00+00:00,4,"[0, 32, 42, 46]",32.721344,-97.149127,16.363,2.063,0.0,0.0,0.0,23.4,16.13
2,2026-01-21 05:00:00+00:00,3,"[32, 1]",32.706817199999996,-97.1612151,19.015001,11.514999,0.0,0.0,0.0,14.05845,8.75
2,2026-01-22 05:00:00+00:00,3,"[32, 1]",32.706817199999996,-97.1612151,12.214999,5.8650002,0.0,0.0,0.0,10.799999,7.53
2,2026-01-23 05:00:00+00:00,3,"[32, 1]",32.706817199999996,-97.1612151,12.315,1.615,13.100001,0.0,13.100001,19.483284,0.66
2,2026-01-24 05:00:00+00:00,3,"[32, 1]",32.706817199999996,-97.1612151,1.915,-8.535001,14.800001,5.950001,6.2999997,20.608229,2.21
2,2026-01-25 05:00:00+00:00,3,"[32, 1]",32.706817199999996,-97.1612151,-6.285,-10.685,7.8,3.8500001,2.2999997,27.333935,12.38
2,2026-01-26 05:00:00+00:00,3,"[32, 1]",32.706817199999996,-97.1612151,0.114999995,-8.935,0.0,0.0,0.0,14.77755,15.71
2,2026-01-27 05:00:00+00:00,3,"[32, 1]",32.706817199999996,-97.1612151,5.265,-6.035,0.0,0.0,0.0,13.37825,12.92
2,2026-01-28 05:00:00+00:00,3,"[32, 1]",32.706817199999996,-97.1612151,9.764999,-4.585,0.0,0.0,0.0,10.594036,15.23
2,2026-01-29 05:00:00+00:00,3,"[32, 1]",32.706817199999996,-97.1612151,16.115,2.115,0.0,0.0,0.0,22.366402,16.21
3,2026-01-21 05:00:00+00:00,8,"[35, 13, 14, 20, 23, 26]",32.679238608462626,-97.10755792020565,18.969501,11.3695,0.0,0.0,0.0,13.237038,7.87
3,2026-01-22 05:00:00+00:00,8,"[35, 13, 14, 20, 23, 26]",32.679238608462626,-97.10755792020565,12.5695,5.5695,0.0,0.0,0.0,11.159999,7.58
3,2026-01-23 05:00:00+00:00,8,"[35, 13, 14, 20, 23, 26]",32.679238608462626,-97.10755792020565,12.0195,1.7195001,13.3,0.0,13.3,20.00512,0.63
3,2026-01-24 05:00:00+00:00,8,"[35, 13, 14, 20, 23, 26]",32.679238608462626,-97.10755792020565,1.6195,-8.6805,14.8,6.09,6.1000004,21.611996,2.39
3,2026-01-25 05:00:00+00:00,8,"[35, 13, 14, 20, 23, 26]",32.679238608462626,-97.10755792020565,-6.4805,-10.830501,8.1,3.85,2.6,25.582806,12.41
3,2026-01-26 05:00:00+00:00,8,"[35, 13, 14, 20, 23, 26]",32.679238608462626,-97.10755792020565,-0.1805,-9.330501,0.0,0.0,0.0,15.192682,15.35
3,2026-01-27 05:00:00+00:00,8,"[35, 13, 14, 20, 23, 26]",32.679238608462626,-97.10755792020565,4.8694997,-5.5305004,0.0,0.0,0.0,13.37825,12.96
3,2026-01-28 05:00:00+00:00,8,"[35, 13, 14, 20, 23, 26]",32.679238608462626,-97.10755792020565,9.419499,-4.0805,0.0,0.0,0.0,9.422101,15.21
3,2026-01-29 05:00:00+00:00,8,"[35, 13, 14, 20, 23, 26]",32.679238608462626,-97.10755792020565,15.5695,2.2695,0.0,0.0,0.0,21.30093,16.27
26,2026-01-21 05:00:00+00:00,3,[3],32.6779283,-97.1225962,18.9435,11.3435,0.0,0.0,0.0,13.237038,7.87
26,2026-01-22 05:00:00+00:00,3,[3],32.6779283,-97.1225962,12.5435,5.5435004,0.0,0.0,0.0,11.159999,7.58
26,2026-01-23 05:00:00+00:00,3,[3],32.6779283,-97.1225962,11.9935,1.6935,13.3,0.0,13.3,20.00512,0.63
26,2026-01-24 05:00:00+00:00,3,[3],32.6779283,-97.1225962,1.5935,-8.7065,14.8,6.09,6.1000004,21.611996,2.39
26,2026-01-25 05:00:00+00:00,3,[3],32.6779283,-97.1225962,-6.5065,-10.856501,8.1,3.85,2.6,25.582806,12.41
26,2026-01-26 05:00:00+00:00,3,[3],32.6779283,-97.1225962,-0.20650001,-9.356501,0.0,0.0,0.0,15.192682,15.35
26,2026-01-27 05:00:00+00:00,3,[3],32.6779283,-97.1225962,4.8435,-5.5565,0.0,0.0,0.0,13.37825,12.96
26,2026-01-28 05:00:00+00:00,3,[3],32.6779283,-97.1225962,9.393499,-4.1064997,0.0,0.0,0.0,9.422101,15.21
26,2026-01-29 05:00:00+00:00,3,[3],32.6779283,-97.1225962,15.5435,2.2435,0.0,0.0,0.0,21.30093,16.27
35,2026-01-21 05:00:00+00:00,4,"[41, 3, 36, 22]",32.69099358503371,-97.11616830867855,19.008501,11.408501,0.0,0.0,0.0,13.237038,7.87
35,2026-01-22 05:00:00+00:00,4,"[41, 3, 36, 22]",32.69099358503371,-97.11616830867855,12.6085005,5.6085,0.0,0.0,0.0,11.159999,7.58
35,2026-01-23 05:00:00+00:00,4,"[41, 3, 36, 22]",32.69099358503371,-97.11616830867855,12.0585,1.7585001,13.3,0.0,13.3,20.00512,0.63
35,2026-01-24 05:00:00+00:00,4,"[41, 3, 36, 22]",32.69099358503371,-97.11616830867855,1.6585001,-8.6414995,14.8,6.09,6.1000004,21.611996,2.39
35,2026-01-25 05:00:00+00:00,4,"[41, 3, 36, 22]",32.69099358503371,-97.11616830867855,-6.4415,-10.7915,8.1,3.85,2.6,25.582806,12.41
35,2026-01-26 05:00:00+00:00,4,"[41, 3, 36, 22]",32.69099358503371,-97.11616830867855,-0.1415,-9.2915,0.0,0.0,0.0,15.192682,15.35
35,2026-01-27 05:00:00+00:00,4,"[41, 3, 36, 22]",32.69099358503371,-97.11616830867855,4.9084997,-5.4915004,0.0,0.0,0.0,13.37825,12.96
35,2026-01-28 05:00:00+00:00,4,"[41, 3, 36, 22]",32.69099358503371,-97.11616830867855,9.4585,-4.0415,0.0,0.0,0.0,9.422101,15.21
35,2026-01-29 05:00:00+00:00,4,"[41, 3, 36, 22]",32.69099358503371,-97.11616830867855,15.6085005,2.3085,0.0,0.0,0.0,21.30093,16.27
23,2026-01-21 05:00:00+00:00,5,"[65, 3, 81, 22, 24]",32.68861002742158,-97.09658094548084,18.8545,11.4545,0.0,0.0,0.0,12.4811535,7.89
23,2026-01-22 05:00:00+00:00,5,"[65, 3, 81, 22, 24]",32.68861002742158,-97.09658094548084,12.804501,5.5545,0.0,0.0,0.0,10.805999,6.7
23,2026-01-23 05:00:00+00:00,5,"[65, 3, 81, 22, 24]",32.68861002742158,-97.09658094548084,11.9545,2.0045,10.6,0.0,10.6,20.49156,0.63
23,2026-01-24 05:00:00+00:00,5,"[65, 3, 81, 22, 24]",32.68861002742158,-97.09658094548084,1.6545,-8.4955,14.500002,5.9500012,5.9999995,21.068459,2.91
23,2026-01-25 05:00:00+00:00,5,"[65, 3, 81, 22, 24]",32.68861002742158,-97.09658094548084,-6.4455,-10.7955,8.499999,4.1299996,2.6,24.066206,13.28
23,2026-01-26 05:00:00+00:00,5,"[65, 3, 81, 22, 24]",32.68861002742158,-97.09658094548084,-0.1455,-9.9955,0.0,0.0,0.0,14.48972,15.22
23,2026-01-27 05:00:00+00:00,5,"[65, 3, 81, 22, 24]",32.68861002742158,-97.09658094548084,4.8045,-5.5455,0.0,0.0,0.0,14.007655,13.07
23,2026-01-28 05:00:00+00:00,5,"[65, 3, 81, 22, 24]",32.68861002742158,-97.09658094548084,9.3545,-4.0955,0.0,0.0,0.0,8.049845,15.39
23,2026-01-29 05:00:00+00:00,5,"[65, 3, 81, 22, 24]",32.68861002742158,-97.09658094548084,15.6045,0.9545,0.0,0.0,0.0,21.26744,16.21
4,2026-01-21 05:00:00+00:00,15,"[69, 5, 40, 74, 79, 80, 17, 18, 82, 21, 58, 29]",32.76055657398489,-97.08306481358463,18.25,11.35,0.1,0.0,0.1,13.004922,7.11
4,2026-01-22 05:00:00+00:00,15,"[69, 5, 40, 74, 79, 80, 17, 18, 82, 21, 58, 29]",32.76055657398489,-97.08306481358463,11.75,5.55,0.0,0.0,0.0,9.605998,6.92
4,2026-01-23 05:00:00+00:00,15,"[69, 5, 40, 74, 79, 80, 17, 18, 82, 21, 58, 29]",32.76055657398489,-97.08306481358463,11.9,1.5,11.6,0.0,11.6,20.456745,0.67
4,2026-01-24 05:00:00+00:00,15,"[69, 5, 40, 74, 79, 80, 17, 18, 82, 21, 58, 29]",32.76055657398489,-97.08306481358463,1.85,-8.35,18.500002,7.0,8.499999,21.915693,2.26
4,2026-01-25 05:00:00+00:00,15,"[69, 5, 40, 74, 79, 80, 17, 18, 82, 21, 58, 29]",32.76055657398489,-97.08306481358463,-6.25,-10.8,9.7,4.9,2.7000003,23.233252,12.02
4,2026-01-26 05:00:00+00:00,15,"[69, 5, 40, 74, 79, 80, 17, 18, 82, 21, 58, 29]",32.76055657398489,-97.08306481358463,-0.05,-9.2,0.0,0.0,0.0,13.527572,14.39
4,2026-01-27 05:00:00+00:00,15,"[69, 5, 40, 74, 79, 80, 17, 18, 82, 21, 58, 29]",32.76055657398489,-97.08306481358463,4.9,-5.0,0.0,0.0,0.0,12.496719,13.25
4,2026-01-28 05:00:00+00:00,15,"[69, 5, 40, 74, 79, 80, 17, 18, 82, 21, 58, 29]",32.76055657398489,-97.08306481358463,9.65,-4.05,0.0,0.0,0.0,8.534353,15.37
4,2026-01-29 05:00:00+00:00,15,"[69, 5, 40, 74, 79, 80, 17, 18, 82, 21, 58, 29]",32.76055657398489,-97.08306481358463,16.25,2.6,0.0,0.0,0.0,21.924562,16.16
18,2026-01-21 05:00:00+00:00,4,"[8, 74, 4, 78]",32.74869166808994,-97.08134104514313,18.2825,11.382501,0.1,0.0,0.1,13.004922,7.11
18,2026-01-22 05:00:00+00:00,4,"[8, 74, 4, 78]",32.74869166808994,-97.08134104514313,11.7825,5.5825,0.0,0.0,0.0,9.605998,6.92
18,2026-01-23 05:00:00+00:00,4,"[8, 74, 4, 78]",32.74869166808994,-97.08134104514313,11.9325,1.5325,11.6,0.0,11.6,20.456745,0.67
18,2026-01-24 05:00:00+00:00,4,"[8, 74, 4, 78]",32.74869166808994,-97.08134104514313,1.8825,-8.3175,18.500002,7.0,8.499999,21.915693,2.26
18,2026-01-25 05:00:00+00:00,4,"[8, 74, 4, 78]",32.74869166808994,-97.08134104514313,-6.2175,-10.7675,9.7,4.9,2.7000003,23.233252,12.02
18,2026-01-26 05:00:00+00:00,4,"[8, 74, 4, 78]",32.74869166808994,-97.08134104514313,-0.017500002,-9.1675,0.0,0.0,0.0,13.527572,14.39
18,2026-01-27 05:00:00+00:00,4,"[8, 74, 4, 78]",32.74869166808994,-97.08134104514313,4.9325,-4.9675,0.0,0.0,0.0,12.496719,13.25
18,2026-01-28 05:00:00+00:00,4,"[8, 74, 4, 78]",32.74869166808994,-97.08134104514313,9.6825,-4.0175004,0.0,0.0,0.0,8.534353,15.37
18,2026-01-29 05:00:00+00:00,4,"[8, 74, 4, 78]",32.74869166808994,-97.08134104514313,16.2825,2.6325,0.0,0.0,0.0,21.924562,16.16
17,2026-01-21 05:00:00+00:00,4,"[56, 10, 43, 4]",32.75983706553993,-97.13103070447522,18.452,11.352,0.1,0.0,0.1,13.513193,7.11
17,2026-01-22 05:00:00+00:00,4,"[56, 10, 43, 4]",32.75983706553993,-97.13103070447522,12.002,5.552,0.0,0.0,0.0,10.105681,7.28
17,2026-01-23 05:00:00+00:00,4,"[56, 10, 43, 4]",32.75983706553993,-97.13103070447522,12.102,1.5020001,12.000001,0.0,12.000001,20.176065,0.77
17,2026-01-24 05:00:00+00:00,4,"[56, 10, 43, 4]",32.75983706553993,-97.13103070447522,1.9020001,-8.398,18.1,6.8600006,8.3,20.969805,2.14
17,2026-01-25 05:00:00+00:00,4,"[56, 10, 43, 4]",32.75983706553993,-97.13103070447522,-6.198,-10.548,9.3,4.69,2.6,24.993437,12.07
17,2026-01-26 05:00:00+00:00,4,"[56, 10, 43, 4]",32.75983706553993,-97.13103070447522,0.102,-9.248,0.0,0.0,0.0,14.186923,14.66
17,2026-01-27 05:00:00+00:00,4,"[56, 10, 43, 4]",32.75983706553993,-97.13103070447522,5.002,-4.648,0.0,0.0,0.0,12.72283,13.42
17,2026-01-28 05:00:00+00:00,4,"[56, 10, 43, 4]",32.75983706553993,-97.13103070447522,9.852,-4.248,0.0,0.0,0.0,8.287822,15.23
17,2026-01-29 05:00:00+00:00,4,"[56, 10, 43, 4]",32.75983706553993,-97.13103070447522,16.352,2.602,0.0,0.0,0.0,22.728518,16.13
29,2026-01-21 05:00:00+00:00,2,"[43, 4]",32.76480015000031,-97.12661909999993,18.4065,11.3065,0.1,0.0,0.1,13.513193,7.11
29,2026-01-22 05:00:00+00:00,2,"[43, 4]",32.76480015000031,-97.12661909999993,11.9565,5.5065,0.0,0.0,0.0,10.105681,7.28
29,2026-01-23 05:00:00+00:00,2,"[43, 4]",32.76480015000031,-97.12661909999993,12.0565,1.4565,12.000001,0.0,12.000001,20.176065,0.77
29,2026-01-24 05:00:00+00:00,2,"[43, 4]",32.76480015000031,-97.12661909999993,1.8565,-8.4435,18.1,6.8600006,8.3,20.969805,2.14
29,2026-01-25 05:00:00+00:00,2,"[43, 4]",32.76480015000031,-97.12661909999993,-6.2435,-10.5935,9.3,4.69,2.6,24.993437,12.07
29,2026-01-26 05:00:00+00:00,2,"[43, 4]",32.76480015000031,-97.12661909999993,0.056500003,-9.2935,0.0,0.0,0.0,14.186923,14.66
29,2026-01-27 05:00:00+00:00,2,"[43, 4]",32.76480015000031,-97.12661909999993,4.9564996,-4.6935,0.0,0.0,0.0,12.72283,13.42
29,2026-01-28 05:00:00+00:00,2,"[43, 4]",32.76480015000031,-97.12661909999993,9.8065,-4.2935004,0.0,0.0,0.0,8.287822,15.23
29,2026-01-29 05:00:00+00:00,2,"[43, 4]",32.76480015000031,-97.12661909999993,16.3065,2.5565,0.0,0.0,0.0,22.728518,16.13
40,2026-01-21 05:00:00+00:00,3,[4],32.7662637247291,-97.09674250925559,18.185,11.285001,0.1,0.0,0.1,13.004922,7.11
40,2026-01-22 05:00:00+00:00,3,[4],32.7662637247291,-97.09674250925559,11.685,5.485,0.0,0.0,0.0,9.605998,6.92
40,2026-01-23 05:00:00+00:00,3,[4],32.7662637247291,-97.09674250925559,11.835,1.435,11.6,0.0,11.6,20.456745,0.67
40,2026-01-24 05:00:00+00:00,3,[4],32.7662637247291,-97.09674250925559,1.7850001,-8.415,18.500002,7.0,8.499999,21.915693,2.26
40,2026-01-25 05:00:00+00:00,3,[4],32.7662637247291,-97.09674250925559,-6.315,-10.865,9.7,4.9,2.7000003,23.233252,12.02
40,2026-01-26 05:00:00+00:00,3,[4],32.7662637247291,-97.09674250925559,-0.114999995,-9.264999,0.0,0.0,0.0,13.527572,14.39
40,2026-01-27 05:00:00+00:00,3,[4],32.7662637247291,-97.09674250925559,4.835,-5.065,0.0,0.0,0.0,12.496719,13.25
40,2026-01-28 05:00:00+00:00,3,[4],32.7662637247291,-97.09674250925559,9.585,-4.1150002,0.0,0.0,0.0,8.534353,15.37
40,2026-01-29 05:00:00+00:00,3,[4],32.7662637247291,-97.09674250925559,16.185,2.5349998,0.0,0.0,0.0,21.924562,16.16
69,2026-01-21 05:00:00+00:00,3,[4],32.7643494,-97.1144374,18.432499,11.3325,0.1,0.0,0.1,13.513193,7.11
69,2026-01-22 05:00:00+00:00,3,[4],32.7643494,-97.1144374,11.9825,5.5325,0.0,0.0,0.0,10.105681,7.28
69,2026-01-23 05:00:00+00:00,3,[4],32.7643494,-97.1144374,12.0825,1.4825001,12.000001,0.0,12.000001,20.176065,0.77
69,2026-01-24 05:00:00+00:00,3,[4],32.7643494,-97.1144374,1.8825,-8.4175,18.1,6.8600006,8.3,20.969805,2.14
69,2026-01-25 05:00:00+00:00,3,[4],32.7643494,-97.1144374,-6.2175,-10.5675,9.3,4.69,2.6,24.993437,12.07
69,2026-01-26 05:00:00+00:00,3,[4],32.7643494,-97.1144374,0.082499996,-9.2675,0.0,0.0,0.0,14.186923,14.66
69,2026-01-27 05:00:00+00:00,3,[4],32.7643494,-97.1144374,4.9824996,-4.6675,0.0,0.0,0.0,12.72283,13.42
69,2026-01-28 05:00:00+00:00,3,[4],32.7643494,-97.1144374,9.8325,-4.2675004,0.0,0.0,0.0,8.287822,15.23
69,2026-01-29 05:00:00+00:00,3,[4],32.7643494,-97.1144374,16.332499,2.5825,0.0,0.0,0.0,22.728518,16.13
74,2026-01-21 05:00:00+00:00,7,"[66, 4, 79, 80, 18, 21, 54]",32.75018162486984,-97.09314436001304,18.3215,11.4215,0.1,0.0,0.1,13.004922,7.11
74,2026-01-22 05:00:00+00:00,7,"[66, 4, 79, 80, 18, 21, 54]",32.75018162486984,-97.09314436001304,11.8215,5.6215,0.0,0.0,0.0,9.605998,6.92
74,2026-01-23 05:00:00+00:00,7,"[66, 4, 79, 80, 18, 21, 54]",32.75018162486984,-97.09314436001304,11.971499,1.5715001,11.6,0.0,11.6,20.456745,0.67
74,2026-01-24 05:00:00+00:00,7,"[66, 4, 79, 80, 18, 21, 54]",32.75018162486984,-97.09314436001304,1.9215,-8.278501,18.500002,7.0,8.499999,21.915693,2.26
74,2026-01-25 05:00:00+00:00,7,"[66, 4, 79, 80, 18, 21, 54]",32.75018162486984,-97.09314436001304,-6.1785,-10.7285,9.7,4.9,2.7000003,23.233252,12.02
74,2026-01-26 05:00:00+00:00,7,"[66, 4, 79, 80, 18, 21, 54]",32.75018162486984,-97.09314436001304,0.021500003,-9.1285,0.0,0.0,0.0,13.527572,14.39
74,2026-01-27 05:00:00+00:00,7,"[66, 4, 79, 80, 18, 21, 54]",32.75018162486984,-97.09314436001304,4.9715,-4.9285,0.0,0.0,0.0,12.496719,13.25
74,2026-01-28 05:00:00+00:00,7,"[66, 4, 79, 80, 18, 21, 54]",32.75018162486984,-97.09314436001304,9.721499,-3.9785001,0.0,0.0,0.0,8.534353,15.37
74,2026-01-29 05:00:00+00:00,7,"[66, 4, 79, 80, 18, 21, 54]",32.75018162486984,-97.09314436001304,16.3215,2.6715,0.0,0.0,0.0,21.924562,16.16
21,2026-01-21 05:00:00+00:00,4,"[74, 59, 4, 58]",32.75093219876609,-97.10552867184762,18.2045,11.304501,0.1,0.0,0.1,13.004922,7.11
21,2026-01-22 05:00:00+00:00,4,"[74, 59, 4, 58]",32.75093219876609,-97.10552867184762,11.7045,5.5045004,0.0,0.0,0.0,9.605998,6.92
21,2026-01-23 05:00:00+00:00,4,"[74, 59, 4, 58]",32.75093219876609,-97.10552867184762,11.8545,1.4545,11.6,0.0,11.6,20.456745,0.67
21,2026-01-24 05:00:00+00:00,4,"[74, 59, 4, 58]",32.75093219876609,-97.10552867184762,1.8045,-8.3955,18.500002,7.0,8.499999,21.915693,2.26
21,2026-01-25 05:00:00+00:00,4,"[74, 59, 4, 58]",32.75093219876609,-97.10552867184762,-6.2955,-10.8455,9.7,4.9,2.7000003,23.233252,12.02
21,2026-01-26 05:00:00+00:00,4,"[74, 59, 4, 58]",32.75093219876609,-97.10552867184762,-0.09550001,-9.2455,0.0,0.0,0.0,13.527572,14.39
21,2026-01-27 05:00:00+00:00,4,"[74, 59, 4, 58]",32.75093219876609,-97.10552867184762,4.8545003,-5.0455,0.0,0.0,0.0,12.496719,13.25
21,2026-01-28 05:00:00+00:00,4,"[74, 59, 4, 58]",32.75093219876609,-97.10552867184762,9.6045,-4.0955,0.0,0.0,0.0,8.534353,15.37
21,2026-01-29 05:00:00+00:00,4,"[74, 59, 4, 58]",32.75093219876609,-97.10552867184762,16.2045,2.5544999,0.0,0.0,0.0,21.924562,16.16
82,2026-01-21 05:00:00+00:00,1,[4],32.77125825002136,-97.07370249999843,18.3675,11.5675,0.1,0.0,0.1,12.397806,6.9
82,2026-01-22 05:00:00+00:00,1,[4],32.77125825002136,-97.07370249999843,11.8175,5.5675,0.0,0.0,0.0,9.605998,6.62
82,2026-01-23 05:00:00+00:00,1,[4],32.77125825002136,-97.07370249999843,11.8175,1.6675,11.799999,0.0,11.799999,21.370783,0.6
82,2026-01-24 05:00:00+00:00,1,[4],32.77125825002136,-97.07370249999843,1.8675,-8.1825,18.4,7.140001,8.2,21.629978,2.07
82,2026-01-25 05:00:00+00:00,1,[4],32.77125825002136,-97.07370249999843,-6.1324997,-10.7825,9.5,4.76,2.6999998,21.437386,11.77
82,2026-01-26 05:00:00+00:00,1,[4],32.77125825002136,-97.07370249999843,-0.082499996,-9.4325,0.0,0.0,0.0,13.397612,14.63
82,2026-01-27 05:00:00+00:00,1,[4],32.77125825002136,-97.07370249999843,4.8675003,-5.2324996,0.0,0.0,0.0,12.661564,13.03
82,2026-01-28 05:00:00+00:00,1,[4],32.77125825002136,-97.07370249999843,9.617499,-3.6825001,0.0,0.0,0.0,7.5170207,15.27
82,2026-01-29 05:00:00+00:00,1,[4],32.77125825002136,-97.07370249999843,16.1175,2.4175,0.0,0.0,0.0,20.991426,16.16
5,2026-01-21 05:00:00+00:00,8,"[33, 4, 8, 78, 19]",32.74453253887884,-97.06477662483866,18.487,11.687,0.0,0.0,0.0,12.7279215,7.17
5,2026-01-22 05:00:00+00:00,8,"[33, 4, 8, 78, 19]",32.74453253887884,-97.06477662483866,12.137,5.587,0.0,0.0,0.0,9.726665,6.7
5,2026-01-23 05:00:00+00:00,8,"[33, 4, 8, 78, 19]",32.74453253887884,-97.06477662483866,11.737,1.737,10.400002,0.0,10.400002,21.068459,0.64
5,2026-01-24 05:00:00+00:00,8,"[33, 4, 8, 78, 19]",32.74453253887884,-97.06477662483866,1.737,-8.363,17.4,6.86,7.5999994,21.288757,2.18
5,2026-01-25 05:00:00+00:00,8,"[33, 4, 8, 78, 19]",32.74453253887884,-97.06477662483866,-6.263,-10.912999,8.900001,4.41,2.6000001,21.9718,11.69
5,2026-01-26 05:00:00+00:00,8,"[33, 4, 8, 78, 19]",32.74453253887884,-97.06477662483866,-0.063,-10.113,0.0,0.0,0.0,14.8257065,14.77
5,2026-01-27 05:00:00+00:00,8,"[33, 4, 8, 78, 19]",32.74453253887884,-97.06477662483866,4.987,-5.213,0.0,0.0,0.0,13.684735,13.13
5,2026-01-28 05:00:00+00:00,8,"[33, 4, 8, 78, 19]",32.74453253887884,-97.06477662483866,9.887,-2.263,0.0,0.0,0.0,6.9899354,14.97
5,2026-01-29 05:00:00+00:00,8,"[33, 4, 8, 78, 19]",32.74453253887884,-97.06477662483866,16.487,2.087,0.0,0.0,0.0,22.862123,16.18
79,2026-01-21 05:00:00+00:00,2,"[74, 4]",32.75447550039909,-97.08583115036407,18.315,11.415,0.1,0.0,0.1,13.004922,7.11
79,2026-01-22 05:00:00+00:00,2,"[74, 4]",32.75447550039909,-97.08583115036407,11.815,5.6150002,0.0,0.0,0.0,9.605998,6.92
79,2026-01-23 05:00:00+00:00,2,"[74, 4]",32.75447550039909,-97.08583115036407,11.964999,1.565,11.6,0.0,11.6,20.456745,0.67
79,2026-01-24 05:00:00+00:00,2,"[74, 4]",32.75447550039909,-97.08583115036407,1.915,-8.285001,18.500002,7.0,8.499999,21.915693,2.26
79,2026-01-25 05:00:00+00:00,2,"[74, 4]",32.75447550039909,-97.08583115036407,-6.185,-10.735001,9.7,4.9,2.7000003,23.233252,12.02
79,2026-01-26 05:00:00+00:00,2,"[74, 4]",32.75447550039909,-97.08583115036407,0.014999997,-9.135,0.0,0.0,0.0,13.527572,14.39
79,2026-01-27 05:00:00+00:00,2,"[74, 4]",32.75447550039909,-97.08583115036407,4.965,-4.935,0.0,0.0,0.0,12.496719,13.25
79,2026-01-28 05:00:00+00:00,2,"[74, 4]",32.75447550039909,-97.08583115036407,9.714999,-3.9850001,0.0,0.0,0.0,8.534353,15.37
79,2026-01-29 05:00:00+00:00,2,"[74, 4]",32.75447550039909,-97.08583115036407,16.315,2.665,0.0,0.0,0.0,21.924562,16.16
58,2026-01-21 05:00:00+00:00,5,"[4, 37, 68, 21, 57]",32.750006133377774,-97.11355670153299,18.322,11.222,0.1,0.0,0.1,13.513193,7.11
58,2026-01-22 05:00:00+00:00,5,"[4, 37, 68, 21, 57]",32.750006133377774,-97.11355670153299,11.872,5.422,0.0,0.0,0.0,10.105681,7.28
58,2026-01-23 05:00:00+00:00,5,"[4, 37, 68, 21, 57]",32.750006133377774,-97.11355670153299,11.972,1.3720001,12.000001,0.0,12.000001,20.176065,0.77
58,2026-01-24 05:00:00+00:00,5,"[4, 37, 68, 21, 57]",32.750006133377774,-97.11355670153299,1.7720001,-8.528,18.1,6.8600006,8.3,20.969805,2.14
58,2026-01-25 05:00:00+00:00,5,"[4, 37, 68, 21, 57]",32.750006133377774,-97.11355670153299,-6.328,-10.678,9.3,4.69,2.6,24.993437,12.07
58,2026-01-26 05:00:00+00:00,5,"[4, 37, 68, 21, 57]",32.750006133377774,-97.11355670153299,-0.028,-9.378,0.0,0.0,0.0,14.186923,14.66
58,2026-01-27 05:00:00+00:00,5,"[4, 37, 68, 21, 57]",32.750006133377774,-97.11355670153299,4.8719997,-4.778,0.0,0.0,0.0,12.72283,13.42
58,2026-01-28 05:00:00+00:00,5,"[4, 37, 68, 21, 57]",32.750006133377774,-97.11355670153299,9.722,-4.3780003,0.0,0.0,0.0,8.287822,15.23
58,2026-01-29 05:00:00+00:00,5,"[4, 37, 68, 21, 57]",32.750006133377774,-97.11355670153299,16.222,2.472,0.0,0.0,0.0,22.728518,16.13
8,2026-01-21 05:00:00+00:00,6,"[66, 5, 9, 18, 52, 54]",32.738189662902414,-97.0838377837219,18.469501,11.4695,0.1,0.0,0.1,13.004921,7.43
8,2026-01-22 05:00:00+00:00,6,"[66, 5, 9, 18, 52, 54]",32.738189662902414,-97.0838377837219,11.8195,5.5695,0.0,0.0,0.0,9.746631,6.97
8,2026-01-23 05:00:00+00:00,6,"[66, 5, 9, 18, 52, 54]",32.738189662902414,-97.0838377837219,11.8695,1.5695,10.8,0.0,10.8,19.201874,0.7
8,2026-01-24 05:00:00+00:00,6,"[66, 5, 9, 18, 52, 54]",32.738189662902414,-97.0838377837219,1.7695,-8.4305,16.900002,6.6500006,7.3999996,21.068459,2.41
8,2026-01-25 05:00:00+00:00,6,"[66, 5, 9, 18, 52, 54]",32.738189662902414,-97.0838377837219,-6.2805004,-10.830501,9.1,4.48,2.6999998,22.771244,12.35
8,2026-01-26 05:00:00+00:00,6,"[66, 5, 9, 18, 52, 54]",32.738189662902414,-97.0838377837219,-0.0805,-9.1805,0.0,0.0,0.0,15.463246,14.51
8,2026-01-27 05:00:00+00:00,6,"[66, 5, 9, 18, 52, 54]",32.738189662902414,-97.0838377837219,4.9195,-5.0805,0.0,0.0,0.0,13.049689,13.08
8,2026-01-28 05:00:00+00:00,6,"[66, 5, 9, 18, 52, 54]",32.738189662902414,-97.0838377837219,9.669499,-3.4305,0.0,0.0,0.0,7.968939,15.14
8,2026-01-29 05:00:00+00:00,6,"[66, 5, 9, 18, 52, 54]",32.738189662902414,-97.0838377837219,16.0195,2.4195,0.0,0.0,0.0,20.929594,16.21
19,2026-01-21 05:00:00+00:00,7,"[9, 5, 6, 25]",32.73425310628398,-97.06336440800546,18.4675,11.6675,0.0,0.0,0.0,12.7279215,7.17
19,2026-01-22 05:00:00+00:00,7,"[9, 5, 6, 25]",32.73425310628398,-97.06336440800546,12.117499,5.5675,0.0,0.0,0.0,9.726665,6.7
19,2026-01-23 05:00:00+00:00,7,"[9, 5, 6, 25]",32.73425310628398,-97.06336440800546,11.7175,1.7175,10.400002,0.0,10.400002,21.068459,0.64
19,2026-01-24 05:00:00+00:00,7,"[9, 5, 6, 25]",32.73425310628398,-97.06336440800546,1.7175,-8.382501,17.4,6.86,7.5999994,21.288757,2.18
19,2026-01-25 05:00:00+00:00,7,"[9, 5, 6, 25]",32.73425310628398,-97.06336440800546,-6.2825,-10.9325,8.900001,4.41,2.6000001,21.9718,11.69
19,2026-01-26 05:00:00+00:00,7,"[9, 5, 6, 25]",32.73425310628398,-97.06336440800546,-0.082499996,-10.132501,0.0,0.0,0.0,14.8257065,14.77
19,2026-01-27 05:00:00+00:00,7,"[9, 5, 6, 25]",32.73425310628398,-97.06336440800546,4.9675,-5.2324996,0.0,0.0,0.0,13.684735,13.13
19,2026-01-28 05:00:00+00:00,7,"[9, 5, 6, 25]",32.73425310628398,-97.06336440800546,9.867499,-2.2825,0.0,0.0,0.0,6.9899354,14.97
19,2026-01-29 05:00:00+00:00,7,"[9, 5, 6, 25]",32.73425310628398,-97.06336440800546,16.4675,2.0674999,0.0,0.0,0.0,22.862123,16.18
33,2026-01-21 05:00:00+00:00,1,[5],32.74882460000051,-97.05495769999837,18.3415,11.5415,0.1,0.0,0.1,12.397806,6.9
33,2026-01-22 05:00:00+00:00,1,[5],32.74882460000051,-97.05495769999837,11.7915,5.5415,0.0,0.0,0.0,9.605998,6.62
33,2026-01-23 05:00:00+00:00,1,[5],32.74882460000051,-97.05495769999837,11.7915,1.6415,11.799999,0.0,11.799999,21.370783,0.6
33,2026-01-24 05:00:00+00:00,1,[5],32.74882460000051,-97.05495769999837,1.8414999,-8.2085,18.4,7.140001,8.2,21.629978,2.07
33,2026-01-25 05:00:00+00:00,1,[5],32.74882460000051,-97.05495769999837,-6.1584997,-10.8085,9.5,4.76,2.6999998,21.437386,11.77
33,2026-01-26 05:00:00+00:00,1,[5],32.74882460000051,-97.05495769999837,-0.108500004,-9.4585,0.0,0.0,0.0,13.397612,14.63
33,2026-01-27 05:00:00+00:00,1,[5],32.74882460000051,-97.05495769999837,4.8415003,-5.2584996,0.0,0.0,0.0,12.661564,13.03
33,2026-01-28 05:00:00+00:00,1,[5],32.74882460000051,-97.05495769999837,9.591499,-3.7085001,0.0,0.0,0.0,7.5170207,15.27
33,2026-01-29 05:00:00+00:00,1,[5],32.74882460000051,-97.05495769999837,16.0915,2.3915,0.0,0.0,0.0,20.991426,16.16
78,2026-01-21 05:00:00+00:00,2,"[18, 5]",32.74829555324702,-97.07353381761148,18.3415,11.5415,0.1,0.0,0.1,12.397806,6.9
78,2026-01-22 05:00:00+00:00,2,"[18, 5]",32.74829555324702,-97.07353381761148,11.7915,5.5415,0.0,0.0,0.0,9.605998,6.62
78,2026-01-23 05:00:00+00:00,2,"[18, 5]",32.74829555324702,-97.07353381761148,11.7915,1.6415,11.799999,0.0,11.799999,21.370783,0.6
78,2026-01-24 05:00:00+00:00,2,"[18, 5]",32.74829555324702,-97.07353381761148,1.8414999,-8.2085,18.4,7.140001,8.2,21.629978,2.07
78,2026-01-25 05:00:00+00:00,2,"[18, 5]",32.74829555324702,-97.07353381761148,-6.1584997,-10.8085,9.5,4.76,2.6999998,21.437386,11.77
78,2026-01-26 05:00:00+00:00,2,"[18, 5]",32.74829555324702,-97.07353381761148,-0.108500004,-9.4585,0.0,0.0,0.0,13.397612,14.63
78,2026-01-27 05:00:00+00:00,2,"[18, 5]",32.74829555324702,-97.07353381761148,4.8415003,-5.2584996,0.0,0.0,0.0,12.661564,13.03
78,2026-01-28 05:00:00+00:00,2,"[18, 5]",32.74829555324702,-97.07353381761148,9.591499,-3.7085001,0.0,0.0,0.0,7.5170207,15.27
78,2026-01-29 05:00:00+00:00,2,"[18, 5]",32.74829555324702,-97.07353381761148,16.0915,2.3915,0.0,0.0,0.0,20.991426,16.16
6,2026-01-21 05:00:00+00:00,8,"[7, 44, 16, 19, 52, 27]",32.71257754931645,-97.06249232986646,18.55,11.65,0.0,0.0,0.0,12.783802,7.32
6,2026-01-22 05:00:00+00:00,8,"[7, 44, 16, 19, 52, 27]",32.71257754931645,-97.06249232986646,12.85,5.7,0.0,0.0,0.0,10.08,6.63
6,2026-01-23 05:00:00+00:00,8,"[7, 44, 16, 19, 52, 27]",32.71257754931645,-97.06249232986646,11.8,2.0,11.0,0.0,11.0,20.570463,0.71
6,2026-01-24 05:00:00+00:00,8,"[7, 44, 16, 19, 52, 27]",32.71257754931645,-97.06249232986646,1.75,-8.4,15.800002,6.3700004,6.6999993,21.175835,2.39
6,2026-01-25 05:00:00+00:00,8,"[7, 44, 16, 19, 52, 27]",32.71257754931645,-97.06249232986646,-6.3,-10.75,8.599999,4.2,2.6,22.86496,12.19
6,2026-01-26 05:00:00+00:00,8,"[7, 44, 16, 19, 52, 27]",32.71257754931645,-97.06249232986646,-0.1,-9.95,0.0,0.0,0.0,14.8257065,14.54
6,2026-01-27 05:00:00+00:00,8,"[7, 44, 16, 19, 52, 27]",32.71257754931645,-97.06249232986646,4.95,-5.3,0.0,0.0,0.0,14.48972,13.18
6,2026-01-28 05:00:00+00:00,8,"[7, 44, 16, 19, 52, 27]",32.71257754931645,-97.06249232986646,9.8,-2.1,0.0,0.0,0.0,7.491114,15.06
6,2026-01-29 05:00:00+00:00,8,"[7, 44, 16, 19, 52, 27]",32.71257754931645,-97.06249232986646,16.35,1.35,0.0,0.0,0.0,23.18579,16.15
7,2026-01-21 05:00:00+00:00,5,"[65, 12, 6, 15]",32.68884930115319,-97.06270303833148,18.793499,11.5435,0.0,0.0,0.0,12.096214,6.98
7,2026-01-22 05:00:00+00:00,5,"[65, 12, 6, 15]",32.68884930115319,-97.06270303833148,13.0935,5.8435,0.0,0.0,0.0,10.446206,6.14
7,2026-01-23 05:00:00+00:00,5,"[65, 12, 6, 15]",32.68884930115319,-97.06270303833148,11.9935,2.2935,10.699999,0.0,10.699999,20.833395,0.65
7,2026-01-24 05:00:00+00:00,5,"[65, 12, 6, 15]",32.68884930115319,-97.06270303833148,1.8435,-8.356501,15.500001,6.440001,6.299999,21.175835,2.6
7,2026-01-25 05:00:00+00:00,5,"[65, 12, 6, 15]",32.68884930115319,-97.06270303833148,-6.1565,-10.606501,8.599999,4.06,2.8,23.166218,12.71
7,2026-01-26 05:00:00+00:00,5,"[65, 12, 6, 15]",32.68884930115319,-97.06270303833148,-0.056500003,-9.4065,0.0,0.0,0.0,15.2947035,14.76
7,2026-01-27 05:00:00+00:00,5,"[65, 12, 6, 15]",32.68884930115319,-97.06270303833148,4.9935,-5.4564996,0.0,0.0,0.0,15.617529,13.08
7,2026-01-28 05:00:00+00:00,5,"[65, 12, 6, 15]",32.68884930115319,-97.06270303833148,9.5935,-2.7065,0.0,0.0,0.0,7.491114,15.11
7,2026-01-29 05:00:00+00:00,5,"[65, 12, 6, 15]",32.68884930115319,-97.06270303833148,16.2435,0.8435,0.0,0.0,0.0,22.539564,16.2
16,2026-01-21 05:00:00+00:00,4,"[24, 65, 27, 6]",32.70619297692783,-97.08142184690047,18.5565,11.5565,0.0,0.0,0.0,13.004921,7.59
16,2026-01-22 05:00:00+00:00,4,"[24, 65, 27, 6]",32.70619297692783,-97.08142184690047,12.4565,5.6064997,0.0,0.0,0.0,10.08,6.46
16,2026-01-23 05:00:00+00:00,4,"[24, 65, 27, 6]",32.70619297692783,-97.08142184690047,11.8065,1.7065,10.8,0.0,10.8,19.201874,0.65
16,2026-01-24 05:00:00+00:00,4,"[24, 65, 27, 6]",32.70619297692783,-97.08142184690047,1.6565,-8.5935,15.900001,6.6500006,6.3999996,20.833395,2.49
16,2026-01-25 05:00:00+00:00,4,"[24, 65, 27, 6]",32.70619297692783,-97.08142184690047,-6.3935003,-10.7935,8.599999,4.27,2.4999998,23.269482,12.86
16,2026-01-26 05:00:00+00:00,4,"[24, 65, 27, 6]",32.70619297692783,-97.08142184690047,-0.1435,-9.7935,0.0,0.0,0.0,15.137133,15.0
16,2026-01-27 05:00:00+00:00,4,"[24, 65, 27, 6]",32.70619297692783,-97.08142184690047,4.8065,-5.1935,0.0,0.0,0.0,13.527572,13.2
16,2026-01-28 05:00:00+00:00,4,"[24, 65, 27, 6]",32.70619297692783,-97.08142184690047,9.6565,-2.7935,0.0,0.0,0.0,7.6367526,15.17
16,2026-01-29 05:00:00+00:00,4,"[24, 65, 27, 6]",32.70619297692783,-97.08142184690047,15.7565,2.1065,0.0,0.0,0.0,21.2522,16.21
27,2026-01-21 05:00:00+00:00,4,"[16, 24, 52, 6]",32.710146838896655,-97.08035547640347,18.5565,11.5565,0.0,0.0,0.0,13.004921,7.59
27,2026-01-22 05:00:00+00:00,4,"[16, 24, 52, 6]",32.710146838896655,-97.08035547640347,12.4565,5.6064997,0.0,0.0,0.0,10.08,6.46
27,2026-01-23 05:00:00+00:00,4,"[16, 24, 52, 6]",32.710146838896655,-97.08035547640347,11.8065,1.7065,10.8,0.0,10.8,19.201874,0.65
27,2026-01-24 05:00:00+00:00,4,"[16, 24, 52, 6]",32.710146838896655,-97.08035547640347,1.6565,-8.5935,15.900001,6.6500006,6.3999996,20.833395,2.49
27,2026-01-25 05:00:00+00:00,4,"[16, 24, 52, 6]",32.710146838896655,-97.08035547640347,-6.3935003,-10.7935,8.599999,4.27,2.4999998,23.269482,12.86
27,2026-01-26 05:00:00+00:00,4,"[16, 24, 52, 6]",32.710146838896655,-97.08035547640347,-0.1435,-9.7935,0.0,0.0,0.0,15.137133,15.0
27,2026-01-27 05:00:00+00:00,4,"[16, 24, 52, 6]",32.710146838896655,-97.08035547640347,4.8065,-5.1935,0.0,0.0,0.0,13.527572,13.2
27,2026-01-28 05:00:00+00:00,4,"[16, 24, 52, 6]",32.710146838896655,-97.08035547640347,9.6565,-2.7935,0.0,0.0,0.0,7.6367526,15.17
27,2026-01-29 05:00:00+00:00,4,"[16, 24, 52, 6]",32.710146838896655,-97.08035547640347,15.7565,2.1065,0.0,0.0,0.0,21.2522,16.21
44,2026-01-21 05:00:00+00:00,1,[6],32.70611540000026,-97.05193380000098,18.55,11.65,0.0,0.0,0.0,12.783802,7.32
44,2026-01-22 05:00:00+00:00,1,[6],32.70611540000026,-97.05193380000098,12.85,5.7,0.0,0.0,0.0,10.08,6.63
44,2026-01-23 05:00:00+00:00,1,[6],32.70611540000026,-97.05193380000098,11.8,2.0,11.0,0.0,11.0,20.570463,0.71
44,2026-01-24 05:00:00+00:00,1,[6],32.70611540000026,-97.05193380000098,1.75,-8.4,15.800002,6.3700004,6.6999993,21.175835,2.39
44,2026-01-25 05:00:00+00:00,1,[6],32.70611540000026,-97.05193380000098,-6.3,-10.75,8.599999,4.2,2.6,22.86496,12.19
44,2026-01-26 05:00:00+00:00,1,[6],32.70611540000026,-97.05193380000098,-0.1,-9.95,0.0,0.0,0.0,14.8257065,14.54
44,2026-01-27 05:00:00+00:00,1,[6],32.70611540000026,-97.05193380000098,4.95,-5.3,0.0,0.0,0.0,14.48972,13.18
44,2026-01-28 05:00:00+00:00,1,[6],32.70611540000026,-97.05193380000098,9.8,-2.1,0.0,0.0,0.0,7.491114,15.06
44,2026-01-29 05:00:00+00:00,1,[6],32.70611540000026,-97.05193380000098,16.35,1.35,0.0,0.0,0.0,23.18579,16.15
52,2026-01-21 05:00:00+00:00,4,"[8, 51, 27, 6]",32.72090000000001,-97.080298,18.3785,11.3785,0.1,0.0,0.1,13.004921,7.43
52,2026-01-22 05:00:00+00:00,4,"[8, 51, 27, 6]",32.72090000000001,-97.080298,11.7285,5.4785004,0.0,0.0,0.0,9.746631,6.97
52,2026-01-23 05:00:00+00:00,4,"[8, 51, 27, 6]",32.72090000000001,-97.080298,11.778501,1.4784999,10.8,0.0,10.8,19.201874,0.7
52,2026-01-24 05:00:00+00:00,4,"[8, 51, 27, 6]",32.72090000000001,-97.080298,1.6784999,-8.5215,16.900002,6.6500006,7.3999996,21.068459,2.41
52,2026-01-25 05:00:00+00:00,4,"[8, 51, 27, 6]",32.72090000000001,-97.080298,-6.3715,-10.9215,9.1,4.48,2.6999998,22.771244,12.35
52,2026-01-26 05:00:00+00:00,4,"[8, 51, 27, 6]",32.72090000000001,-97.080298,-0.1715,-9.2715,0.0,0.0,0.0,15.463246,14.51
52,2026-01-27 05:00:00+00:00,4,"[8, 51, 27, 6]",32.72090000000001,-97.080298,4.8285003,-5.1714997,0.0,0.0,0.0,13.049689,13.08
52,2026-01-28 05:00:00+00:00,4,"[8, 51, 27, 6]",32.72090000000001,-97.080298,9.5785,-3.5215,0.0,0.0,0.0,7.968939,15.14
52,2026-01-29 05:00:00+00:00,4,"[8, 51, 27, 6]",32.72090000000001,-97.080298,15.9285,2.3285,0.0,0.0,0.0,20.929594,16.21
15,2026-01-21 05:00:00+00:00,2,"[13, 7]",32.67760151185645,-97.0720939488948,18.761,11.511001,0.0,0.0,0.0,12.096214,6.98
15,2026-01-22 05:00:00+00:00,2,"[13, 7]",32.67760151185645,-97.0720939488948,13.061001,5.811,0.0,0.0,0.0,10.446206,6.14
15,2026-01-23 05:00:00+00:00,2,"[13, 7]",32.67760151185645,-97.0720939488948,11.961,2.261,10.699999,0.0,10.699999,20.833395,0.65
15,2026-01-24 05:00:00+00:00,2,"[13, 7]",32.67760151185645,-97.0720939488948,1.811,-8.389,15.500001,6.440001,6.299999,21.175835,2.6
15,2026-01-25 05:00:00+00:00,2,"[13, 7]",32.67760151185645,-97.0720939488948,-6.189,-10.639,8.599999,4.06,2.8,23.166218,12.71
15,2026-01-26 05:00:00+00:00,2,"[13, 7]",32.67760151185645,-97.0720939488948,-0.089,-9.438999,0.0,0.0,0.0,15.2947035,14.76
15,2026-01-27 05:00:00+00:00,2,"[13, 7]",32.67760151185645,-97.0720939488948,4.961,-5.489,0.0,0.0,0.0,15.617529,13.08
15,2026-01-28 05:00:00+00:00,2,"[13, 7]",32.67760151185645,-97.0720939488948,9.561001,-2.739,0.0,0.0,0.0,7.491114,15.11
15,2026-01-29 05:00:00+00:00,2,"[13, 7]",32.67760151185645,-97.0720939488948,16.211,0.81100005,0.0,0.0,0.0,22.539564,16.2
12,2026-01-21 05:00:00+00:00,3,"[13, 14, 7]",32.6779409,-97.0740097,18.734999,11.485001,0.0,0.0,0.0,12.096214,6.98
12,2026-01-22 05:00:00+00:00,3,"[13, 14, 7]",32.6779409,-97.0740097,13.035001,5.785,0.0,0.0,0.0,10.446206,6.14
12,2026-01-23 05:00:00+00:00,3,"[13, 14, 7]",32.6779409,-97.0740097,11.935,2.235,10.699999,0.0,10.699999,20.833395,0.65
12,2026-01-24 05:00:00+00:00,3,"[13, 14, 7]",32.6779409,-97.0740097,1.7850001,-8.415,15.500001,6.440001,6.299999,21.175835,2.6
12,2026-01-25 05:00:00+00:00,3,"[13, 14, 7]",32.6779409,-97.0740097,-6.215,-10.665,8.599999,4.06,2.8,23.166218,12.71
12,2026-01-26 05:00:00+00:00,3,"[13, 14, 7]",32.6779409,-97.0740097,-0.114999995,-9.464999,0.0,0.0,0.0,15.2947035,14.76
12,2026-01-27 05:00:00+00:00,3,"[13, 14, 7]",32.6779409,-97.0740097,4.935,-5.515,0.0,0.0,0.0,15.617529,13.08
12,2026-01-28 05:00:00+00:00,3,"[13, 14, 7]",32.6779409,-97.0740097,9.535001,-2.765,0.0,0.0,0.0,7.491114,15.11
12,2026-01-29 05:00:00+00:00,3,"[13, 14, 7]",32.6779409,-97.0740097,16.185,0.785,0.0,0.0,0.0,22.539564,16.2
65,2026-01-21 05:00:00+00:00,6,"[7, 75, 16, 81, 83, 23]",32.691724980340766,-97.08057836259744,18.925999,11.526,0.0,0.0,0.0,12.4811535,7.89
65,2026-01-22 05:00:00+00:00,6,"[7, 75, 16, 81, 83, 23]",32.691724980340766,-97.08057836259744,12.876,5.626,0.0,0.0,0.0,10.805999,6.7
65,2026-01-23 05:00:00+00:00,6,"[7, 75, 16, 81, 83, 23]",32.691724980340766,-97.08057836259744,12.026,2.076,10.6,0.0,10.6,20.49156,0.63
65,2026-01-24 05:00:00+00:00,6,"[7, 75, 16, 81, 83, 23]",32.691724980340766,-97.08057836259744,1.7260001,-8.424,14.500002,5.9500012,5.9999995,21.068459,2.91
65,2026-01-25 05:00:00+00:00,6,"[7, 75, 16, 81, 83, 23]",32.691724980340766,-97.08057836259744,-6.374,-10.724,8.499999,4.1299996,2.6,24.066206,13.28
65,2026-01-26 05:00:00+00:00,6,"[7, 75, 16, 81, 83, 23]",32.691724980340766,-97.08057836259744,-0.074,-9.924,0.0,0.0,0.0,14.48972,15.22
65,2026-01-27 05:00:00+00:00,6,"[7, 75, 16, 81, 83, 23]",32.691724980340766,-97.08057836259744,4.876,-5.474,0.0,0.0,0.0,14.007655,13.07
65,2026-01-28 05:00:00+00:00,6,"[7, 75, 16, 81, 83, 23]",32.691724980340766,-97.08057836259744,9.426,-4.024,0.0,0.0,0.0,8.049845,15.39
65,2026-01-29 05:00:00+00:00,6,"[7, 75, 16, 81, 83, 23]",32.691724980340766,-97.08057836259744,15.676,1.026,0.0,0.0,0.0,21.26744,16.21
9,2026-01-21 05:00:00+00:00,2,"[8, 19]",32.73530573323068,-97.07459337408547,18.4155,11.6154995,0.0,0.0,0.0,12.7279215,7.17
9,2026-01-22 05:00:00+00:00,2,"[8, 19]",32.73530573323068,-97.07459337408547,12.065499,5.5155,0.0,0.0,0.0,9.726665,6.7
9,2026-01-23 05:00:00+00:00,2,"[8, 19]",32.73530573323068,-97.07459337408547,11.6655,1.6655,10.400002,0.0,10.400002,21.068459,0.64
9,2026-01-24 05:00:00+00:00,2,"[8, 19]",32.73530573323068,-97.07459337408547,1.6655,-8.434501,17.4,6.86,7.5999994,21.288757,2.18
9,2026-01-25 05:00:00+00:00,2,"[8, 19]",32.73530573323068,-97.07459337408547,-6.3345,-10.9845,8.900001,4.41,2.6000001,21.9718,11.69
9,2026-01-26 05:00:00+00:00,2,"[8, 19]",32.73530573323068,-97.07459337408547,-0.1345,-10.184501,0.0,0.0,0.0,14.8257065,14.77
9,2026-01-27 05:00:00+00:00,2,"[8, 19]",32.73530573323068,-97.07459337408547,4.9155,-5.2844996,0.0,0.0,0.0,13.684735,13.13
9,2026-01-28 05:00:00+00:00,2,"[8, 19]",32.73530573323068,-97.07459337408547,9.815499,-2.3345,0.0,0.0,0.0,6.9899354,14.97
9,2026-01-29 05:00:00+00:00,2,"[8, 19]",32.73530573323068,-97.07459337408547,16.4155,2.0154998,0.0,0.0,0.0,22.862123,16.18
54,2026-01-21 05:00:00+00:00,6,"[66, 71, 8, 74, 51, 59]",32.73728676043061,-97.0973420195076,18.476,11.476,0.1,0.0,0.1,13.004921,7.43
54,2026-01-22 05:00:00+00:00,6,"[66, 71, 8, 74, 51, 59]",32.73728676043061,-97.0973420195076,11.826,5.576,0.0,0.0,0.0,9.746631,6.97
54,2026-01-23 05:00:00+00:00,6,"[66, 71, 8, 74, 51, 59]",32.73728676043061,-97.0973420195076,11.876,1.576,10.8,0.0,10.8,19.201874,0.7
54,2026-01-24 05:00:00+00:00,6,"[66, 71, 8, 74, 51, 59]",32.73728676043061,-97.0973420195076,1.776,-8.424,16.900002,6.6500006,7.3999996,21.068459,2.41
54,2026-01-25 05:00:00+00:00,6,"[66, 71, 8, 74, 51, 59]",32.73728676043061,-97.0973420195076,-6.274,-10.824,9.1,4.48,2.6999998,22.771244,12.35
54,2026-01-26 05:00:00+00:00,6,"[66, 71, 8, 74, 51, 59]",32.73728676043061,-97.0973420195076,-0.074,-9.174,0.0,0.0,0.0,15.463246,14.51
54,2026-01-27 05:00:00+00:00,6,"[66, 71, 8, 74, 51, 59]",32.73728676043061,-97.0973420195076,4.926,-5.074,0.0,0.0,0.0,13.049689,13.08
54,2026-01-28 05:00:00+00:00,6,"[66, 71, 8, 74, 51, 59]",32.73728676043061,-97.0973420195076,9.676,-3.424,0.0,0.0,0.0,7.968939,15.14
54,2026-01-29 05:00:00+00:00,6,"[66, 71, 8, 74, 51, 59]",32.73728676043061,-97.0973420195076,16.026,2.426,0.0,0.0,0.0,20.929594,16.21
66,2026-01-21 05:00:00+00:00,3,"[8, 74, 54]",32.740692244511365,-97.09059729730185,18.508501,11.5085,0.1,0.0,0.1,13.004921,7.43
66,2026-01-22 05:00:00+00:00,3,"[8, 74, 54]",32.740692244511365,-97.09059729730185,11.8585005,5.6085,0.0,0.0,0.0,9.746631,6.97
66,2026-01-23 05:00:00+00:00,3,"[8, 74, 54]",32.740692244511365,-97.09059729730185,11.908501,1.6085,10.8,0.0,10.8,19.201874,0.7
66,2026-01-24 05:00:00+00:00,3,"[8, 74, 54]",32.740692244511365,-97.09059729730185,1.8085,-8.3914995,16.900002,6.6500006,7.3999996,21.068459,2.41
66,2026-01-25 05:00:00+00:00,3,"[8, 74, 54]",32.740692244511365,-97.09059729730185,-6.2415004,-10.7915,9.1,4.48,2.6999998,22.771244,12.35
66,2026-01-26 05:00:00+00:00,3,"[8, 74, 54]",32.740692244511365,-97.09059729730185,-0.041500002,-9.1414995,0.0,0.0,0.0,15.463246,14.51
66,2026-01-27 05:00:00+00:00,3,"[8, 74, 54]",32.740692244511365,-97.09059729730185,4.9585,-5.0415,0.0,0.0,0.0,13.049689,13.08
66,2026-01-28 05:00:00+00:00,3,"[8, 74, 54]",32.740692244511365,-97.09059729730185,9.7085,-3.3915,0.0,0.0,0.0,7.968939,15.14
66,2026-01-29 05:00:00+00:00,3,"[8, 74, 54]",32.740692244511365,-97.09059729730185,16.0585,2.4585001,0.0,0.0,0.0,20.929594,16.21
10,2026-01-21 05:00:00+00:00,6,"[11, 48, 17, 49, 63]",32.75956779680566,-97.16410451779257,18.8195,11.4695,0.1,0.0,0.1,12.783802,7.57
10,2026-01-22 05:00:00+00:00,6,"[11, 48, 17, 49, 63]",32.75956779680566,-97.16410451779257,12.2695,5.4694996,0.0,0.0,0.0,10.446206,7.24
10,2026-01-23 05:00:00+00:00,6,"[11, 48, 17, 49, 63]",32.75956779680566,-97.16410451779257,12.169499,1.6695,12.400001,0.0,12.400001,20.620806,0.81
10,2026-01-24 05:00:00+00:00,6,"[11, 48, 17, 49, 63]",32.75956779680566,-97.16410451779257,1.8695,-8.3805,18.4,7.000001,8.4,21.188072,2.45
10,2026-01-25 05:00:00+00:00,6,"[11, 48, 17, 49, 63]",32.75956779680566,-97.16410451779257,-6.1305003,-10.6305,9.200001,4.48,2.8,27.026386,11.71
10,2026-01-26 05:00:00+00:00,6,"[11, 48, 17, 49, 63]",32.75956779680566,-97.16410451779257,0.3195,-9.1805,0.0,0.0,0.0,14.982228,14.87
10,2026-01-27 05:00:00+00:00,6,"[11, 48, 17, 49, 63]",32.75956779680566,-97.16410451779257,5.1695,-5.5805,0.0,0.0,0.0,14.021525,13.66
10,2026-01-28 05:00:00+00:00,6,"[11, 48, 17, 49, 63]",32.75956779680566,-97.16410451779257,9.9695,-3.5805,0.0,0.0,0.0,8.209263,15.29
10,2026-01-29 05:00:00+00:00,6,"[11, 48, 17, 49, 63]",32.75956779680566,-97.16410451779257,16.4195,1.7695,0.0,0.0,0.0,24.863466,16.05
11,2026-01-21 05:00:00+00:00,3,[10],32.760157,-97.171703,18.9255,11.3255,0.0,0.0,0.0,13.138765,8.41
11,2026-01-22 05:00:00+00:00,3,[10],32.760157,-97.171703,12.0255,5.0255,0.0,0.0,0.0,11.159999,7.87
11,2026-01-23 05:00:00+00:00,3,[10],32.760157,-97.171703,11.9255,1.6755,11.200001,0.0,11.200001,22.086521,0.72
11,2026-01-24 05:00:00+00:00,3,[10],32.760157,-97.171703,1.5255,-8.4245,19.0,7.35,8.5,22.862125,2.45
11,2026-01-25 05:00:00+00:00,3,[10],32.760157,-97.171703,-5.8745003,-10.7245,8.599999,4.13,2.6999996,29.131096,11.39
11,2026-01-26 05:00:00+00:00,3,[10],32.760157,-97.171703,0.3255,-9.3745,0.0,0.0,0.0,16.676977,15.48
11,2026-01-27 05:00:00+00:00,3,[10],32.760157,-97.171703,5.3255,-6.0745,0.0,0.0,0.0,16.58346,13.64
11,2026-01-28 05:00:00+00:00,3,[10],32.760157,-97.171703,9.7755,-3.6745,0.0,0.0,0.0,10.009036,15.41
11,2026-01-29 05:00:00+00:00,3,[10],32.760157,-97.171703,16.2255,1.5755,0.0,0.0,0.0,26.459387,16.06
49,2026-01-21 05:00:00+00:00,3,"[10, 50, 55]",32.75715438318509,-97.14961192783218,18.890999,11.540999,0.1,0.0,0.1,12.783802,7.57
49,2026-01-22 05:00:00+00:00,3,"[10, 50, 55]",32.75715438318509,-97.14961192783218,12.341,5.541,0.0,0.0,0.0,10.446206,7.24
49,2026-01-23 05:00:00+00:00,3,"[10, 50, 55]",32.75715438318509,-97.14961192783218,12.240999,1.7409999,12.400001,0.0,12.400001,20.620806,0.81
49,2026-01-24 05:00:00+00:00,3,"[10, 50, 55]",32.75715438318509,-97.14961192783218,1.941,-8.309,18.4,7.000001,8.4,21.188072,2.45
49,2026-01-25 05:00:00+00:00,3,"[10, 50, 55]",32.75715438318509,-97.14961192783218,-6.059,-10.559,9.200001,4.48,2.8,27.026386,11.71
49,2026-01-26 05:00:00+00:00,3,"[10, 50, 55]",32.75715438318509,-97.14961192783218,0.39100003,-9.109,0.0,0.0,0.0,14.982228,14.87
49,2026-01-27 05:00:00+00:00,3,"[10, 50, 55]",32.75715438318509,-97.14961192783218,5.241,-5.509,0.0,0.0,0.0,14.021525,13.66
49,2026-01-28 05:00:00+00:00,3,"[10, 50, 55]",32.75715438318509,-97.14961192783218,10.040999,-3.5089998,0.0,0.0,0.0,8.209263,15.29
49,2026-01-29 05:00:00+00:00,3,"[10, 50, 55]",32.75715438318509,-97.14961192783218,16.491,1.841,0.0,0.0,0.0,24.863466,16.05
63,2026-01-21 05:00:00+00:00,3,[10],32.7710315,-97.1718809,18.893,11.292999,0.0,0.0,0.0,13.138765,8.41
63,2026-01-22 05:00:00+00:00,3,[10],32.7710315,-97.1718809,11.993,4.993,0.0,0.0,0.0,11.159999,7.87
63,2026-01-23 05:00:00+00:00,3,[10],32.7710315,-97.1718809,11.893,1.643,11.200001,0.0,11.200001,22.086521,0.72
63,2026-01-24 05:00:00+00:00,3,[10],32.7710315,-97.1718809,1.493,-8.457001,19.0,7.35,8.5,22.862125,2.45
63,2026-01-25 05:00:00+00:00,3,[10],32.7710315,-97.1718809,-5.907,-10.757,8.599999,4.13,2.6999996,29.131096,11.39
63,2026-01-26 05:00:00+00:00,3,[10],32.7710315,-97.1718809,0.293,-9.407001,0.0,0.0,0.0,16.676977,15.48
63,2026-01-27 05:00:00+00:00,3,[10],32.7710315,-97.1718809,5.293,-6.107,0.0,0.0,0.0,16.58346,13.64
63,2026-01-28 05:00:00+00:00,3,[10],32.7710315,-97.1718809,9.743,-3.7069998,0.0,0.0,0.0,10.009036,15.41
63,2026-01-29 05:00:00+00:00,3,[10],32.7710315,-97.1718809,16.192999,1.543,0.0,0.0,0.0,26.459387,16.06
48,2026-01-21 05:00:00+00:00,1,[10],32.75104914980337,-97.17158588151929,18.854,11.254,0.0,0.0,0.0,13.138765,8.41
48,2026-01-22 05:00:00+00:00,1,[10],32.75104914980337,-97.17158588151929,11.954,4.954,0.0,0.0,0.0,11.159999,7.87
48,2026-01-23 05:00:00+00:00,1,[10],32.75104914980337,-97.17158588151929,11.854,1.604,11.200001,0.0,11.200001,22.086521,0.72
48,2026-01-24 05:00:00+00:00,1,[10],32.75104914980337,-97.17158588151929,1.454,-8.496,19.0,7.35,8.5,22.862125,2.45
48,2026-01-25 05:00:00+00:00,1,[10],32.75104914980337,-97.17158588151929,-5.946,-10.796,8.599999,4.13,2.6999996,29.131096,11.39
48,2026-01-26 05:00:00+00:00,1,[10],32.75104914980337,-97.17158588151929,0.254,-9.446,0.0,0.0,0.0,16.676977,15.48
48,2026-01-27 05:00:00+00:00,1,[10],32.75104914980337,-97.17158588151929,5.254,-6.146,0.0,0.0,0.0,16.58346,13.64
48,2026-01-28 05:00:00+00:00,1,[10],32.75104914980337,-97.17158588151929,9.704,-3.7459998,0.0,0.0,0.0,10.009036,15.41
48,2026-01-29 05:00:00+00:00,1,[10],32.75104914980337,-97.17158588151929,16.154,1.504,0.0,0.0,0.0,26.459387,16.06
13,2026-01-21 05:00:00+00:00,3,"[3, 12, 15]",32.67769309999999,-97.0796181,18.913,11.513,0.0,0.0,0.0,12.4811535,7.89
13,2026-01-22 05:00:00+00:00,3,"[3, 12, 15]",32.67769309999999,-97.0796181,12.863,5.613,0.0,0.0,0.0,10.805999,6.7
13,2026-01-23 05:00:00+00:00,3,"[3, 12, 15]",32.67769309999999,-97.0796181,12.013,2.063,10.6,0.0,10.6,20.49156,0.63
13,2026-01-24 05:00:00+00:00,3,"[3, 12, 15]",32.67769309999999,-97.0796181,1.713,-8.437,14.500002,5.9500012,5.9999995,21.068459,2.91
13,2026-01-25 05:00:00+00:00,3,"[3, 12, 15]",32.67769309999999,-97.0796181,-6.387,-10.737,8.499999,4.1299996,2.6,24.066206,13.28
13,2026-01-26 05:00:00+00:00,3,"[3, 12, 15]",32.67769309999999,-97.0796181,-0.087,-9.937,0.0,0.0,0.0,14.48972,15.22
13,2026-01-27 05:00:00+00:00,3,"[3, 12, 15]",32.67769309999999,-97.0796181,4.863,-5.487,0.0,0.0,0.0,14.007655,13.07
13,2026-01-28 05:00:00+00:00,3,"[3, 12, 15]",32.67769309999999,-97.0796181,9.412999,-4.037,0.0,0.0,0.0,8.049845,15.39
13,2026-01-29 05:00:00+00:00,3,"[3, 12, 15]",32.67769309999999,-97.0796181,15.662999,1.013,0.0,0.0,0.0,21.26744,16.21
14,2026-01-21 05:00:00+00:00,4,"[75, 83, 3, 12]",32.67979657504292,-97.08067072513887,18.8935,11.4935,0.0,0.0,0.0,12.4811535,7.89
14,2026-01-22 05:00:00+00:00,4,"[75, 83, 3, 12]",32.67979657504292,-97.08067072513887,12.8435,5.5935,0.0,0.0,0.0,10.805999,6.7
14,2026-01-23 05:00:00+00:00,4,"[75, 83, 3, 12]",32.67979657504292,-97.08067072513887,11.9935,2.0435,10.6,0.0,10.6,20.49156,0.63
14,2026-01-24 05:00:00+00:00,4,"[75, 83, 3, 12]",32.67979657504292,-97.08067072513887,1.6935,-8.4565,14.500002,5.9500012,5.9999995,21.068459,2.91
14,2026-01-25 05:00:00+00:00,4,"[75, 83, 3, 12]",32.67979657504292,-97.08067072513887,-6.4065,-10.7565,8.499999,4.1299996,2.6,24.066206,13.28
14,2026-01-26 05:00:00+00:00,4,"[75, 83, 3, 12]",32.67979657504292,-97.08067072513887,-0.1065,-9.9565,0.0,0.0,0.0,14.48972,15.22
14,2026-01-27 05:00:00+00:00,4,"[75, 83, 3, 12]",32.67979657504292,-97.08067072513887,4.8435,-5.5065,0.0,0.0,0.0,14.007655,13.07
14,2026-01-28 05:00:00+00:00,4,"[75, 83, 3, 12]",32.67979657504292,-97.08067072513887,9.393499,-4.0565,0.0,0.0,0.0,8.049845,15.39
14,2026-01-29 05:00:00+00:00,4,"[75, 83, 3, 12]",32.67979657504292,-97.08067072513887,15.643499,0.9935,0.0,0.0,0.0,21.26744,16.21
83,2026-01-21 05:00:00+00:00,2,"[65, 14]",32.68444690008579,-97.08038995002053,18.880499,11.4805,0.0,0.0,0.0,12.4811535,7.89
83,2026-01-22 05:00:00+00:00,2,"[65, 14]",32.68444690008579,-97.08038995002053,12.830501,5.5805,0.0,0.0,0.0,10.805999,6.7
83,2026-01-23 05:00:00+00:00,2,"[65, 14]",32.68444690008579,-97.08038995002053,11.9805,2.0305,10.6,0.0,10.6,20.49156,0.63
83,2026-01-24 05:00:00+00:00,2,"[65, 14]",32.68444690008579,-97.08038995002053,1.6805,-8.4695,14.500002,5.9500012,5.9999995,21.068459,2.91
83,2026-01-25 05:00:00+00:00,2,"[65, 14]",32.68444690008579,-97.08038995002053,-6.4195,-10.7695,8.499999,4.1299996,2.6,24.066206,13.28
83,2026-01-26 05:00:00+00:00,2,"[65, 14]",32.68444690008579,-97.08038995002053,-0.119500004,-9.9695,0.0,0.0,0.0,14.48972,15.22
83,2026-01-27 05:00:00+00:00,2,"[65, 14]",32.68444690008579,-97.08038995002053,4.8305,-5.5195,0.0,0.0,0.0,14.007655,13.07
83,2026-01-28 05:00:00+00:00,2,"[65, 14]",32.68444690008579,-97.08038995002053,9.3805,-4.0695,0.0,0.0,0.0,8.049845,15.39
83,2026-01-29 05:00:00+00:00,2,"[65, 14]",32.68444690008579,-97.08038995002053,15.6305,0.9805,0.0,0.0,0.0,21.26744,16.21
24,2026-01-21 05:00:00+00:00,6,"[64, 38, 16, 51, 23, 27]",32.70649093852017,-97.09774444560503,18.5695,11.5695,0.0,0.0,0.0,13.004921,7.59
24,2026-01-22 05:00:00+00:00,6,"[64, 38, 16, 51, 23, 27]",32.70649093852017,-97.09774444560503,12.4695,5.6194997,0.0,0.0,0.0,10.08,6.46
24,2026-01-23 05:00:00+00:00,6,"[64, 38, 16, 51, 23, 27]",32.70649093852017,-97.09774444560503,11.8195,1.7195001,10.8,0.0,10.8,19.201874,0.65
24,2026-01-24 05:00:00+00:00,6,"[64, 38, 16, 51, 23, 27]",32.70649093852017,-97.09774444560503,1.6695,-8.580501,15.900001,6.6500006,6.3999996,20.833395,2.49
24,2026-01-25 05:00:00+00:00,6,"[64, 38, 16, 51, 23, 27]",32.70649093852017,-97.09774444560503,-6.3805003,-10.7805,8.599999,4.27,2.4999998,23.269482,12.86
24,2026-01-26 05:00:00+00:00,6,"[64, 38, 16, 51, 23, 27]",32.70649093852017,-97.09774444560503,-0.1305,-9.7805,0.0,0.0,0.0,15.137133,15.0
24,2026-01-27 05:00:00+00:00,6,"[64, 38, 16, 51, 23, 27]",32.70649093852017,-97.09774444560503,4.8195,-5.1805,0.0,0.0,0.0,13.527572,13.2
24,2026-01-28 05:00:00+00:00,6,"[64, 38, 16, 51, 23, 27]",32.70649093852017,-97.09774444560503,9.669499,-2.7805,0.0,0.0,0.0,7.6367526,15.17
24,2026-01-29 05:00:00+00:00,6,"[64, 38, 16, 51, 23, 27]",32.70649093852017,-97.09774444560503,15.7695,2.1195,0.0,0.0,0.0,21.2522,16.21
43,2026-01-21 05:00:00+00:00,3,"[17, 50, 29]",32.76572877825715,-97.13169211016286,18.452,11.352,0.1,0.0,0.1,13.513193,7.11
43,2026-01-22 05:00:00+00:00,3,"[17, 50, 29]",32.76572877825715,-97.13169211016286,12.002,5.552,0.0,0.0,0.0,10.105681,7.28
43,2026-01-23 05:00:00+00:00,3,"[17, 50, 29]",32.76572877825715,-97.13169211016286,12.102,1.5020001,12.000001,0.0,12.000001,20.176065,0.77
43,2026-01-24 05:00:00+00:00,3,"[17, 50, 29]",32.76572877825715,-97.13169211016286,1.9020001,-8.398,18.1,6.8600006,8.3,20.969805,2.14
43,2026-01-25 05:00:00+00:00,3,"[17, 50, 29]",32.76572877825715,-97.13169211016286,-6.198,-10.548,9.3,4.69,2.6,24.993437,12.07
43,2026-01-26 05:00:00+00:00,3,"[17, 50, 29]",32.76572877825715,-97.13169211016286,0.102,-9.248,0.0,0.0,0.0,14.186923,14.66
43,2026-01-27 05:00:00+00:00,3,"[17, 50, 29]",32.76572877825715,-97.13169211016286,5.002,-4.648,0.0,0.0,0.0,12.72283,13.42
43,2026-01-28 05:00:00+00:00,3,"[17, 50, 29]",32.76572877825715,-97.13169211016286,9.852,-4.248,0.0,0.0,0.0,8.287822,15.23
43,2026-01-29 05:00:00+00:00,3,"[17, 50, 29]",32.76572877825715,-97.13169211016286,16.352,2.602,0.0,0.0,0.0,22.728518,16.13
56,2026-01-21 05:00:00+00:00,4,"[17, 34, 55, 57]",32.75024470000001,-97.1316776,18.4195,11.3195,0.1,0.0,0.1,13.513193,7.11
56,2026-01-22 05:00:00+00:00,4,"[17, 34, 55, 57]",32.75024470000001,-97.1316776,11.9695,5.5195,0.0,0.0,0.0,10.105681,7.28
56,2026-01-23 05:00:00+00:00,4,"[17, 34, 55, 57]",32.75024470000001,-97.1316776,12.0695,1.4695001,12.000001,0.0,12.000001,20.176065,0.77
56,2026-01-24 05:00:00+00:00,4,"[17, 34, 55, 57]",32.75024470000001,-97.1316776,1.8695,-8.4305,18.1,6.8600006,8.3,20.969805,2.14
56,2026-01-25 05:00:00+00:00,4,"[17, 34, 55, 57]",32.75024470000001,-97.1316776,-6.2305,-10.580501,9.3,4.69,2.6,24.993437,12.07
56,2026-01-26 05:00:00+00:00,4,"[17, 34, 55, 57]",32.75024470000001,-97.1316776,0.0695,-9.2805,0.0,0.0,0.0,14.186923,14.66
56,2026-01-27 05:00:00+00:00,4,"[17, 34, 55, 57]",32.75024470000001,-97.1316776,4.9694996,-4.6805,0.0,0.0,0.0,12.72283,13.42
56,2026-01-28 05:00:00+00:00,4,"[17, 34, 55, 57]",32.75024470000001,-97.1316776,9.8195,-4.2805004,0.0,0.0,0.0,8.287822,15.23
56,2026-01-29 05:00:00+00:00,4,"[17, 34, 55, 57]",32.75024470000001,-97.1316776,16.3195,2.5695,0.0,0.0,0.0,22.728518,16.13
25,2026-01-21 05:00:00+00:00,1,[19],32.737164116060725,-97.05207159389971,18.487,11.687,0.0,0.0,0.0,12.7279215,7.17
25,2026-01-22 05:00:00+00:00,1,[19],32.737164116060725,-97.05207159389971,12.137,5.587,0.0,0.0,0.0,9.726665,6.7
25,2026-01-23 05:00:00+00:00,1,[19],32.737164116060725,-97.05207159389971,11.737,1.737,10.400002,0.0,10.400002,21.068459,0.64
25,2026-01-24 05:00:00+00:00,1,[19],32.737164116060725,-97.05207159389971,1.737,-8.363,17.4,6.86,7.5999994,21.288757,2.18
25,2026-01-25 05:00:00+00:00,1,[19],32.737164116060725,-97.05207159389971,-6.263,-10.912999,8.900001,4.41,2.6000001,21.9718,11.69
25,2026-01-26 05:00:00+00:00,1,[19],32.737164116060725,-97.05207159389971,-0.063,-10.113,0.0,0.0,0.0,14.8257065,14.77
25,2026-01-27 05:00:00+00:00,1,[19],32.737164116060725,-97.05207159389971,4.987,-5.213,0.0,0.0,0.0,13.684735,13.13
25,2026-01-28 05:00:00+00:00,1,[19],32.737164116060725,-97.05207159389971,9.887,-2.263,0.0,0.0,0.0,6.9899354,14.97
25,2026-01-29 05:00:00+00:00,1,[19],32.737164116060725,-97.05207159389971,16.487,2.087,0.0,0.0,0.0,22.862123,16.18
20,2026-01-21 05:00:00+00:00,3,[3],32.6776606,-97.1207592,18.956501,11.356501,0.0,0.0,0.0,13.237038,7.87
20,2026-01-22 05:00:00+00:00,3,[3],32.6776606,-97.1207592,12.5565,5.5565,0.0,0.0,0.0,11.159999,7.58
20,2026-01-23 05:00:00+00:00,3,[3],32.6776606,-97.1207592,12.0065,1.7065,13.3,0.0,13.3,20.00512,0.63
20,2026-01-24 05:00:00+00:00,3,[3],32.6776606,-97.1207592,1.6065,-8.6935,14.8,6.09,6.1000004,21.611996,2.39
20,2026-01-25 05:00:00+00:00,3,[3],32.6776606,-97.1207592,-6.4935,-10.8435,8.1,3.85,2.6,25.582806,12.41
20,2026-01-26 05:00:00+00:00,3,[3],32.6776606,-97.1207592,-0.1935,-9.3435,0.0,0.0,0.0,15.192682,15.35
20,2026-01-27 05:00:00+00:00,3,[3],32.6776606,-97.1207592,4.8564997,-5.5435004,0.0,0.0,0.0,13.37825,12.96
20,2026-01-28 05:00:00+00:00,3,[3],32.6776606,-97.1207592,9.4065,-4.0935,0.0,0.0,0.0,9.422101,15.21
20,2026-01-29 05:00:00+00:00,3,[3],32.6776606,-97.1207592,15.5565,2.2565,0.0,0.0,0.0,21.30093,16.27
59,2026-01-21 05:00:00+00:00,4,"[37, 21, 54, 71]",32.73902800157149,-97.10628409973147,18.398,11.398,0.1,0.0,0.1,13.004921,7.43
59,2026-01-22 05:00:00+00:00,4,"[37, 21, 54, 71]",32.73902800157149,-97.10628409973147,11.748,5.498,0.0,0.0,0.0,9.746631,6.97
59,2026-01-23 05:00:00+00:00,4,"[37, 21, 54, 71]",32.73902800157149,-97.10628409973147,11.798,1.4979999,10.8,0.0,10.8,19.201874,0.7
59,2026-01-24 05:00:00+00:00,4,"[37, 21, 54, 71]",32.73902800157149,-97.10628409973147,1.698,-8.502,16.900002,6.6500006,7.3999996,21.068459,2.41
59,2026-01-25 05:00:00+00:00,4,"[37, 21, 54, 71]",32.73902800157149,-97.10628409973147,-6.352,-10.902,9.1,4.48,2.6999998,22.771244,12.35
59,2026-01-26 05:00:00+00:00,4,"[37, 21, 54, 71]",32.73902800157149,-97.10628409973147,-0.15200001,-9.252,0.0,0.0,0.0,15.463246,14.51
59,2026-01-27 05:00:00+00:00,4,"[37, 21, 54, 71]",32.73902800157149,-97.10628409973147,4.848,-5.152,0.0,0.0,0.0,13.049689,13.08
59,2026-01-28 05:00:00+00:00,4,"[37, 21, 54, 71]",32.73902800157149,-97.10628409973147,9.598,-3.502,0.0,0.0,0.0,7.968939,15.14
59,2026-01-29 05:00:00+00:00,4,"[37, 21, 54, 71]",32.73902800157149,-97.10628409973147,15.948,2.348,0.0,0.0,0.0,20.929594,16.21
22,2026-01-21 05:00:00+00:00,4,"[67, 35, 38, 23]",32.69174146285453,-97.10474065600575,18.776499,11.3765,0.0,0.0,0.0,12.4811535,7.89
22,2026-01-22 05:00:00+00:00,4,"[67, 35, 38, 23]",32.69174146285453,-97.10474065600575,12.7265005,5.4765,0.0,0.0,0.0,10.805999,6.7
22,2026-01-23 05:00:00+00:00,4,"[67, 35, 38, 23]",32.69174146285453,-97.10474065600575,11.8765,1.9265,10.6,0.0,10.6,20.49156,0.63
22,2026-01-24 05:00:00+00:00,4,"[67, 35, 38, 23]",32.69174146285453,-97.10474065600575,1.5765,-8.5735,14.500002,5.9500012,5.9999995,21.068459,2.91
22,2026-01-25 05:00:00+00:00,4,"[67, 35, 38, 23]",32.69174146285453,-97.10474065600575,-6.5235,-10.8735,8.499999,4.1299996,2.6,24.066206,13.28
22,2026-01-26 05:00:00+00:00,4,"[67, 35, 38, 23]",32.69174146285453,-97.10474065600575,-0.22350001,-10.0735,0.0,0.0,0.0,14.48972,15.22
22,2026-01-27 05:00:00+00:00,4,"[67, 35, 38, 23]",32.69174146285453,-97.10474065600575,4.7265,-5.6235,0.0,0.0,0.0,14.007655,13.07
22,2026-01-28 05:00:00+00:00,4,"[67, 35, 38, 23]",32.69174146285453,-97.10474065600575,9.2765,-4.1735,0.0,0.0,0.0,8.049845,15.39
22,2026-01-29 05:00:00+00:00,4,"[67, 35, 38, 23]",32.69174146285453,-97.10474065600575,15.5265,0.8765,0.0,0.0,0.0,21.26744,16.21
38,2026-01-21 05:00:00+00:00,9,"[64, 36, 41, 47, 53, 22, 24, 31]",32.70768058327312,-97.1168623591147,18.675999,11.276,0.0,0.0,0.0,13.849476,7.68
38,2026-01-22 05:00:00+00:00,9,"[64, 36, 41, 47, 53, 22, 24, 31]",32.70768058327312,-97.1168623591147,12.076,5.876,0.0,0.0,0.0,10.799999,6.8
38,2026-01-23 05:00:00+00:00,9,"[64, 36, 41, 47, 53, 22, 24, 31]",32.70768058327312,-97.1168623591147,12.026,1.526,12.7,0.0,12.7,18.847641,0.63
38,2026-01-24 05:00:00+00:00,9,"[64, 36, 41, 47, 53, 22, 24, 31]",32.70768058327312,-97.1168623591147,1.676,-8.624,15.200001,6.510001,5.8999996,20.380579,2.29
38,2026-01-25 05:00:00+00:00,9,"[64, 36, 41, 47, 53, 22, 24, 31]",32.70768058327312,-97.1168623591147,-6.374,-10.574,8.299999,4.06,2.4999998,25.812277,12.2
38,2026-01-26 05:00:00+00:00,9,"[64, 36, 41, 47, 53, 22, 24, 31]",32.70768058327312,-97.1168623591147,-0.124000005,-9.074,0.0,0.0,0.0,14.707222,15.03
38,2026-01-27 05:00:00+00:00,9,"[64, 36, 41, 47, 53, 22, 24, 31]",32.70768058327312,-97.1168623591147,4.826,-5.574,0.0,0.0,0.0,13.37825,12.86
38,2026-01-28 05:00:00+00:00,9,"[64, 36, 41, 47, 53, 22, 24, 31]",32.70768058327312,-97.1168623591147,9.576,-4.124,0.0,0.0,0.0,9.346143,15.28
38,2026-01-29 05:00:00+00:00,9,"[64, 36, 41, 47, 53, 22, 24, 31]",32.70768058327312,-97.1168623591147,15.626,2.626,0.0,0.0,0.0,20.570463,16.23
67,2026-01-21 05:00:00+00:00,2,"[84, 22]",32.68450730269395,-97.10334930205475,18.7895,11.3895,0.0,0.0,0.0,12.4811535,7.89
67,2026-01-22 05:00:00+00:00,2,"[84, 22]",32.68450730269395,-97.10334930205475,12.7395,5.4895,0.0,0.0,0.0,10.805999,6.7
67,2026-01-23 05:00:00+00:00,2,"[84, 22]",32.68450730269395,-97.10334930205475,11.8895,1.9395,10.6,0.0,10.6,20.49156,0.63
67,2026-01-24 05:00:00+00:00,2,"[84, 22]",32.68450730269395,-97.10334930205475,1.5895001,-8.5605,14.500002,5.9500012,5.9999995,21.068459,2.91
67,2026-01-25 05:00:00+00:00,2,"[84, 22]",32.68450730269395,-97.10334930205475,-6.5105,-10.8605,8.499999,4.1299996,2.6,24.066206,13.28
67,2026-01-26 05:00:00+00:00,2,"[84, 22]",32.68450730269395,-97.10334930205475,-0.2105,-10.0605,0.0,0.0,0.0,14.48972,15.22
67,2026-01-27 05:00:00+00:00,2,"[84, 22]",32.68450730269395,-97.10334930205475,4.7395,-5.6105,0.0,0.0,0.0,14.007655,13.07
67,2026-01-28 05:00:00+00:00,2,"[84, 22]",32.68450730269395,-97.10334930205475,9.289499,-4.1605,0.0,0.0,0.0,8.049845,15.39
67,2026-01-29 05:00:00+00:00,2,"[84, 22]",32.68450730269395,-97.10334930205475,15.539499,0.8895,0.0,0.0,0.0,21.26744,16.21
81,2026-01-21 05:00:00+00:00,2,"[65, 23]",32.691348450042774,-97.0850866002586,18.8935,11.4935,0.0,0.0,0.0,12.4811535,7.89
81,2026-01-22 05:00:00+00:00,2,"[65, 23]",32.691348450042774,-97.0850866002586,12.8435,5.5935,0.0,0.0,0.0,10.805999,6.7
81,2026-01-23 05:00:00+00:00,2,"[65, 23]",32.691348450042774,-97.0850866002586,11.9935,2.0435,10.6,0.0,10.6,20.49156,0.63
81,2026-01-24 05:00:00+00:00,2,"[65, 23]",32.691348450042774,-97.0850866002586,1.6935,-8.4565,14.500002,5.9500012,5.9999995,21.068459,2.91
81,2026-01-25 05:00:00+00:00,2,"[65, 23]",32.691348450042774,-97.0850866002586,-6.4065,-10.7565,8.499999,4.1299996,2.6,24.066206,13.28
81,2026-01-26 05:00:00+00:00,2,"[65, 23]",32.691348450042774,-97.0850866002586,-0.1065,-9.9565,0.0,0.0,0.0,14.48972,15.22
81,2026-01-27 05:00:00+00:00,2,"[65, 23]",32.691348450042774,-97.0850866002586,4.8435,-5.5065,0.0,0.0,0.0,14.007655,13.07
81,2026-01-28 05:00:00+00:00,2,"[65, 23]",32.691348450042774,-97.0850866002586,9.393499,-4.0565,0.0,0.0,0.0,8.049845,15.39
81,2026-01-29 05:00:00+00:00,2,"[65, 23]",32.691348450042774,-97.0850866002586,15.643499,0.9935,0.0,0.0,0.0,21.26744,16.21
51,2026-01-21 05:00:00+00:00,4,"[24, 52, 53, 54]",32.721013,-97.097471,18.45,11.45,0.1,0.0,0.1,13.004921,7.43
51,2026-01-22 05:00:00+00:00,4,"[24, 52, 53, 54]",32.721013,-97.097471,11.8,5.55,0.0,0.0,0.0,9.746631,6.97
51,2026-01-23 05:00:00+00:00,4,"[24, 52, 53, 54]",32.721013,-97.097471,11.85,1.55,10.8,0.0,10.8,19.201874,0.7
51,2026-01-24 05:00:00+00:00,4,"[24, 52, 53, 54]",32.721013,-97.097471,1.75,-8.45,16.900002,6.6500006,7.3999996,21.068459,2.41
51,2026-01-25 05:00:00+00:00,4,"[24, 52, 53, 54]",32.721013,-97.097471,-6.3,-10.85,9.1,4.48,2.6999998,22.771244,12.35
51,2026-01-26 05:00:00+00:00,4,"[24, 52, 53, 54]",32.721013,-97.097471,-0.1,-9.2,0.0,0.0,0.0,15.463246,14.51
51,2026-01-27 05:00:00+00:00,4,"[24, 52, 53, 54]",32.721013,-97.097471,4.9,-5.1,0.0,0.0,0.0,13.049689,13.08
51,2026-01-28 05:00:00+00:00,4,"[24, 52, 53, 54]",32.721013,-97.097471,9.65,-3.45,0.0,0.0,0.0,7.968939,15.14
51,2026-01-29 05:00:00+00:00,4,"[24, 52, 53, 54]",32.721013,-97.097471,16.0,2.4,0.0,0.0,0.0,20.929594,16.21
64,2026-01-21 05:00:00+00:00,2,"[24, 38]",32.70634760000033,-97.10340710000101,18.530499,11.5305,0.0,0.0,0.0,13.004921,7.59
64,2026-01-22 05:00:00+00:00,2,"[24, 38]",32.70634760000033,-97.10340710000101,12.4305,5.5805,0.0,0.0,0.0,10.08,6.46
64,2026-01-23 05:00:00+00:00,2,"[24, 38]",32.70634760000033,-97.10340710000101,11.7805,1.6805,10.8,0.0,10.8,19.201874,0.65
64,2026-01-24 05:00:00+00:00,2,"[24, 38]",32.70634760000033,-97.10340710000101,1.6305,-8.6195,15.900001,6.6500006,6.3999996,20.833395,2.49
64,2026-01-25 05:00:00+00:00,2,"[24, 38]",32.70634760000033,-97.10340710000101,-6.4195,-10.8195,8.599999,4.27,2.4999998,23.269482,12.86
64,2026-01-26 05:00:00+00:00,2,"[24, 38]",32.70634760000033,-97.10340710000101,-0.16950001,-9.8195,0.0,0.0,0.0,15.137133,15.0
64,2026-01-27 05:00:00+00:00,2,"[24, 38]",32.70634760000033,-97.10340710000101,4.7805004,-5.2194996,0.0,0.0,0.0,13.527572,13.2
64,2026-01-28 05:00:00+00:00,2,"[24, 38]",32.70634760000033,-97.10340710000101,9.6305,-2.8195,0.0,0.0,0.0,7.6367526,15.17
64,2026-01-29 05:00:00+00:00,2,"[24, 38]",32.70634760000033,-97.10340710000101,15.7305,2.0805,0.0,0.0,0.0,21.2522,16.21
28,2026-01-21 05:00:00+00:00,1,[70],32.73307217519403,-97.16492661375045,19.0625,11.6125,0.1,0.0,0.1,13.979871,7.97
28,2026-01-22 05:00:00+00:00,1,[70],32.73307217519403,-97.16492661375045,12.3625,5.8624997,0.0,0.0,0.0,10.805999,7.51
28,2026-01-23 05:00:00+00:00,1,[70],32.73307217519403,-97.16492661375045,12.3125,1.7125,11.8,0.0,11.8,18.86139,0.77
28,2026-01-24 05:00:00+00:00,1,[70],32.73307217519403,-97.16492661375045,2.0625,-8.3375,16.800001,6.6500006,7.3,20.617662,2.3
28,2026-01-25 05:00:00+00:00,1,[70],32.73307217519403,-97.16492661375045,-6.1375003,-10.5875,8.7,4.34,2.4999998,27.059933,11.71
28,2026-01-26 05:00:00+00:00,1,[70],32.73307217519403,-97.16492661375045,0.3125,-8.787499,0.0,0.0,0.0,14.982228,15.3
28,2026-01-27 05:00:00+00:00,1,[70],32.73307217519403,-97.16492661375045,5.5625,-5.6875,0.0,0.0,0.0,13.849477,12.98
28,2026-01-28 05:00:00+00:00,1,[70],32.73307217519403,-97.16492661375045,10.012501,-4.1375003,0.0,0.0,0.0,9.793058,15.33
28,2026-01-29 05:00:00+00:00,1,[70],32.73307217519403,-97.16492661375045,16.5125,2.2124999,0.0,0.0,0.0,23.4,16.13
70,2026-01-21 05:00:00+00:00,2,"[42, 28]",32.736101350084525,-97.15467640021026,18.925999,11.476,0.1,0.0,0.1,13.979871,7.97
70,2026-01-22 05:00:00+00:00,2,"[42, 28]",32.736101350084525,-97.15467640021026,12.226,5.726,0.0,0.0,0.0,10.805999,7.51
70,2026-01-23 05:00:00+00:00,2,"[42, 28]",32.736101350084525,-97.15467640021026,12.176,1.576,11.8,0.0,11.8,18.86139,0.77
70,2026-01-24 05:00:00+00:00,2,"[42, 28]",32.736101350084525,-97.15467640021026,1.926,-8.474,16.800001,6.6500006,7.3,20.617662,2.3
70,2026-01-25 05:00:00+00:00,2,"[42, 28]",32.736101350084525,-97.15467640021026,-6.274,-10.724,8.7,4.34,2.4999998,27.059933,11.71
70,2026-01-26 05:00:00+00:00,2,"[42, 28]",32.736101350084525,-97.15467640021026,0.176,-8.924,0.0,0.0,0.0,14.982228,15.3
70,2026-01-27 05:00:00+00:00,2,"[42, 28]",32.736101350084525,-97.15467640021026,5.426,-5.824,0.0,0.0,0.0,13.849477,12.98
70,2026-01-28 05:00:00+00:00,2,"[42, 28]",32.736101350084525,-97.15467640021026,9.876,-4.274,0.0,0.0,0.0,9.793058,15.33
70,2026-01-29 05:00:00+00:00,2,"[42, 28]",32.736101350084525,-97.15467640021026,16.376,2.076,0.0,0.0,0.0,23.4,16.13
30,2026-01-21 05:00:00+00:00,2,"[32, 31]",32.70943665000148,-97.14167890001308,18.95,11.45,0.0,0.0,0.0,14.05845,8.75
30,2026-01-22 05:00:00+00:00,2,"[32, 31]",32.70943665000148,-97.14167890001308,12.15,5.8,0.0,0.0,0.0,10.799999,7.53
30,2026-01-23 05:00:00+00:00,2,"[32, 31]",32.70943665000148,-97.14167890001308,12.25,1.55,13.100001,0.0,13.100001,19.483284,0.66
30,2026-01-24 05:00:00+00:00,2,"[32, 31]",32.70943665000148,-97.14167890001308,1.85,-8.6,14.800001,5.950001,6.2999997,20.608229,2.21
30,2026-01-25 05:00:00+00:00,2,"[32, 31]",32.70943665000148,-97.14167890001308,-6.35,-10.75,7.8,3.8500001,2.2999997,27.333935,12.38
30,2026-01-26 05:00:00+00:00,2,"[32, 31]",32.70943665000148,-97.14167890001308,0.05,-9.0,0.0,0.0,0.0,14.77755,15.71
30,2026-01-27 05:00:00+00:00,2,"[32, 31]",32.70943665000148,-97.14167890001308,5.2,-6.1,0.0,0.0,0.0,13.37825,12.92
30,2026-01-28 05:00:00+00:00,2,"[32, 31]",32.70943665000148,-97.14167890001308,9.7,-4.65,0.0,0.0,0.0,10.594036,15.23
30,2026-01-29 05:00:00+00:00,2,"[32, 31]",32.70943665000148,-97.14167890001308,16.05,2.05,0.0,0.0,0.0,22.366402,16.21
31,2026-01-21 05:00:00+00:00,5,"[62, 46, 38, 30]",32.70789046444252,-97.13199048254894,18.6435,11.2435,0.0,0.0,0.0,13.849476,7.68
31,2026-01-22 05:00:00+00:00,5,"[62, 46, 38, 30]",32.70789046444252,-97.13199048254894,12.0435,5.8435,0.0,0.0,0.0,10.799999,6.8
31,2026-01-23 05:00:00+00:00,5,"[62, 46, 38, 30]",32.70789046444252,-97.13199048254894,11.9935,1.4935,12.7,0.0,12.7,18.847641,0.63
31,2026-01-24 05:00:00+00:00,5,"[62, 46, 38, 30]",32.70789046444252,-97.13199048254894,1.6435,-8.6565,15.200001,6.510001,5.8999996,20.380579,2.29
31,2026-01-25 05:00:00+00:00,5,"[62, 46, 38, 30]",32.70789046444252,-97.13199048254894,-6.4065,-10.606501,8.299999,4.06,2.4999998,25.812277,12.2
31,2026-01-26 05:00:00+00:00,5,"[62, 46, 38, 30]",32.70789046444252,-97.13199048254894,-0.15650001,-9.106501,0.0,0.0,0.0,14.707222,15.03
31,2026-01-27 05:00:00+00:00,5,"[62, 46, 38, 30]",32.70789046444252,-97.13199048254894,4.7935004,-5.6064997,0.0,0.0,0.0,13.37825,12.86
31,2026-01-28 05:00:00+00:00,5,"[62, 46, 38, 30]",32.70789046444252,-97.13199048254894,9.5435,-4.1565,0.0,0.0,0.0,9.346143,15.28
31,2026-01-29 05:00:00+00:00,5,"[62, 46, 38, 30]",32.70789046444252,-97.13199048254894,15.5935,2.5935,0.0,0.0,0.0,20.570463,16.23
62,2026-01-21 05:00:00+00:00,3,"[32, 31]",32.7067273,-97.1416916,18.9305,11.4305,0.0,0.0,0.0,14.05845,8.75
62,2026-01-22 05:00:00+00:00,3,"[32, 31]",32.7067273,-97.1416916,12.1305,5.7805004,0.0,0.0,0.0,10.799999,7.53
62,2026-01-23 05:00:00+00:00,3,"[32, 31]",32.7067273,-97.1416916,12.2305,1.5304999,13.100001,0.0,13.100001,19.483284,0.66
62,2026-01-24 05:00:00+00:00,3,"[32, 31]",32.7067273,-97.1416916,1.8305,-8.6195,14.800001,5.950001,6.2999997,20.608229,2.21
62,2026-01-25 05:00:00+00:00,3,"[32, 31]",32.7067273,-97.1416916,-6.3694997,-10.7695,7.8,3.8500001,2.2999997,27.333935,12.38
62,2026-01-26 05:00:00+00:00,3,"[32, 31]",32.7067273,-97.1416916,0.0305,-9.0195,0.0,0.0,0.0,14.77755,15.71
62,2026-01-27 05:00:00+00:00,3,"[32, 31]",32.7067273,-97.1416916,5.1805,-6.1194997,0.0,0.0,0.0,13.37825,12.92
62,2026-01-28 05:00:00+00:00,3,"[32, 31]",32.7067273,-97.1416916,9.6805,-4.6695,0.0,0.0,0.0,10.594036,15.23
62,2026-01-29 05:00:00+00:00,3,"[32, 31]",32.7067273,-97.1416916,16.030499,2.0305,0.0,0.0,0.0,22.366402,16.21
46,2026-01-21 05:00:00+00:00,4,"[45, 60, 61, 31]",32.721245999999994,-97.1319622,18.411001,11.161,0.1,0.0,0.1,13.797912,7.78
46,2026-01-22 05:00:00+00:00,4,"[45, 60, 61, 31]",32.721245999999994,-97.1319622,11.861,5.711,0.0,0.0,0.0,10.086427,6.38
46,2026-01-23 05:00:00+00:00,4,"[45, 60, 61, 31]",32.721245999999994,-97.1319622,11.861,1.361,11.5,0.0,11.5,18.514643,0.69
46,2026-01-24 05:00:00+00:00,4,"[45, 60, 61, 31]",32.721245999999994,-97.1319622,1.711,-8.639,16.300001,6.5100007,7.0,20.431387,2.26
46,2026-01-25 05:00:00+00:00,4,"[45, 60, 61, 31]",32.721245999999994,-97.1319622,-6.389,-10.639,8.999999,4.48,2.5999997,25.582806,12.47
46,2026-01-26 05:00:00+00:00,4,"[45, 60, 61, 31]",32.721245999999994,-97.1319622,-0.089,-8.988999,0.0,0.0,0.0,14.458382,14.82
46,2026-01-27 05:00:00+00:00,4,"[45, 60, 61, 31]",32.721245999999994,-97.1319622,5.061,-5.739,0.0,0.0,0.0,13.202726,12.86
46,2026-01-28 05:00:00+00:00,4,"[45, 60, 61, 31]",32.721245999999994,-97.1319622,9.761001,-3.839,0.0,0.0,0.0,9.028754,15.29
46,2026-01-29 05:00:00+00:00,4,"[45, 60, 61, 31]",32.721245999999994,-97.1319622,16.061,2.661,0.0,0.0,0.0,21.980644,16.18
76,2026-01-21 05:00:00+00:00,3,"[32, 72, 36]",32.692269000000195,-97.14939950000047,19.088999,11.339,0.0,0.0,0.0,13.358861,8.09
76,2026-01-22 05:00:00+00:00,3,"[32, 72, 36]",32.692269000000195,-97.14939950000047,12.238999,5.839,0.0,0.0,0.0,11.159999,7.37
76,2026-01-23 05:00:00+00:00,3,"[32, 72, 36]",32.692269000000195,-97.14939950000047,12.339,1.7390001,11.500001,0.0,11.500001,20.94507,0.66
76,2026-01-24 05:00:00+00:00,3,"[32, 72, 36]",32.692269000000195,-97.14939950000047,1.789,-8.461,14.600001,5.81,6.2999997,22.553934,2.39
76,2026-01-25 05:00:00+00:00,3,"[32, 72, 36]",32.692269000000195,-97.14939950000047,-6.261,-10.611,7.5,3.5700002,2.4,27.661497,12.45
76,2026-01-26 05:00:00+00:00,3,"[32, 72, 36]",32.692269000000195,-97.14939950000047,-0.011,-8.961,0.0,0.0,0.0,14.982228,15.75
76,2026-01-27 05:00:00+00:00,3,"[32, 72, 36]",32.692269000000195,-97.14939950000047,5.089,-6.561,0.0,0.0,0.0,13.37825,12.94
76,2026-01-28 05:00:00+00:00,3,"[32, 72, 36]",32.692269000000195,-97.14939950000047,9.639,-4.561,0.0,0.0,0.0,10.799999,15.39
76,2026-01-29 05:00:00+00:00,3,"[32, 72, 36]",32.692269000000195,-97.14939950000047,15.889,2.089,0.0,0.0,0.0,21.794127,16.23
34,2026-01-21 05:00:00+00:00,6,"[56, 42, 60, 37]",32.73602976243644,-97.13149665035277,18.469501,11.2195,0.1,0.0,0.1,13.797912,7.78
34,2026-01-22 05:00:00+00:00,6,"[56, 42, 60, 37]",32.73602976243644,-97.13149665035277,11.919499,5.7695,0.0,0.0,0.0,10.086427,6.38
34,2026-01-23 05:00:00+00:00,6,"[56, 42, 60, 37]",32.73602976243644,-97.13149665035277,11.919499,1.4195,11.5,0.0,11.5,18.514643,0.69
34,2026-01-24 05:00:00+00:00,6,"[56, 42, 60, 37]",32.73602976243644,-97.13149665035277,1.7695,-8.580501,16.300001,6.5100007,7.0,20.431387,2.26
34,2026-01-25 05:00:00+00:00,6,"[56, 42, 60, 37]",32.73602976243644,-97.13149665035277,-6.3305,-10.580501,8.999999,4.48,2.5999997,25.582806,12.47
34,2026-01-26 05:00:00+00:00,6,"[56, 42, 60, 37]",32.73602976243644,-97.13149665035277,-0.0305,-8.9305,0.0,0.0,0.0,14.458382,14.82
34,2026-01-27 05:00:00+00:00,6,"[56, 42, 60, 37]",32.73602976243644,-97.13149665035277,5.1194997,-5.6805,0.0,0.0,0.0,13.202726,12.86
34,2026-01-28 05:00:00+00:00,6,"[56, 42, 60, 37]",32.73602976243644,-97.13149665035277,9.8195,-3.7805,0.0,0.0,0.0,9.028754,15.29
34,2026-01-29 05:00:00+00:00,6,"[56, 42, 60, 37]",32.73602976243644,-97.13149665035277,16.119501,2.7195,0.0,0.0,0.0,21.980644,16.18
37,2026-01-21 05:00:00+00:00,7,"[34, 68, 71, 77, 58, 59]",32.736398427877006,-97.11464038528561,18.437,11.187,0.1,0.0,0.1,13.797912,7.78
37,2026-01-22 05:00:00+00:00,7,"[34, 68, 71, 77, 58, 59]",32.736398427877006,-97.11464038528561,11.887,5.737,0.0,0.0,0.0,10.086427,6.38
37,2026-01-23 05:00:00+00:00,7,"[34, 68, 71, 77, 58, 59]",32.736398427877006,-97.11464038528561,11.887,1.387,11.5,0.0,11.5,18.514643,0.69
37,2026-01-24 05:00:00+00:00,7,"[34, 68, 71, 77, 58, 59]",32.736398427877006,-97.11464038528561,1.737,-8.613,16.300001,6.5100007,7.0,20.431387,2.26
37,2026-01-25 05:00:00+00:00,7,"[34, 68, 71, 77, 58, 59]",32.736398427877006,-97.11464038528561,-6.363,-10.613,8.999999,4.48,2.5999997,25.582806,12.47
37,2026-01-26 05:00:00+00:00,7,"[34, 68, 71, 77, 58, 59]",32.736398427877006,-97.11464038528561,-0.063,-8.962999,0.0,0.0,0.0,14.458382,14.82
37,2026-01-27 05:00:00+00:00,7,"[34, 68, 71, 77, 58, 59]",32.736398427877006,-97.11464038528561,5.087,-5.713,0.0,0.0,0.0,13.202726,12.86
37,2026-01-28 05:00:00+00:00,7,"[34, 68, 71, 77, 58, 59]",32.736398427877006,-97.11464038528561,9.787001,-3.813,0.0,0.0,0.0,9.028754,15.29
37,2026-01-29 05:00:00+00:00,7,"[34, 68, 71, 77, 58, 59]",32.736398427877006,-97.11464038528561,16.087,2.687,0.0,0.0,0.0,21.980644,16.18
42,2026-01-21 05:00:00+00:00,4,"[34, 61, 70]",32.73366891817219,-97.14907811888652,18.932499,11.4825,0.1,0.0,0.1,13.979871,7.97
42,2026-01-22 05:00:00+00:00,4,"[34, 61, 70]",32.73366891817219,-97.14907811888652,12.2325,5.7324996,0.0,0.0,0.0,10.805999,7.51
42,2026-01-23 05:00:00+00:00,4,"[34, 61, 70]",32.73366891817219,-97.14907811888652,12.1825,1.5825,11.8,0.0,11.8,18.86139,0.77
42,2026-01-24 05:00:00+00:00,4,"[34, 61, 70]",32.73366891817219,-97.14907811888652,1.9325,-8.4675,16.800001,6.6500006,7.3,20.617662,2.3
42,2026-01-25 05:00:00+00:00,4,"[34, 61, 70]",32.73366891817219,-97.14907811888652,-6.2675004,-10.7175,8.7,4.34,2.4999998,27.059933,11.71
42,2026-01-26 05:00:00+00:00,4,"[34, 61, 70]",32.73366891817219,-97.14907811888652,0.1825,-8.9175,0.0,0.0,0.0,14.982228,15.3
42,2026-01-27 05:00:00+00:00,4,"[34, 61, 70]",32.73366891817219,-97.14907811888652,5.4325,-5.8175,0.0,0.0,0.0,13.849477,12.98
42,2026-01-28 05:00:00+00:00,4,"[34, 61, 70]",32.73366891817219,-97.14907811888652,9.882501,-4.2675004,0.0,0.0,0.0,9.793058,15.33
42,2026-01-29 05:00:00+00:00,4,"[34, 61, 70]",32.73366891817219,-97.14907811888652,16.3825,2.0825,0.0,0.0,0.0,23.4,16.13
60,2026-01-21 05:00:00+00:00,2,"[34, 46]",32.72576610012962,-97.13170930032514,18.417501,11.1675,0.1,0.0,0.1,13.797912,7.78
60,2026-01-22 05:00:00+00:00,2,"[34, 46]",32.72576610012962,-97.13170930032514,11.867499,5.7175,0.0,0.0,0.0,10.086427,6.38
60,2026-01-23 05:00:00+00:00,2,"[34, 46]",32.72576610012962,-97.13170930032514,11.867499,1.3675,11.5,0.0,11.5,18.514643,0.69
60,2026-01-24 05:00:00+00:00,2,"[34, 46]",32.72576610012962,-97.13170930032514,1.7175,-8.632501,16.300001,6.5100007,7.0,20.431387,2.26
60,2026-01-25 05:00:00+00:00,2,"[34, 46]",32.72576610012962,-97.13170930032514,-6.3824997,-10.632501,8.999999,4.48,2.5999997,25.582806,12.47
60,2026-01-26 05:00:00+00:00,2,"[34, 46]",32.72576610012962,-97.13170930032514,-0.082499996,-8.9825,0.0,0.0,0.0,14.458382,14.82
60,2026-01-27 05:00:00+00:00,2,"[34, 46]",32.72576610012962,-97.13170930032514,5.0675,-5.7324996,0.0,0.0,0.0,13.202726,12.86
60,2026-01-28 05:00:00+00:00,2,"[34, 46]",32.72576610012962,-97.13170930032514,9.7675,-3.8325,0.0,0.0,0.0,9.028754,15.29
60,2026-01-29 05:00:00+00:00,2,"[34, 46]",32.72576610012962,-97.13170930032514,16.067501,2.6675,0.0,0.0,0.0,21.980644,16.18
36,2026-01-21 05:00:00+00:00,4,"[35, 76, 38, 39]",32.69417380422195,-97.12654364919074,18.637,11.237,0.0,0.0,0.0,13.849476,7.68
36,2026-01-22 05:00:00+00:00,4,"[35, 76, 38, 39]",32.69417380422195,-97.12654364919074,12.037001,5.837,0.0,0.0,0.0,10.799999,6.8
36,2026-01-23 05:00:00+00:00,4,"[35, 76, 38, 39]",32.69417380422195,-97.12654364919074,11.987,1.487,12.7,0.0,12.7,18.847641,0.63
36,2026-01-24 05:00:00+00:00,4,"[35, 76, 38, 39]",32.69417380422195,-97.12654364919074,1.637,-8.662999,15.200001,6.510001,5.8999996,20.380579,2.29
36,2026-01-25 05:00:00+00:00,4,"[35, 76, 38, 39]",32.69417380422195,-97.12654364919074,-6.413,-10.613,8.299999,4.06,2.4999998,25.812277,12.2
36,2026-01-26 05:00:00+00:00,4,"[35, 76, 38, 39]",32.69417380422195,-97.12654364919074,-0.163,-9.113,0.0,0.0,0.0,14.707222,15.03
36,2026-01-27 05:00:00+00:00,4,"[35, 76, 38, 39]",32.69417380422195,-97.12654364919074,4.787,-5.613,0.0,0.0,0.0,13.37825,12.86
36,2026-01-28 05:00:00+00:00,4,"[35, 76, 38, 39]",32.69417380422195,-97.12654364919074,9.537001,-4.163,0.0,0.0,0.0,9.346143,15.28
36,2026-01-29 05:00:00+00:00,4,"[35, 76, 38, 39]",32.69417380422195,-97.12654364919074,15.587001,2.587,0.0,0.0,0.0,20.570463,16.23
41,2026-01-21 05:00:00+00:00,2,"[35, 38]",32.70033960005937,-97.11483845000868,18.689,11.289,0.0,0.0,0.0,13.849476,7.68
41,2026-01-22 05:00:00+00:00,2,"[35, 38]",32.70033960005937,-97.11483845000868,12.089,5.889,0.0,0.0,0.0,10.799999,6.8
41,2026-01-23 05:00:00+00:00,2,"[35, 38]",32.70033960005937,-97.11483845000868,12.039,1.539,12.7,0.0,12.7,18.847641,0.63
41,2026-01-24 05:00:00+00:00,2,"[35, 38]",32.70033960005937,-97.11483845000868,1.689,-8.611,15.200001,6.510001,5.8999996,20.380579,2.29
41,2026-01-25 05:00:00+00:00,2,"[35, 38]",32.70033960005937,-97.11483845000868,-6.361,-10.561001,8.299999,4.06,2.4999998,25.812277,12.2
41,2026-01-26 05:00:00+00:00,2,"[35, 38]",32.70033960005937,-97.11483845000868,-0.111,-9.061001,0.0,0.0,0.0,14.707222,15.03
41,2026-01-27 05:00:00+00:00,2,"[35, 38]",32.70033960005937,-97.11483845000868,4.839,-5.561,0.0,0.0,0.0,13.37825,12.86
41,2026-01-28 05:00:00+00:00,2,"[35, 38]",32.70033960005937,-97.11483845000868,9.589,-4.111,0.0,0.0,0.0,9.346143,15.28
41,2026-01-29 05:00:00+00:00,2,"[35, 38]",32.70033960005937,-97.11483845000868,15.639,2.639,0.0,0.0,0.0,20.570463,16.23
39,2026-01-21 05:00:00+00:00,1,[36],32.68017612793119,-97.13451767037763,18.969501,11.3695,0.0,0.0,0.0,13.237038,7.87
39,2026-01-22 05:00:00+00:00,1,[36],32.68017612793119,-97.13451767037763,12.5695,5.5695,0.0,0.0,0.0,11.159999,7.58
39,2026-01-23 05:00:00+00:00,1,[36],32.68017612793119,-97.13451767037763,12.0195,1.7195001,13.3,0.0,13.3,20.00512,0.63
39,2026-01-24 05:00:00+00:00,1,[36],32.68017612793119,-97.13451767037763,1.6195,-8.6805,14.8,6.09,6.1000004,21.611996,2.39
39,2026-01-25 05:00:00+00:00,1,[36],32.68017612793119,-97.13451767037763,-6.4805,-10.830501,8.1,3.85,2.6,25.582806,12.41
39,2026-01-26 05:00:00+00:00,1,[36],32.68017612793119,-97.13451767037763,-0.1805,-9.330501,0.0,0.0,0.0,15.192682,15.35
39,2026-01-27 05:00:00+00:00,1,[36],32.68017612793119,-97.13451767037763,4.8694997,-5.5305004,0.0,0.0,0.0,13.37825,12.96
39,2026-01-28 05:00:00+00:00,1,[36],32.68017612793119,-97.13451767037763,9.419499,-4.0805,0.0,0.0,0.0,9.422101,15.21
39,2026-01-29 05:00:00+00:00,1,[36],32.68017612793119,-97.13451767037763,15.5695,2.2695,0.0,0.0,0.0,21.30093,16.27
68,2026-01-21 05:00:00+00:00,2,"[58, 37]",32.74295900003581,-97.11408434984025,18.469501,11.2195,0.1,0.0,0.1,13.797912,7.78
68,2026-01-22 05:00:00+00:00,2,"[58, 37]",32.74295900003581,-97.11408434984025,11.919499,5.7695,0.0,0.0,0.0,10.086427,6.38
68,2026-01-23 05:00:00+00:00,2,"[58, 37]",32.74295900003581,-97.11408434984025,11.919499,1.4195,11.5,0.0,11.5,18.514643,0.69
68,2026-01-24 05:00:00+00:00,2,"[58, 37]",32.74295900003581,-97.11408434984025,1.7695,-8.580501,16.300001,6.5100007,7.0,20.431387,2.26
68,2026-01-25 05:00:00+00:00,2,"[58, 37]",32.74295900003581,-97.11408434984025,-6.3305,-10.580501,8.999999,4.48,2.5999997,25.582806,12.47
68,2026-01-26 05:00:00+00:00,2,"[58, 37]",32.74295900003581,-97.11408434984025,-0.0305,-8.9305,0.0,0.0,0.0,14.458382,14.82
68,2026-01-27 05:00:00+00:00,2,"[58, 37]",32.74295900003581,-97.11408434984025,5.1194997,-5.6805,0.0,0.0,0.0,13.202726,12.86
68,2026-01-28 05:00:00+00:00,2,"[58, 37]",32.74295900003581,-97.11408434984025,9.8195,-3.7805,0.0,0.0,0.0,9.028754,15.29
68,2026-01-29 05:00:00+00:00,2,"[58, 37]",32.74295900003581,-97.11408434984025,16.119501,2.7195,0.0,0.0,0.0,21.980644,16.18
71,2026-01-21 05:00:00+00:00,4,"[53, 59, 37, 54]",32.73556646441028,-97.10648370984885,18.424002,11.424,0.1,0.0,0.1,13.004921,7.43
71,2026-01-22 05:00:00+00:00,4,"[53, 59, 37, 54]",32.73556646441028,-97.10648370984885,11.774,5.524,0.0,0.0,0.0,9.746631,6.97
71,2026-01-23 05:00:00+00:00,4,"[53, 59, 37, 54]",32.73556646441028,-97.10648370984885,11.824,1.5239999,10.8,0.0,10.8,19.201874,0.7
71,2026-01-24 05:00:00+00:00,4,"[53, 59, 37, 54]",32.73556646441028,-97.10648370984885,1.724,-8.476,16.900002,6.6500006,7.3999996,21.068459,2.41
71,2026-01-25 05:00:00+00:00,4,"[53, 59, 37, 54]",32.73556646441028,-97.10648370984885,-6.326,-10.876,9.1,4.48,2.6999998,22.771244,12.35
71,2026-01-26 05:00:00+00:00,4,"[53, 59, 37, 54]",32.73556646441028,-97.10648370984885,-0.126,-9.226,0.0,0.0,0.0,15.463246,14.51
71,2026-01-27 05:00:00+00:00,4,"[53, 59, 37, 54]",32.73556646441028,-97.10648370984885,4.874,-5.126,0.0,0.0,0.0,13.049689,13.08
71,2026-01-28 05:00:00+00:00,4,"[53, 59, 37, 54]",32.73556646441028,-97.10648370984885,9.624,-3.476,0.0,0.0,0.0,7.968939,15.14
71,2026-01-29 05:00:00+00:00,4,"[53, 59, 37, 54]",32.73556646441028,-97.10648370984885,15.974,2.374,0.0,0.0,0.0,20.929594,16.21
77,2026-01-21 05:00:00+00:00,2,"[37, 47]",32.72769490535996,-97.11472470544344,18.508501,11.2585,0.1,0.0,0.1,13.797912,7.78
77,2026-01-22 05:00:00+00:00,2,"[37, 47]",32.72769490535996,-97.11472470544344,11.9585,5.8085,0.0,0.0,0.0,10.086427,6.38
77,2026-01-23 05:00:00+00:00,2,"[37, 47]",32.72769490535996,-97.11472470544344,11.9585,1.4585,11.5,0.0,11.5,18.514643,0.69
77,2026-01-24 05:00:00+00:00,2,"[37, 47]",32.72769490535996,-97.11472470544344,1.8085,-8.5415,16.300001,6.5100007,7.0,20.431387,2.26
77,2026-01-25 05:00:00+00:00,2,"[37, 47]",32.72769490535996,-97.11472470544344,-6.2915,-10.5415,8.999999,4.48,2.5999997,25.582806,12.47
77,2026-01-26 05:00:00+00:00,2,"[37, 47]",32.72769490535996,-97.11472470544344,0.008499999,-8.8914995,0.0,0.0,0.0,14.458382,14.82
77,2026-01-27 05:00:00+00:00,2,"[37, 47]",32.72769490535996,-97.11472470544344,5.1584997,-5.6415,0.0,0.0,0.0,13.202726,12.86
77,2026-01-28 05:00:00+00:00,2,"[37, 47]",32.72769490535996,-97.11472470544344,9.8585005,-3.7415,0.0,0.0,0.0,9.028754,15.29
77,2026-01-29 05:00:00+00:00,2,"[37, 47]",32.72769490535996,-97.11472470544344,16.1585,2.7585,0.0,0.0,0.0,21.980644,16.18
47,2026-01-21 05:00:00+00:00,4,"[53, 45, 77, 38]",32.72115386650994,-97.11466262544225,18.45,11.2,0.1,0.0,0.1,13.797912,7.78
47,2026-01-22 05:00:00+00:00,4,"[53, 45, 77, 38]",32.72115386650994,-97.11466262544225,11.9,5.75,0.0,0.0,0.0,10.086427,6.38
47,2026-01-23 05:00:00+00:00,4,"[53, 45, 77, 38]",32.72115386650994,-97.11466262544225,11.9,1.4,11.5,0.0,11.5,18.514643,0.69
47,2026-01-24 05:00:00+00:00,4,"[53, 45, 77, 38]",32.72115386650994,-97.11466262544225,1.75,-8.6,16.300001,6.5100007,7.0,20.431387,2.26
47,2026-01-25 05:00:00+00:00,4,"[53, 45, 77, 38]",32.72115386650994,-97.11466262544225,-6.35,-10.6,8.999999,4.48,2.5999997,25.582806,12.47
47,2026-01-26 05:00:00+00:00,4,"[53, 45, 77, 38]",32.72115386650994,-97.11466262544225,-0.05,-8.95,0.0,0.0,0.0,14.458382,14.82
47,2026-01-27 05:00:00+00:00,4,"[53, 45, 77, 38]",32.72115386650994,-97.11466262544225,5.1,-5.7,0.0,0.0,0.0,13.202726,12.86
47,2026-01-28 05:00:00+00:00,4,"[53, 45, 77, 38]",32.72115386650994,-97.11466262544225,9.8,-3.8,0.0,0.0,0.0,9.028754,15.29
47,2026-01-29 05:00:00+00:00,4,"[53, 45, 77, 38]",32.72115386650994,-97.11466262544225,16.1,2.7,0.0,0.0,0.0,21.980644,16.18
53,2026-01-21 05:00:00+00:00,4,"[51, 47, 38, 71]",32.722282582893975,-97.10373274599695,18.476,11.476,0.1,0.0,0.1,13.004921,7.43
53,2026-01-22 05:00:00+00:00,4,"[51, 47, 38, 71]",32.722282582893975,-97.10373274599695,11.826,5.576,0.0,0.0,0.0,9.746631,6.97
53,2026-01-23 05:00:00+00:00,4,"[51, 47, 38, 71]",32.722282582893975,-97.10373274599695,11.876,1.576,10.8,0.0,10.8,19.201874,0.7
53,2026-01-24 05:00:00+00:00,4,"[51, 47, 38, 71]",32.722282582893975,-97.10373274599695,1.776,-8.424,16.900002,6.6500006,7.3999996,21.068459,2.41
53,2026-01-25 05:00:00+00:00,4,"[51, 47, 38, 71]",32.722282582893975,-97.10373274599695,-6.274,-10.824,9.1,4.48,2.6999998,22.771244,12.35
53,2026-01-26 05:00:00+00:00,4,"[51, 47, 38, 71]",32.722282582893975,-97.10373274599695,-0.074,-9.174,0.0,0.0,0.0,15.463246,14.51
53,2026-01-27 05:00:00+00:00,4,"[51, 47, 38, 71]",32.722282582893975,-97.10373274599695,4.926,-5.074,0.0,0.0,0.0,13.049689,13.08
53,2026-01-28 05:00:00+00:00,4,"[51, 47, 38, 71]",32.722282582893975,-97.10373274599695,9.676,-3.424,0.0,0.0,0.0,7.968939,15.14
53,2026-01-29 05:00:00+00:00,4,"[51, 47, 38, 71]",32.722282582893975,-97.10373274599695,16.026,2.426,0.0,0.0,0.0,20.929594,16.21
50,2026-01-21 05:00:00+00:00,2,"[49, 43]",32.76670464312582,-97.14810271695967,18.8975,11.5475,0.1,0.0,0.1,12.783802,7.57
50,2026-01-22 05:00:00+00:00,2,"[49, 43]",32.76670464312582,-97.14810271695967,12.3475,5.5474997,0.0,0.0,0.0,10.446206,7.24
50,2026-01-23 05:00:00+00:00,2,"[49, 43]",32.76670464312582,-97.14810271695967,12.247499,1.7475,12.400001,0.0,12.400001,20.620806,0.81
50,2026-01-24 05:00:00+00:00,2,"[49, 43]",32.76670464312582,-97.14810271695967,1.9475,-8.3025,18.4,7.000001,8.4,21.188072,2.45
50,2026-01-25 05:00:00+00:00,2,"[49, 43]",32.76670464312582,-97.14810271695967,-6.0525002,-10.5525,9.200001,4.48,2.8,27.026386,11.71
50,2026-01-26 05:00:00+00:00,2,"[49, 43]",32.76670464312582,-97.14810271695967,0.3975,-9.1025,0.0,0.0,0.0,14.982228,14.87
50,2026-01-27 05:00:00+00:00,2,"[49, 43]",32.76670464312582,-97.14810271695967,5.2475,-5.5025,0.0,0.0,0.0,14.021525,13.66
50,2026-01-28 05:00:00+00:00,2,"[49, 43]",32.76670464312582,-97.14810271695967,10.0475,-3.5024998,0.0,0.0,0.0,8.209263,15.29
50,2026-01-29 05:00:00+00:00,2,"[49, 43]",32.76670464312582,-97.14810271695967,16.4975,1.8475,0.0,0.0,0.0,24.863466,16.05
45,2026-01-21 05:00:00+00:00,2,"[46, 47]",32.72146620017768,-97.12391755054442,18.3785,11.1285,0.1,0.0,0.1,13.797912,7.78
45,2026-01-22 05:00:00+00:00,2,"[46, 47]",32.72146620017768,-97.12391755054442,11.8285,5.6785,0.0,0.0,0.0,10.086427,6.38
45,2026-01-23 05:00:00+00:00,2,"[46, 47]",32.72146620017768,-97.12391755054442,11.8285,1.3285,11.5,0.0,11.5,18.514643,0.69
45,2026-01-24 05:00:00+00:00,2,"[46, 47]",32.72146620017768,-97.12391755054442,1.6784999,-8.6715,16.300001,6.5100007,7.0,20.431387,2.26
45,2026-01-25 05:00:00+00:00,2,"[46, 47]",32.72146620017768,-97.12391755054442,-6.4214997,-10.6715,8.999999,4.48,2.5999997,25.582806,12.47
45,2026-01-26 05:00:00+00:00,2,"[46, 47]",32.72146620017768,-97.12391755054442,-0.1215,-9.0215,0.0,0.0,0.0,14.458382,14.82
45,2026-01-27 05:00:00+00:00,2,"[46, 47]",32.72146620017768,-97.12391755054442,5.0285,-5.7714996,0.0,0.0,0.0,13.202726,12.86
45,2026-01-28 05:00:00+00:00,2,"[46, 47]",32.72146620017768,-97.12391755054442,9.7285,-3.8715,0.0,0.0,0.0,9.028754,15.29
45,2026-01-29 05:00:00+00:00,2,"[46, 47]",32.72146620017768,-97.12391755054442,16.0285,2.6285,0.0,0.0,0.0,21.980644,16.18
55,2026-01-21 05:00:00+00:00,2,"[56, 49]",32.75054610006561,-97.14359609974247,18.734999,11.385,0.1,0.0,0.1,12.783802,7.57
55,2026-01-22 05:00:00+00:00,2,"[56, 49]",32.75054610006561,-97.14359609974247,12.185,5.3849998,0.0,0.0,0.0,10.446206,7.24
55,2026-01-23 05:00:00+00:00,2,"[56, 49]",32.75054610006561,-97.14359609974247,12.085,1.585,12.400001,0.0,12.400001,20.620806,0.81
55,2026-01-24 05:00:00+00:00,2,"[56, 49]",32.75054610006561,-97.14359609974247,1.7850001,-8.464999,18.4,7.000001,8.4,21.188072,2.45
55,2026-01-25 05:00:00+00:00,2,"[56, 49]",32.75054610006561,-97.14359609974247,-6.215,-10.714999,9.200001,4.48,2.8,27.026386,11.71
55,2026-01-26 05:00:00+00:00,2,"[56, 49]",32.75054610006561,-97.14359609974247,0.23500001,-9.264999,0.0,0.0,0.0,14.982228,14.87
55,2026-01-27 05:00:00+00:00,2,"[56, 49]",32.75054610006561,-97.14359609974247,5.085,-5.665,0.0,0.0,0.0,14.021525,13.66
55,2026-01-28 05:00:00+00:00,2,"[56, 49]",32.75054610006561,-97.14359609974247,9.885,-3.665,0.0,0.0,0.0,8.209263,15.29
55,2026-01-29 05:00:00+00:00,2,"[56, 49]",32.75054610006561,-97.14359609974247,16.335,1.685,0.0,0.0,0.0,24.863466,16.05
57,2026-01-21 05:00:00+00:00,2,"[56, 58]",32.750152211266915,-97.12336509703876,18.3935,11.2935,0.1,0.0,0.1,13.513193,7.11
57,2026-01-22 05:00:00+00:00,2,"[56, 58]",32.750152211266915,-97.12336509703876,11.9435,5.4935,0.0,0.0,0.0,10.105681,7.28
57,2026-01-23 05:00:00+00:00,2,"[56, 58]",32.750152211266915,-97.12336509703876,12.0435,1.4435,12.000001,0.0,12.000001,20.176065,0.77
57,2026-01-24 05:00:00+00:00,2,"[56, 58]",32.750152211266915,-97.12336509703876,1.8435,-8.4565,18.1,6.8600006,8.3,20.969805,2.14
57,2026-01-25 05:00:00+00:00,2,"[56, 58]",32.750152211266915,-97.12336509703876,-6.2565,-10.606501,9.3,4.69,2.6,24.993437,12.07
57,2026-01-26 05:00:00+00:00,2,"[56, 58]",32.750152211266915,-97.12336509703876,0.0435,-9.3065,0.0,0.0,0.0,14.186923,14.66
57,2026-01-27 05:00:00+00:00,2,"[56, 58]",32.750152211266915,-97.12336509703876,4.9435,-4.7064996,0.0,0.0,0.0,12.72283,13.42
57,2026-01-28 05:00:00+00:00,2,"[56, 58]",32.750152211266915,-97.12336509703876,9.7935,-4.3065,0.0,0.0,0.0,8.287822,15.23
57,2026-01-29 05:00:00+00:00,2,"[56, 58]",32.750152211266915,-97.12336509703876,16.293499,2.5435,0.0,0.0,0.0,22.728518,16.13
75,2026-01-21 05:00:00+00:00,2,"[65, 14]",32.68443655013402,-97.08084072504457,18.874,11.474,0.0,0.0,0.0,12.4811535,7.89
75,2026-01-22 05:00:00+00:00,2,"[65, 14]",32.68443655013402,-97.08084072504457,12.824,5.574,0.0,0.0,0.0,10.805999,6.7
75,2026-01-23 05:00:00+00:00,2,"[65, 14]",32.68443655013402,-97.08084072504457,11.974,2.024,10.6,0.0,10.6,20.49156,0.63
75,2026-01-24 05:00:00+00:00,2,"[65, 14]",32.68443655013402,-97.08084072504457,1.674,-8.476,14.500002,5.9500012,5.9999995,21.068459,2.91
75,2026-01-25 05:00:00+00:00,2,"[65, 14]",32.68443655013402,-97.08084072504457,-6.426,-10.776,8.499999,4.1299996,2.6,24.066206,13.28
75,2026-01-26 05:00:00+00:00,2,"[65, 14]",32.68443655013402,-97.08084072504457,-0.126,-9.976,0.0,0.0,0.0,14.48972,15.22
75,2026-01-27 05:00:00+00:00,2,"[65, 14]",32.68443655013402,-97.08084072504457,4.824,-5.526,0.0,0.0,0.0,14.007655,13.07
75,2026-01-28 05:00:00+00:00,2,"[65, 14]",32.68443655013402,-97.08084072504457,9.374,-4.076,0.0,0.0,0.0,8.049845,15.39
75,2026-01-29 05:00:00+00:00,2,"[65, 14]",32.68443655013402,-97.08084072504457,15.624,0.974,0.0,0.0,0.0,21.26744,16.21
84,2026-01-21 05:00:00+00:00,1,[67],32.67971980004796,-97.10379834999605,18.8415,11.4415,0.0,0.0,0.0,12.4811535,7.89
84,2026-01-22 05:00:00+00:00,1,[67],32.67971980004796,-97.10379834999605,12.7915,5.5415,0.0,0.0,0.0,10.805999,6.7
84,2026-01-23 05:00:00+00:00,1,[67],32.67971980004796,-97.10379834999605,11.9415,1.9914999,10.6,0.0,10.6,20.49156,0.63
84,2026-01-24 05:00:00+00:00,1,[67],32.67971980004796,-97.10379834999605,1.6415,-8.5085,14.500002,5.9500012,5.9999995,21.068459,2.91
84,2026-01-25 05:00:00+00:00,1,[67],32.67971980004796,-97.10379834999605,-6.4585,-10.8085,8.499999,4.1299996,2.6,24.066206,13.28
84,2026-01-26 05:00:00+00:00,1,[67],32.67971980004796,-97.10379834999605,-0.1585,-10.0085,0.0,0.0,0.0,14.48972,15.22
84,2026-01-27 05:00:00+00:00,1,[67],32.67971980004796,-97.10379834999605,4.7915,-5.5585,0.0,0.0,0.0,14.007655,13.07
84,2026-01-28 05:00:00+00:00,1,[67],32.67971980004796,-97.10379834999605,9.341499,-4.1085,0.0,0.0,0.0,8.049845,15.39
84,2026-01-29 05:00:00+00:00,1,[67],32.67971980004796,-97.10379834999605,15.591499,0.9415,0.0,0.0,0.0,21.26744,16.21
72,2026-01-21 05:00:00+00:00,2,"[73, 76]",32.6778024168774,-97.14959530009489,19.088999,11.339,0.0,0.0,0.0,13.358861,8.09
72,2026-01-22 05:00:00+00:00,2,"[73, 76]",32.6778024168774,-97.14959530009489,12.238999,5.839,0.0,0.0,0.0,11.159999,7.37
72,2026-01-23 05:00:00+00:00,2,"[73, 76]",32.6778024168774,-97.14959530009489,12.339,1.7390001,11.500001,0.0,11.500001,20.94507,0.66
72,2026-01-24 05:00:00+00:00,2,"[73, 76]",32.6778024168774,-97.14959530009489,1.789,-8.461,14.600001,5.81,6.2999997,22.553934,2.39
72,2026-01-25 05:00:00+00:00,2,"[73, 76]",32.6778024168774,-97.14959530009489,-6.261,-10.611,7.5,3.5700002,2.4,27.661497,12.45
72,2026-01-26 05:00:00+00:00,2,"[73, 76]",32.6778024168774,-97.14959530009489,-0.011,-8.961,0.0,0.0,0.0,14.982228,15.75
72,2026-01-27 05:00:00+00:00,2,"[73, 76]",32.6778024168774,-97.14959530009489,5.089,-6.561,0.0,0.0,0.0,13.37825,12.94
72,2026-01-28 05:00:00+00:00,2,"[73, 76]",32.6778024168774,-97.14959530009489,9.639,-4.561,0.0,0.0,0.0,10.799999,15.39
72,2026-01-29 05:00:00+00:00,2,"[73, 76]",32.6778024168774,-97.14959530009489,15.889,2.089,0.0,0.0,0.0,21.794127,16.23
73,2026-01-21 05:00:00+00:00,1,[72],32.67934396621902,-97.16671420402446,19.0565,11.3065,0.0,0.0,0.0,13.358861,8.09
73,2026-01-22 05:00:00+00:00,1,[72],32.67934396621902,-97.16671420402446,12.2065,5.8065,0.0,0.0,0.0,11.159999,7.37
73,2026-01-23 05:00:00+00:00,1,[72],32.67934396621902,-97.16671420402446,12.3065,1.7065,11.500001,0.0,11.500001,20.94507,0.66
73,2026-01-24 05:00:00+00:00,1,[72],32.67934396621902,-97.16671420402446,1.7565,-8.4935,14.600001,5.81,6.2999997,22.553934,2.39
73,2026-01-25 05:00:00+00:00,1,[72],32.67934396621902,-97.16671420402446,-6.2935004,-10.643499,7.5,3.5700002,2.4,27.661497,12.45
73,2026-01-26 05:00:00+00:00,1,[72],32.67934396621902,-97.16671420402446,-0.0435,-8.9935,0.0,0.0,0.0,14.982228,15.75
73,2026-01-27 05:00:00+00:00,1,[72],32.67934396621902,-97.16671420402446,5.0565,-6.5935,0.0,0.0,0.0,13.37825,12.94
73,2026-01-28 05:00:00+00:00,1,[72],32.67934396621902,-97.16671420402446,9.606501,-4.5935,0.0,0.0,0.0,10.799999,15.39
73,2026-01-29 05:00:00+00:00,1,[72],32.67934396621902,-97.16671420402446,15.856501,2.0565,0.0,0.0,0.0,21.794127,16.23
80,2026-01-21 05:00:00+00:00,2,"[74, 4]",32.75359265064534,-97.08597675055363,18.328,11.428,0.1,0.0,0.1,13.004922,7.11
80,2026-01-22 05:00:00+00:00,2,"[74, 4]",32.75359265064534,-97.08597675055363,11.828,5.6280003,0.0,0.0,0.0,9.605998,6.92
80,2026-01-23 05:00:00+00:00,2,"[74, 4]",32.75359265064534,-97.08597675055363,11.978,1.578,11.6,0.0,11.6,20.456745,0.67
80,2026-01-24 05:00:00+00:00,2,"[74, 4]",32.75359265064534,-97.08597675055363,1.928,-8.272,18.500002,7.0,8.499999,21.915693,2.26
80,2026-01-25 05:00:00+00:00,2,"[74, 4]",32.75359265064534,-97.08597675055363,-6.172,-10.722,9.7,4.9,2.7000003,23.233252,12.02
80,2026-01-26 05:00:00+00:00,2,"[74, 4]",32.75359265064534,-97.08597675055363,0.028,-9.122,0.0,0.0,0.0,13.527572,14.39
80,2026-01-27 05:00:00+00:00,2,"[74, 4]",32.75359265064534,-97.08597675055363,4.978,-4.922,0.0,0.0,0.0,12.496719,13.25
80,2026-01-28 05:00:00+00:00,2,"[74, 4]",32.75359265064534,-97.08597675055363,9.728,-3.9720001,0.0,0.0,0.0,8.534353,15.37
80,2026-01-29 05:00:00+00:00,2,"[74, 4]",32.75359265064534,-97.08597675055363,16.328,2.678,0.0,0.0,0.0,21.924562,16.16
85,2026-01-21 05:00:00+00:00,1,[],32.67769489999999,-97.1492344,19.088999,11.339,0.0,0.0,0.0,13.358861,8.09
85,2026-01-22 05:00:00+00:00,1,[],32.67769489999999,-97.1492344,12.238999,5.839,0.0,0.0,0.0,11.159999,7.37
85,2026-01-23 05:00:00+00:00,1,[],32.67769489999999,-97.1492344,12.339,1.7390001,11.500001,0.0,11.500001,20.94507,0.66
85,2026-01-24 05:00:00+00:00,1,[],32.67769489999999,-97.1492344,1.789,-8.461,14.600001,5.81,6.2999997,22.553934,2.39
85,2026-01-25 05:00:00+00:00,1,[],32.67769489999999,-97.1492344,-6.261,-10.611,7.5,3.5700002,2.4,27.661497,12.45
85,2026-01-26 05:00:00+00:00,1,[],32.67769489999999,-97.1492344,-0.011,-8.961,0.0,0.0,0.0,14.982228,15.75
85,2026-01-27 05:00:00+00:00,1,[],32.67769489999999,-97.1492344,5.089,-6.561,0.0,0.0,0.0,13.37825,12.94
85,2026-01-28 05:00:00+00:00,1,[],32.67769489999999,-97.1492344,9.639,-4.561,0.0,0.0,0.0,10.799999,15.39
85,2026-01-29 05:00:00+00:00,1,[],32.67769489999999,-97.1492344,15.889,2.089,0.0,0.0,0.0,21.794127,16.23
