node_id,date,latitude,longitude,temperature_max,temperature_min,temperature_mean,precipitation_sum,snowfall_sum,relative_humidity_max,relative_humidity_min,dewpoint_max,dewpoint_min
50162138,2025-01-01 05:00:00+00:00,38.9875604,-76.9339843,9.3455,4.7955,7.187166,0,0,99,42,7.1485515,-4.760344
50162138,2025-01-02 05:00:00+00:00,38.9875604,-76.9339843,4.6454997,0.74549997,2.6225834,0,0,58,41,-6.443805,-10.121785
50162138,2025-01-03 05:00:00+00:00,38.9875604,-76.9339843,5.3954997,-1.2544999,0.68716663,2.6,0.77,91,53,-0.4075997,-8.635536
50162138,2025-01-04 05:00:00+00:00,38.9875604,-76.9339843,-0.4545,-4.3545003,-1.7044998,0,0,58,42,-8.608099,-13.4792185
50162138,2025-01-05 05:00:00+00:00,38.9875604,-76.9339843,0.99549997,-7.3545003,-2.4440837,0,0,62,33,-9.735382,-14.38715
50162138,2025-01-06 05:00:00+00:00,38.9875604,-76.9339843,-0.2545,-3.5045,-2.683667,20.5,10.080001,95,55,-3.138726,-8.211501
50162138,2025-01-07 05:00:00+00:00,38.9875604,-76.9339843,1.5455,-5.0545,-2.017,0,0,67,49,-7.50775,-12.16767
50162138,2025-01-08 05:00:00+00:00,38.9875604,-76.9339843,-0.4545,-5.0045004,-2.7628334,0,0,59,45,-8.860115,-15.117972
50181902,2025-01-01 05:00:00+00:00,38.991378,-76.9417472,9.2545,4.7045,7.096167,0,0,99,42,7.057659,-4.844463
50181902,2025-01-02 05:00:00+00:00,38.991378,-76.9417472,4.5545,0.6545,2.531583,0,0,58,41,-6.5294127,-10.204178
50181902,2025-01-03 05:00:00+00:00,38.991378,-76.9417472,5.3045,-1.3455,0.59616673,2.6,0.77,91,53,-0.49763018,-8.720855
50181902,2025-01-04 05:00:00+00:00,38.991378,-76.9417472,-0.5455,-4.4455,-1.7954999,0,0,58,42,-8.693757,-13.563395
50181902,2025-01-05 05:00:00+00:00,38.991378,-76.9417472,0.9045,-7.4455,-2.5350833,0,0,62,33,-9.819449,-14.467699
50181902,2025-01-06 05:00:00+00:00,38.991378,-76.9417472,-0.34550002,-3.5955,-2.7746665,20.5,10.080001,95,55,-3.2290967,-8.296635
50181902,2025-01-07 05:00:00+00:00,38.991378,-76.9417472,1.4545,-5.1454997,-2.108,0,0,67,49,-7.5942864,-12.25324
50181902,2025-01-08 05:00:00+00:00,38.991378,-76.9417472,-0.5455,-5.0955,-2.8538334,0,0,59,45,-8.945943,-15.201405
50236653,2025-01-01 05:00:00+00:00,38.9908423,-76.9406702,9.326,4.776,7.1676674,0,0,99,42,7.1290746,-4.7783694
50236653,2025-01-02 05:00:00+00:00,38.9908423,-76.9406702,4.626,0.726,2.6030836,0,0,58,41,-6.4621496,-10.139441
50236653,2025-01-03 05:00:00+00:00,38.9908423,-76.9406702,5.376,-1.2739999,0.6676667,2.6,0.77,91,53,-0.42689192,-8.653819
50236653,2025-01-04 05:00:00+00:00,38.9908423,-76.9406702,-0.474,-4.374,-1.7240001,0,0,58,42,-8.626454,-13.497255
50236653,2025-01-05 05:00:00+00:00,38.9908423,-76.9406702,0.976,-7.374,-2.4635835,0,0,62,33,-9.753396,-14.4044075
50236653,2025-01-06 05:00:00+00:00,38.9908423,-76.9406702,-0.27400002,-3.524,-2.7031667,20.5,10.080001,95,55,-3.1580913,-8.229744
50236653,2025-01-07 05:00:00+00:00,38.9908423,-76.9406702,1.526,-5.074,-2.0364997,0,0,67,49,-7.526401,-12.186006
50236653,2025-01-08 05:00:00+00:00,38.9908423,-76.9406702,-0.474,-5.024,-2.7823334,0,0,59,45,-8.878507,-15.135852
50309634,2025-01-01 05:00:00+00:00,38.9845161,-76.9401066,9.2155,4.6655,7.057167,0,0,99,42,7.0187054,-4.880514
50309634,2025-01-02 05:00:00+00:00,38.9845161,-76.9401066,4.5155,0.6155,2.4925835,0,0,58,41,-6.566102,-10.239489
50309634,2025-01-03 05:00:00+00:00,38.9845161,-76.9401066,5.2655,-1.3844999,0.5571667,2.6,0.77,91,53,-0.5362149,-8.75742
50309634,2025-01-04 05:00:00+00:00,38.9845161,-76.9401066,-0.5845,-4.4845,-1.8345002,0,0,58,42,-8.730466,-13.599469
50309634,2025-01-05 05:00:00+00:00,38.9845161,-76.9401066,0.8655,-7.4845,-2.5740836,0,0,62,33,-9.855479,-14.50222
50309634,2025-01-06 05:00:00+00:00,38.9845161,-76.9401066,-0.38450003,-3.6345,-2.813667,20.5,10.080001,95,55,-3.267827,-8.333121
50309634,2025-01-07 05:00:00+00:00,38.9845161,-76.9401066,1.4155,-5.1844997,-2.147,0,0,67,49,-7.630454,-12.289915
50309634,2025-01-08 05:00:00+00:00,38.9845161,-76.9401066,-0.5845,-5.1345,-2.8928337,0,0,59,45,-8.982726,-15.237164
50309649,2025-01-01 05:00:00+00:00,38.9851425,-76.9425033,9.2545,4.7045,7.096167,0,0,99,42,7.057659,-4.844463
50309649,2025-01-02 05:00:00+00:00,38.9851425,-76.9425033,4.5545,0.6545,2.531583,0,0,58,41,-6.5294127,-10.204178
50309649,2025-01-03 05:00:00+00:00,38.9851425,-76.9425033,5.3045,-1.3455,0.59616673,2.6,0.77,91,53,-0.49763018,-8.720855
50309649,2025-01-04 05:00:00+00:00,38.9851425,-76.9425033,-0.5455,-4.4455,-1.7954999,0,0,58,42,-8.693757,-13.563395
50309649,2025-01-05 05:00:00+00:00,38.9851425,-76.9425033,0.9045,-7.4455,-2.5350833,0,0,62,33,-9.819449,-14.467699
50309649,2025-01-06 05:00:00+00:00,38.9851425,-76.9425033,-0.34550002,-3.5955,-2.7746665,20.5,10.080001,95,55,-3.2290967,-8.296635
50309649,2025-01-07 05:00:00+00:00,38.9851425,-76.9425033,1.4545,-5.1454997,-2.108,0,0,67,49,-7.5942864,-12.25324
50309649,2025-01-08 05:00:00+00:00,38.9851425,-76.9425033,-0.5455,-5.0955,-2.8538334,0,0,59,45,-8.945943,-15.201405
50312054,2025-01-01 05:00:00+00:00,38.9908821,-76.9315178,9.352,4.802,7.1936665,0,0,99,42,7.1550446,-4.754335
50312054,2025-01-02 05:00:00+00:00,38.9908821,-76.9315178,4.652,0.752,2.6290834,0,0,58,41,-6.4376903,-10.115901
50312054,2025-01-03 05:00:00+00:00,38.9908821,-76.9315178,5.402,-1.2479999,0.6936667,2.6,0.77,91,53,-0.40116894,-8.629442
50312054,2025-01-04 05:00:00+00:00,38.9908821,-76.9315178,-0.448,-4.348,-1.698,0,0,58,42,-8.601981,-13.473205
50312054,2025-01-05 05:00:00+00:00,38.9908821,-76.9315178,1.002,-7.348,-2.4375834,0,0,62,33,-9.729377,-14.381394
50312054,2025-01-06 05:00:00+00:00,38.9908821,-76.9315178,-0.24800001,-3.498,-2.6771667,20.5,10.080001,95,55,-3.1322708,-8.20542
50312054,2025-01-07 05:00:00+00:00,38.9908821,-76.9315178,1.552,-5.048,-2.0104997,0,0,67,49,-7.5015335,-12.161557
50312054,2025-01-08 05:00:00+00:00,38.9908821,-76.9315178,-0.448,-4.998,-2.7563334,0,0,59,45,-8.853986,-15.112011
50328048,2025-01-01 05:00:00+00:00,38.9856581,-76.9370734,9.3325,4.7825,7.174167,0,0,99,42,7.1355677,-4.772361
50328048,2025-01-02 05:00:00+00:00,38.9856581,-76.9370734,4.6324997,0.73249996,2.6095831,0,0,58,41,-6.4560347,-10.133556
50328048,2025-01-03 05:00:00+00:00,38.9856581,-76.9370734,5.3824997,-1.2674999,0.6741665,2.6,0.77,91,53,-0.42046106,-8.647725
50328048,2025-01-04 05:00:00+00:00,38.9856581,-76.9370734,-0.4675,-4.3675003,-1.7175001,0,0,58,42,-8.620337,-13.491243
50328048,2025-01-05 05:00:00+00:00,38.9856581,-76.9370734,0.98249996,-7.3675003,-2.457084,0,0,62,33,-9.747393,-14.398656
50328048,2025-01-06 05:00:00+00:00,38.9856581,-76.9370734,-0.2675,-3.5175,-2.696667,20.5,10.080001,95,55,-3.1516361,-8.223662
50328048,2025-01-07 05:00:00+00:00,38.9856581,-76.9370734,1.5325,-5.0675,-2.03,0,0,67,49,-7.5201845,-12.179895
50328048,2025-01-08 05:00:00+00:00,38.9856581,-76.9370734,-0.4675,-5.0175004,-2.7758331,0,0,59,45,-8.8723755,-15.1298895
50328057,2025-01-01 05:00:00+00:00,38.9875055,-76.9268457,9.378,4.828,7.219667,0,0,99,42,7.181014,-4.730302
50328057,2025-01-02 05:00:00+00:00,38.9875055,-76.9268457,4.678,0.778,2.6550834,0,0,58,41,-6.4132314,-10.0923605
50328057,2025-01-03 05:00:00+00:00,38.9875055,-76.9268457,5.428,-1.222,0.7196665,2.6,0.77,91,53,-0.37544596,-8.605066
50328057,2025-01-04 05:00:00+00:00,38.9875055,-76.9268457,-0.422,-4.322,-1.6719999,0,0,58,42,-8.577509,-13.449155
50328057,2025-01-05 05:00:00+00:00,38.9875055,-76.9268457,1.028,-7.322,-2.4115832,0,0,62,33,-9.7053585,-14.358382
50328057,2025-01-06 05:00:00+00:00,38.9875055,-76.9268457,-0.222,-3.472,-2.6511667,20.5,10.080001,95,55,-3.106451,-8.181097
50328057,2025-01-07 05:00:00+00:00,38.9875055,-76.9268457,1.578,-5.022,-1.9845003,0,0,67,49,-7.4766655,-12.137109
50328057,2025-01-08 05:00:00+00:00,38.9875055,-76.9268457,-0.422,-4.972,-2.7303333,0,0,59,45,-8.829464,-15.088176
50363007,2025-01-01 05:00:00+00:00,38.9909697,-76.938677,9.3325,4.7825,7.174167,0,0,99,42,7.1355677,-4.772361
50363007,2025-01-02 05:00:00+00:00,38.9909697,-76.938677,4.6324997,0.73249996,2.6095831,0,0,58,41,-6.4560347,-10.133556
50363007,2025-01-03 05:00:00+00:00,38.9909697,-76.938677,5.3824997,-1.2674999,0.6741665,2.6,0.77,91,53,-0.42046106,-8.647725
50363007,2025-01-04 05:00:00+00:00,38.9909697,-76.938677,-0.4675,-4.3675003,-1.7175001,0,0,58,42,-8.620337,-13.491243
50363007,2025-01-05 05:00:00+00:00,38.9909697,-76.938677,0.98249996,-7.3675003,-2.457084,0,0,62,33,-9.747393,-14.398656
50363007,2025-01-06 05:00:00+00:00,38.9909697,-76.938677,-0.2675,-3.5175,-2.696667,20.5,10.080001,95,55,-3.1516361,-8.223662
50363007,2025-01-07 05:00:00+00:00,38.9909697,-76.938677,1.5325,-5.0675,-2.03,0,0,67,49,-7.5201845,-12.179895
50363007,2025-01-08 05:00:00+00:00,38.9909697,-76.938677,-0.4675,-5.0175004,-2.7758331,0,0,59,45,-8.8723755,-15.1298895
50363014,2025-01-01 05:00:00+00:00,38.9901618,-76.93867,9.326,4.776,7.1676674,0,0,99,42,7.1290746,-4.7783694
50363014,2025-01-02 05:00:00+00:00,38.9901618,-76.93867,4.626,0.726,2.6030836,0,0,58,41,-6.4621496,-10.139441
50363014,2025-01-03 05:00:00+00:00,38.9901618,-76.93867,5.376,-1.2739999,0.6676667,2.6,0.77,91,53,-0.42689192,-8.653819
50363014,2025-01-04 05:00:00+00:00,38.9901618,-76.93867,-0.474,-4.374,-1.7240001,0,0,58,42,-8.626454,-13.497255
50363014,2025-01-05 05:00:00+00:00,38.9901618,-76.93867,0.976,-7.374,-2.4635835,0,0,62,33,-9.753396,-14.4044075
50363014,2025-01-06 05:00:00+00:00,38.9901618,-76.93867,-0.27400002,-3.524,-2.7031667,20.5,10.080001,95,55,-3.1580913,-8.229744
50363014,2025-01-07 05:00:00+00:00,38.9901618,-76.93867,1.526,-5.074,-2.0364997,0,0,67,49,-7.526401,-12.186006
50363014,2025-01-08 05:00:00+00:00,38.9901618,-76.93867,-0.474,-5.024,-2.7823334,0,0,59,45,-8.878507,-15.135852
50467445,2025-01-01 05:00:00+00:00,38.9892866,-76.9286347,9.378,4.828,7.219667,0,0,99,42,7.181014,-4.730302
50467445,2025-01-02 05:00:00+00:00,38.9892866,-76.9286347,4.678,0.778,2.6550834,0,0,58,41,-6.4132314,-10.0923605
50467445,2025-01-03 05:00:00+00:00,38.9892866,-76.9286347,5.428,-1.222,0.7196665,2.6,0.77,91,53,-0.37544596,-8.605066
50467445,2025-01-04 05:00:00+00:00,38.9892866,-76.9286347,-0.422,-4.322,-1.6719999,0,0,58,42,-8.577509,-13.449155
50467445,2025-01-05 05:00:00+00:00,38.9892866,-76.9286347,1.028,-7.322,-2.4115832,0,0,62,33,-9.7053585,-14.358382
50467445,2025-01-06 05:00:00+00:00,38.9892866,-76.9286347,-0.222,-3.472,-2.6511667,20.5,10.080001,95,55,-3.106451,-8.181097
50467445,2025-01-07 05:00:00+00:00,38.9892866,-76.9286347,1.578,-5.022,-1.9845003,0,0,67,49,-7.4766655,-12.137109
50467445,2025-01-08 05:00:00+00:00,38.9892866,-76.9286347,-0.422,-4.972,-2.7303333,0,0,59,45,-8.829464,-15.088176
50467447,2025-01-01 05:00:00+00:00,38.9898381,-76.9270524,9.3715,4.8215,7.2131667,0,0,99,42,7.1745224,-4.73631
50467447,2025-01-02 05:00:00+00:00,38.9898381,-76.9270524,4.6714997,0.7715,2.6485834,0,0,58,41,-6.4193463,-10.098246
50467447,2025-01-03 05:00:00+00:00,38.9898381,-76.9270524,5.4214997,-1.2284999,0.7131667,2.6,0.77,91,53,-0.38187674,-8.611159
50467447,2025-01-04 05:00:00+00:00,38.9898381,-76.9270524,-0.4285,-4.3285003,-1.6784998,0,0,58,42,-8.583628,-13.455168
50467447,2025-01-05 05:00:00+00:00,38.9898381,-76.9270524,1.0215,-7.3285003,-2.4180834,0,0,62,33,-9.711363,-14.364134
50467447,2025-01-06 05:00:00+00:00,38.9898381,-76.9270524,-0.22850001,-3.4785,-2.6576667,20.5,10.080001,95,55,-3.1129057,-8.187178
50467447,2025-01-07 05:00:00+00:00,38.9898381,-76.9270524,1.5715001,-5.0285,-1.9910002,0,0,67,49,-7.482883,-12.143222
50467447,2025-01-08 05:00:00+00:00,38.9898381,-76.9270524,-0.4285,-4.9785004,-2.7368336,0,0,59,45,-8.835594,-15.094135
50467449,2025-01-01 05:00:00+00:00,38.9903313,-76.925675,9.365,4.815,7.2066665,0,0,99,42,7.1680303,-4.742319
50467449,2025-01-02 05:00:00+00:00,38.9903313,-76.925675,4.665,0.765,2.6420834,0,0,58,41,-6.425461,-10.10413
50467449,2025-01-03 05:00:00+00:00,38.9903313,-76.925675,5.415,-1.2349999,0.70666677,2.6,0.77,91,53,-0.38830742,-8.617253
50467449,2025-01-04 05:00:00+00:00,38.9903313,-76.925675,-0.435,-4.335,-1.685,0,0,58,42,-8.5897455,-13.461181
50467449,2025-01-05 05:00:00+00:00,38.9903313,-76.925675,1.015,-7.335,-2.424583,0,0,62,33,-9.717368,-14.369888
50467449,2025-01-06 05:00:00+00:00,38.9903313,-76.925675,-0.23500001,-3.485,-2.6641665,20.5,10.080001,95,55,-3.119361,-8.193257
50467449,2025-01-07 05:00:00+00:00,38.9903313,-76.925675,1.565,-5.035,-1.9975,0,0,67,49,-7.489099,-12.149334
50467449,2025-01-08 05:00:00+00:00,38.9903313,-76.925675,-0.435,-4.985,-2.743333,0,0,59,45,-8.841724,-15.100094
50467463,2025-01-01 05:00:00+00:00,38.9911156,-76.9234939,9.391,4.841,7.2326665,0,0,99,42,7.193999,-4.718285
50467463,2025-01-02 05:00:00+00:00,38.9911156,-76.9234939,4.691,0.791,2.6680834,0,0,58,41,-6.4010024,-10.08059
50467463,2025-01-03 05:00:00+00:00,38.9911156,-76.9234939,5.441,-1.209,0.7326667,2.6,0.77,91,53,-0.3625845,-8.592877
50467463,2025-01-04 05:00:00+00:00,38.9911156,-76.9234939,-0.40899998,-4.309,-1.659,0,0,58,42,-8.565272,-13.437129
50467463,2025-01-05 05:00:00+00:00,38.9911156,-76.9234939,1.041,-7.309,-2.3985827,0,0,62,33,-9.69335,-14.346876
50467463,2025-01-06 05:00:00+00:00,38.9911156,-76.9234939,-0.209,-3.4589999,-2.6381664,20.5,10.080001,95,55,-3.0935407,-8.168935
50467463,2025-01-07 05:00:00+00:00,38.9911156,-76.9234939,1.591,-5.009,-1.9714999,0,0,67,49,-7.464232,-12.124885
50467463,2025-01-08 05:00:00+00:00,38.9911156,-76.9234939,-0.40899998,-4.959,-2.717333,0,0,59,45,-8.817203,-15.076256
50467483,2025-01-01 05:00:00+00:00,38.991976,-76.9333999,9.3715,4.8215,7.2131667,0,0,99,42,7.1745224,-4.73631
50467483,2025-01-02 05:00:00+00:00,38.991976,-76.9333999,4.6714997,0.7715,2.6485834,0,0,58,41,-6.4193463,-10.098246
50467483,2025-01-03 05:00:00+00:00,38.991976,-76.9333999,5.4214997,-1.2284999,0.7131667,2.6,0.77,91,53,-0.38187674,-8.611159
50467483,2025-01-04 05:00:00+00:00,38.991976,-76.9333999,-0.4285,-4.3285003,-1.6784998,0,0,58,42,-8.583628,-13.455168
50467483,2025-01-05 05:00:00+00:00,38.991976,-76.9333999,1.0215,-7.3285003,-2.4180834,0,0,62,33,-9.711363,-14.364134
50467483,2025-01-06 05:00:00+00:00,38.991976,-76.9333999,-0.22850001,-3.4785,-2.6576667,20.5,10.080001,95,55,-3.1129057,-8.187178
50467483,2025-01-07 05:00:00+00:00,38.991976,-76.9333999,1.5715001,-5.0285,-1.9910002,0,0,67,49,-7.482883,-12.143222
50467483,2025-01-08 05:00:00+00:00,38.991976,-76.9333999,-0.4285,-4.9785004,-2.7368336,0,0,59,45,-8.835594,-15.094135
50474759,2025-01-01 05:00:00+00:00,38.988706,-76.9263492,9.378,4.828,7.219667,0,0,99,42,7.181014,-4.730302
50474759,2025-01-02 05:00:00+00:00,38.988706,-76.9263492,4.678,0.778,2.6550834,0,0,58,41,-6.4132314,-10.0923605
50474759,2025-01-03 05:00:00+00:00,38.988706,-76.9263492,5.428,-1.222,0.7196665,2.6,0.77,91,53,-0.37544596,-8.605066
50474759,2025-01-04 05:00:00+00:00,38.988706,-76.9263492,-0.422,-4.322,-1.6719999,0,0,58,42,-8.577509,-13.449155
50474759,2025-01-05 05:00:00+00:00,38.988706,-76.9263492,1.028,-7.322,-2.4115832,0,0,62,33,-9.7053585,-14.358382
50474759,2025-01-06 05:00:00+00:00,38.988706,-76.9263492,-0.222,-3.472,-2.6511667,20.5,10.080001,95,55,-3.106451,-8.181097
50474759,2025-01-07 05:00:00+00:00,38.988706,-76.9263492,1.578,-5.022,-1.9845003,0,0,67,49,-7.4766655,-12.137109
50474759,2025-01-08 05:00:00+00:00,38.988706,-76.9263492,-0.422,-4.972,-2.7303333,0,0,59,45,-8.829464,-15.088176
50474825,2025-01-01 05:00:00+00:00,38.9943635,-76.9241809,9.3585005,4.8085,7.200166,0,0,99,42,7.161537,-4.7483273
50474825,2025-01-02 05:00:00+00:00,38.9943635,-76.9241809,4.6584997,0.7585,2.6355832,0,0,58,41,-6.4315753,-10.110015
50474825,2025-01-03 05:00:00+00:00,38.9943635,-76.9241809,5.4084997,-1.2414999,0.7001667,2.6,0.77,91,53,-0.39473817,-8.623348
50474825,2025-01-04 05:00:00+00:00,38.9943635,-76.9241809,-0.4415,-4.3415003,-1.6914998,0,0,58,42,-8.595863,-13.467192
50474825,2025-01-05 05:00:00+00:00,38.9943635,-76.9241809,1.0085,-7.3415003,-2.4310832,0,0,62,33,-9.723372,-14.375641
50474825,2025-01-06 05:00:00+00:00,38.9943635,-76.9241809,-0.24150002,-3.4915,-2.6706665,20.5,10.080001,95,55,-3.1258156,-8.199339
50474825,2025-01-07 05:00:00+00:00,38.9943635,-76.9241809,1.5585,-5.0415,-2.0040002,0,0,67,49,-7.4953165,-12.155446
50474825,2025-01-08 05:00:00+00:00,38.9943635,-76.9241809,-0.4415,-4.9915004,-2.7498333,0,0,59,45,-8.847855,-15.106054
50474826,2025-01-01 05:00:00+00:00,38.9948507,-76.9240266,9.3585005,4.8085,7.200166,0,0,99,42,7.161537,-4.7483273
50474826,2025-01-02 05:00:00+00:00,38.9948507,-76.9240266,4.6584997,0.7585,2.6355832,0,0,58,41,-6.4315753,-10.110015
50474826,2025-01-03 05:00:00+00:00,38.9948507,-76.9240266,5.4084997,-1.2414999,0.7001667,2.6,0.77,91,53,-0.39473817,-8.623348
50474826,2025-01-04 05:00:00+00:00,38.9948507,-76.9240266,-0.4415,-4.3415003,-1.6914998,0,0,58,42,-8.595863,-13.467192
50474826,2025-01-05 05:00:00+00:00,38.9948507,-76.9240266,1.0085,-7.3415003,-2.4310832,0,0,62,33,-9.723372,-14.375641
50474826,2025-01-06 05:00:00+00:00,38.9948507,-76.9240266,-0.24150002,-3.4915,-2.6706665,20.5,10.080001,95,55,-3.1258156,-8.199339
50474826,2025-01-07 05:00:00+00:00,38.9948507,-76.9240266,1.5585,-5.0415,-2.0040002,0,0,67,49,-7.4953165,-12.155446
50474826,2025-01-08 05:00:00+00:00,38.9948507,-76.9240266,-0.4415,-4.9915004,-2.7498333,0,0,59,45,-8.847855,-15.106054
50477472,2025-01-01 05:00:00+00:00,38.9898646,-76.9343196,9.378,4.828,7.219667,0,0,99,42,7.181014,-4.730302
50477472,2025-01-02 05:00:00+00:00,38.9898646,-76.9343196,4.678,0.778,2.6550834,0,0,58,41,-6.4132314,-10.0923605
50477472,2025-01-03 05:00:00+00:00,38.9898646,-76.9343196,5.428,-1.222,0.7196665,2.6,0.77,91,53,-0.37544596,-8.605066
50477472,2025-01-04 05:00:00+00:00,38.9898646,-76.9343196,-0.422,-4.322,-1.6719999,0,0,58,42,-8.577509,-13.449155
50477472,2025-01-05 05:00:00+00:00,38.9898646,-76.9343196,1.028,-7.322,-2.4115832,0,0,62,33,-9.7053585,-14.358382
50477472,2025-01-06 05:00:00+00:00,38.9898646,-76.9343196,-0.222,-3.472,-2.6511667,20.5,10.080001,95,55,-3.106451,-8.181097
50477472,2025-01-07 05:00:00+00:00,38.9898646,-76.9343196,1.578,-5.022,-1.9845003,0,0,67,49,-7.4766655,-12.137109
50477472,2025-01-08 05:00:00+00:00,38.9898646,-76.9343196,-0.422,-4.972,-2.7303333,0,0,59,45,-8.829464,-15.088176
50477487,2025-01-01 05:00:00+00:00,38.9894395,-76.9322861,9.378,4.828,7.219667,0,0,99,42,7.181014,-4.730302
50477487,2025-01-02 05:00:00+00:00,38.9894395,-76.9322861,4.678,0.778,2.6550834,0,0,58,41,-6.4132314,-10.0923605
50477487,2025-01-03 05:00:00+00:00,38.9894395,-76.9322861,5.428,-1.222,0.7196665,2.6,0.77,91,53,-0.37544596,-8.605066
50477487,2025-01-04 05:00:00+00:00,38.9894395,-76.9322861,-0.422,-4.322,-1.6719999,0,0,58,42,-8.577509,-13.449155
50477487,2025-01-05 05:00:00+00:00,38.9894395,-76.9322861,1.028,-7.322,-2.4115832,0,0,62,33,-9.7053585,-14.358382
50477487,2025-01-06 05:00:00+00:00,38.9894395,-76.9322861,-0.222,-3.472,-2.6511667,20.5,10.080001,95,55,-3.106451,-8.181097
50477487,2025-01-07 05:00:00+00:00,38.9894395,-76.9322861,1.578,-5.022,-1.9845003,0,0,67,49,-7.4766655,-12.137109
50477487,2025-01-08 05:00:00+00:00,38.9894395,-76.9322861,-0.422,-4.972,-2.7303333,0,0,59,45,-8.829464,-15.088176
50477489,2025-01-01 05:00:00+00:00,38.9890038,-76.9287568,9.3845005,4.8345,7.2261662,0,0,99,42,7.1875067,-4.7242937
50477489,2025-01-02 05:00:00+00:00,38.9890038,-76.9287568,4.6844997,0.7845,2.6615832,0,0,58,41,-6.4071164,-10.086476
50477489,2025-01-03 05:00:00+00:00,38.9890038,-76.9287568,5.4344997,-1.2155,0.72616655,2.6,0.77,91,53,-0.3690152,-8.598972
50477489,2025-01-04 05:00:00+00:00,38.9890038,-76.9287568,-0.4155,-4.3155003,-1.6655,0,0,58,42,-8.571391,-13.443143
50477489,2025-01-05 05:00:00+00:00,38.9890038,-76.9287568,1.0345,-7.3155003,-2.405083,0,0,62,33,-9.699353,-14.352629
50477489,2025-01-06 05:00:00+00:00,38.9890038,-76.9287568,-0.21550001,-3.4654999,-2.6446664,20.5,10.080001,95,55,-3.0999956,-8.175015
50477489,2025-01-07 05:00:00+00:00,38.9890038,-76.9287568,1.5845,-5.0155,-1.9780002,0,0,67,49,-7.470449,-12.130998
50477489,2025-01-08 05:00:00+00:00,38.9890038,-76.9287568,-0.4155,-4.9655004,-2.7238333,0,0,59,45,-8.823334,-15.082217
50489764,2025-01-01 05:00:00+00:00,38.9855846,-76.9369866,9.3325,4.7825,7.174167,0,0,99,42,7.1355677,-4.772361
50489764,2025-01-02 05:00:00+00:00,38.9855846,-76.9369866,4.6324997,0.73249996,2.6095831,0,0,58,41,-6.4560347,-10.133556
50489764,2025-01-03 05:00:00+00:00,38.9855846,-76.9369866,5.3824997,-1.2674999,0.6741665,2.6,0.77,91,53,-0.42046106,-8.647725
50489764,2025-01-04 05:00:00+00:00,38.9855846,-76.9369866,-0.4675,-4.3675003,-1.7175001,0,0,58,42,-8.620337,-13.491243
50489764,2025-01-05 05:00:00+00:00,38.9855846,-76.9369866,0.98249996,-7.3675003,-2.457084,0,0,62,33,-9.747393,-14.398656
50489764,2025-01-06 05:00:00+00:00,38.9855846,-76.9369866,-0.2675,-3.5175,-2.696667,20.5,10.080001,95,55,-3.1516361,-8.223662
50489764,2025-01-07 05:00:00+00:00,38.9855846,-76.9369866,1.5325,-5.0675,-2.03,0,0,67,49,-7.5201845,-12.179895
50489764,2025-01-08 05:00:00+00:00,38.9855846,-76.9369866,-0.4675,-5.0175004,-2.7758331,0,0,59,45,-8.8723755,-15.1298895
50527315,2025-01-01 05:00:00+00:00,38.9884905,-76.9350973,9.365,4.815,7.2066665,0,0,99,42,7.1680303,-4.742319
50527315,2025-01-02 05:00:00+00:00,38.9884905,-76.9350973,4.665,0.765,2.6420834,0,0,58,41,-6.425461,-10.10413
50527315,2025-01-03 05:00:00+00:00,38.9884905,-76.9350973,5.415,-1.2349999,0.70666677,2.6,0.77,91,53,-0.38830742,-8.617253
50527315,2025-01-04 05:00:00+00:00,38.9884905,-76.9350973,-0.435,-4.335,-1.685,0,0,58,42,-8.5897455,-13.461181
50527315,2025-01-05 05:00:00+00:00,38.9884905,-76.9350973,1.015,-7.335,-2.424583,0,0,62,33,-9.717368,-14.369888
50527315,2025-01-06 05:00:00+00:00,38.9884905,-76.9350973,-0.23500001,-3.485,-2.6641665,20.5,10.080001,95,55,-3.119361,-8.193257
50527315,2025-01-07 05:00:00+00:00,38.9884905,-76.9350973,1.565,-5.035,-1.9975,0,0,67,49,-7.489099,-12.149334
50527315,2025-01-08 05:00:00+00:00,38.9884905,-76.9350973,-0.435,-4.985,-2.743333,0,0,59,45,-8.841724,-15.100094
50527330,2025-01-01 05:00:00+00:00,38.990838,-76.9338887,9.3195,4.7695,7.161167,0,0,99,42,7.1225834,-4.784378
50527330,2025-01-02 05:00:00+00:00,38.990838,-76.9338887,4.6194997,0.7195,2.5965834,0,0,58,41,-6.468264,-10.145325
50527330,2025-01-03 05:00:00+00:00,38.990838,-76.9338887,5.3694997,-1.2804999,0.66116667,2.6,0.77,91,53,-0.43332267,-8.659913
50527330,2025-01-04 05:00:00+00:00,38.990838,-76.9338887,-0.4805,-4.3805003,-1.7305001,0,0,58,42,-8.632573,-13.503267
50527330,2025-01-05 05:00:00+00:00,38.990838,-76.9338887,0.9695,-7.3805003,-2.4700837,0,0,62,33,-9.759401,-14.410161
50527330,2025-01-06 05:00:00+00:00,38.990838,-76.9338887,-0.28050002,-3.5305,-2.709667,20.5,10.080001,95,55,-3.1645463,-8.235825
50527330,2025-01-07 05:00:00+00:00,38.990838,-76.9338887,1.5195,-5.0805,-2.043,0,0,67,49,-7.532617,-12.19212
50527330,2025-01-08 05:00:00+00:00,38.990838,-76.9338887,-0.4805,-5.0305004,-2.7888336,0,0,59,45,-8.884637,-15.14181
50527340,2025-01-01 05:00:00+00:00,38.9926997,-76.9330818,9.3585005,4.8085,7.200166,0,0,99,42,7.161537,-4.7483273
50527340,2025-01-02 05:00:00+00:00,38.9926997,-76.9330818,4.6584997,0.7585,2.6355832,0,0,58,41,-6.4315753,-10.110015
50527340,2025-01-03 05:00:00+00:00,38.9926997,-76.9330818,5.4084997,-1.2414999,0.7001667,2.6,0.77,91,53,-0.39473817,-8.623348
50527340,2025-01-04 05:00:00+00:00,38.9926997,-76.9330818,-0.4415,-4.3415003,-1.6914998,0,0,58,42,-8.595863,-13.467192
50527340,2025-01-05 05:00:00+00:00,38.9926997,-76.9330818,1.0085,-7.3415003,-2.4310832,0,0,62,33,-9.723372,-14.375641
50527340,2025-01-06 05:00:00+00:00,38.9926997,-76.9330818,-0.24150002,-3.4915,-2.6706665,20.5,10.080001,95,55,-3.1258156,-8.199339
50527340,2025-01-07 05:00:00+00:00,38.9926997,-76.9330818,1.5585,-5.0415,-2.0040002,0,0,67,49,-7.4953165,-12.155446
50527340,2025-01-08 05:00:00+00:00,38.9926997,-76.9330818,-0.4415,-4.9915004,-2.7498333,0,0,59,45,-8.847855,-15.106054
50527345,2025-01-01 05:00:00+00:00,38.9935099,-76.9327311,9.3585005,4.8085,7.200166,0,0,99,42,7.161537,-4.7483273
50527345,2025-01-02 05:00:00+00:00,38.9935099,-76.9327311,4.6584997,0.7585,2.6355832,0,0,58,41,-6.4315753,-10.110015
50527345,2025-01-03 05:00:00+00:00,38.9935099,-76.9327311,5.4084997,-1.2414999,0.7001667,2.6,0.77,91,53,-0.39473817,-8.623348
50527345,2025-01-04 05:00:00+00:00,38.9935099,-76.9327311,-0.4415,-4.3415003,-1.6914998,0,0,58,42,-8.595863,-13.467192
50527345,2025-01-05 05:00:00+00:00,38.9935099,-76.9327311,1.0085,-7.3415003,-2.4310832,0,0,62,33,-9.723372,-14.375641
50527345,2025-01-06 05:00:00+00:00,38.9935099,-76.9327311,-0.24150002,-3.4915,-2.6706665,20.5,10.080001,95,55,-3.1258156,-8.199339
50527345,2025-01-07 05:00:00+00:00,38.9935099,-76.9327311,1.5585,-5.0415,-2.0040002,0,0,67,49,-7.4953165,-12.155446
50527345,2025-01-08 05:00:00+00:00,38.9935099,-76.9327311,-0.4415,-4.9915004,-2.7498333,0,0,59,45,-8.847855,-15.106054
50527353,2025-01-01 05:00:00+00:00,38.9946551,-76.9322088,9.3455,4.7955,7.187166,0,0,99,42,7.1485515,-4.760344
50527353,2025-01-02 05:00:00+00:00,38.9946551,-76.9322088,4.6454997,0.74549997,2.6225834,0,0,58,41,-6.443805,-10.121785
50527353,2025-01-03 05:00:00+00:00,38.9946551,-76.9322088,5.3954997,-1.2544999,0.68716663,2.6,0.77,91,53,-0.4075997,-8.635536
50527353,2025-01-04 05:00:00+00:00,38.9946551,-76.9322088,-0.4545,-4.3545003,-1.7044998,0,0,58,42,-8.608099,-13.4792185
50527353,2025-01-05 05:00:00+00:00,38.9946551,-76.9322088,0.99549997,-7.3545003,-2.4440837,0,0,62,33,-9.735382,-14.38715
50527353,2025-01-06 05:00:00+00:00,38.9946551,-76.9322088,-0.2545,-3.5045,-2.683667,20.5,10.080001,95,55,-3.138726,-8.211501
50527353,2025-01-07 05:00:00+00:00,38.9946551,-76.9322088,1.5455,-5.0545,-2.017,0,0,67,49,-7.50775,-12.16767
50527353,2025-01-08 05:00:00+00:00,38.9946551,-76.9322088,-0.4545,-5.0045004,-2.7628334,0,0,59,45,-8.860115,-15.117972
50528587,2025-01-01 05:00:00+00:00,38.9885308,-76.9352816,9.365,4.815,7.2066665,0,0,99,42,7.1680303,-4.742319
50528587,2025-01-02 05:00:00+00:00,38.9885308,-76.9352816,4.665,0.765,2.6420834,0,0,58,41,-6.425461,-10.10413
50528587,2025-01-03 05:00:00+00:00,38.9885308,-76.9352816,5.415,-1.2349999,0.70666677,2.6,0.77,91,53,-0.38830742,-8.617253
50528587,2025-01-04 05:00:00+00:00,38.9885308,-76.9352816,-0.435,-4.335,-1.685,0,0,58,42,-8.5897455,-13.461181
50528587,2025-01-05 05:00:00+00:00,38.9885308,-76.9352816,1.015,-7.335,-2.424583,0,0,62,33,-9.717368,-14.369888
50528587,2025-01-06 05:00:00+00:00,38.9885308,-76.9352816,-0.23500001,-3.485,-2.6641665,20.5,10.080001,95,55,-3.119361,-8.193257
50528587,2025-01-07 05:00:00+00:00,38.9885308,-76.9352816,1.565,-5.035,-1.9975,0,0,67,49,-7.489099,-12.149334
50528587,2025-01-08 05:00:00+00:00,38.9885308,-76.9352816,-0.435,-4.985,-2.743333,0,0,59,45,-8.841724,-15.100094
50528589,2025-01-01 05:00:00+00:00,38.988676,-76.935187,9.365,4.815,7.2066665,0,0,99,42,7.1680303,-4.742319
50528589,2025-01-02 05:00:00+00:00,38.988676,-76.935187,4.665,0.765,2.6420834,0,0,58,41,-6.425461,-10.10413
50528589,2025-01-03 05:00:00+00:00,38.988676,-76.935187,5.415,-1.2349999,0.70666677,2.6,0.77,91,53,-0.38830742,-8.617253
50528589,2025-01-04 05:00:00+00:00,38.988676,-76.935187,-0.435,-4.335,-1.685,0,0,58,42,-8.5897455,-13.461181
50528589,2025-01-05 05:00:00+00:00,38.988676,-76.935187,1.015,-7.335,-2.424583,0,0,62,33,-9.717368,-14.369888
50528589,2025-01-06 05:00:00+00:00,38.988676,-76.935187,-0.23500001,-3.485,-2.6641665,20.5,10.080001,95,55,-3.119361,-8.193257
50528589,2025-01-07 05:00:00+00:00,38.988676,-76.935187,1.565,-5.035,-1.9975,0,0,67,49,-7.489099,-12.149334
50528589,2025-01-08 05:00:00+00:00,38.988676,-76.935187,-0.435,-4.985,-2.743333,0,0,59,45,-8.841724,-15.100094
50552682,2025-01-01 05:00:00+00:00,38.9913846,-76.9406921,9.326,4.776,7.1676674,0,0,99,42,7.1290746,-4.7783694
50552682,2025-01-02 05:00:00+00:00,38.9913846,-76.9406921,4.626,0.726,2.6030836,0,0,58,41,-6.4621496,-10.139441
50552682,2025-01-03 05:00:00+00:00,38.9913846,-76.9406921,5.376,-1.2739999,0.6676667,2.6,0.77,91,53,-0.42689192,-8.653819
50552682,2025-01-04 05:00:00+00:00,38.9913846,-76.9406921,-0.474,-4.374,-1.7240001,0,0,58,42,-8.626454,-13.497255
50552682,2025-01-05 05:00:00+00:00,38.9913846,-76.9406921,0.976,-7.374,-2.4635835,0,0,62,33,-9.753396,-14.4044075
50552682,2025-01-06 05:00:00+00:00,38.9913846,-76.9406921,-0.27400002,-3.524,-2.7031667,20.5,10.080001,95,55,-3.1580913,-8.229744
50552682,2025-01-07 05:00:00+00:00,38.9913846,-76.9406921,1.526,-5.074,-2.0364997,0,0,67,49,-7.526401,-12.186006
50552682,2025-01-08 05:00:00+00:00,38.9913846,-76.9406921,-0.474,-5.024,-2.7823334,0,0,59,45,-8.878507,-15.135852
50571176,2025-01-01 05:00:00+00:00,38.9929637,-76.9304072,9.2545,4.7045,7.096167,0,0,99,42,7.057659,-4.844463
50571176,2025-01-02 05:00:00+00:00,38.9929637,-76.9304072,4.5545,0.6545,2.531583,0,0,58,41,-6.5294127,-10.204178
50571176,2025-01-03 05:00:00+00:00,38.9929637,-76.9304072,5.3045,-1.3455,0.59616673,2.6,0.77,91,53,-0.49763018,-8.720855
50571176,2025-01-04 05:00:00+00:00,38.9929637,-76.9304072,-0.5455,-4.4455,-1.7954999,0,0,58,42,-8.693757,-13.563395
50571176,2025-01-05 05:00:00+00:00,38.9929637,-76.9304072,0.9045,-7.4455,-2.5350833,0,0,62,33,-9.819449,-14.467699
50571176,2025-01-06 05:00:00+00:00,38.9929637,-76.9304072,-0.34550002,-3.5955,-2.7746665,20.5,10.080001,95,55,-3.2290967,-8.296635
50571176,2025-01-07 05:00:00+00:00,38.9929637,-76.9304072,1.4545,-5.1454997,-2.108,0,0,67,49,-7.5942864,-12.25324
50571176,2025-01-08 05:00:00+00:00,38.9929637,-76.9304072,-0.5455,-5.0955,-2.8538334,0,0,59,45,-8.945943,-15.201405
50571179,2025-01-01 05:00:00+00:00,38.992663,-76.930901,9.326,4.776,7.1676674,0,0,99,42,7.1290746,-4.7783694
50571179,2025-01-02 05:00:00+00:00,38.992663,-76.930901,4.626,0.726,2.6030836,0,0,58,41,-6.4621496,-10.139441
50571179,2025-01-03 05:00:00+00:00,38.992663,-76.930901,5.376,-1.2739999,0.6676667,2.6,0.77,91,53,-0.42689192,-8.653819
50571179,2025-01-04 05:00:00+00:00,38.992663,-76.930901,-0.474,-4.374,-1.7240001,0,0,58,42,-8.626454,-13.497255
50571179,2025-01-05 05:00:00+00:00,38.992663,-76.930901,0.976,-7.374,-2.4635835,0,0,62,33,-9.753396,-14.4044075
50571179,2025-01-06 05:00:00+00:00,38.992663,-76.930901,-0.27400002,-3.524,-2.7031667,20.5,10.080001,95,55,-3.1580913,-8.229744
50571179,2025-01-07 05:00:00+00:00,38.992663,-76.930901,1.526,-5.074,-2.0364997,0,0,67,49,-7.526401,-12.186006
50571179,2025-01-08 05:00:00+00:00,38.992663,-76.930901,-0.474,-5.024,-2.7823334,0,0,59,45,-8.878507,-15.135852
50584887,2025-01-01 05:00:00+00:00,38.988774,-76.9453065,9.276,4.826,7.061417,0,0,98,44,7.0783935,-4.999692
50584887,2025-01-02 05:00:00+00:00,38.988774,-76.9453065,4.526,0.87600005,2.5530834,0,0,56,39,-6.872909,-10.725978
50584887,2025-01-03 05:00:00+00:00,38.988774,-76.9453065,5.476,-1.324,0.55308336,3.2,0.98,92,52,-0.37567893,-8.794455
50584887,2025-01-04 05:00:00+00:00,38.988774,-76.9453065,-0.574,-4.424,-1.8135833,0,0,58,42,-8.673518,-13.543506
50584887,2025-01-05 05:00:00+00:00,38.988774,-76.9453065,0.82600003,-7.574,-2.6156666,0,0,62,32,-10.830328,-14.735199
50584887,2025-01-06 05:00:00+00:00,38.988774,-76.9453065,-0.374,-3.624,-2.799,20.300001,10.080002,95,53,-3.1580913,-8.798729
50584887,2025-01-07 05:00:00+00:00,38.988774,-76.9453065,1.4760001,-5.674,-2.2135832,0,0,69,49,-7.1928916,-12.62895
50584887,2025-01-08 05:00:00+00:00,38.988774,-76.9453065,-0.524,-5.174,-2.807333,0,0,60,45,-8.757659,-15.273377
50642347,2025-01-01 05:00:00+00:00,38.991515,-76.928591,9.3065,4.7565,7.1481667,0,0,99,42,7.109597,-4.7963953
50642347,2025-01-02 05:00:00+00:00,38.991515,-76.928591,4.6064997,0.7065,2.583583,0,0,58,41,-6.4804935,-10.157096
50642347,2025-01-03 05:00:00+00:00,38.991515,-76.928591,5.3564997,-1.2935,0.6481667,2.6,0.77,91,53,-0.44618416,-8.6721
50642347,2025-01-04 05:00:00+00:00,38.991515,-76.928591,-0.4935,-4.3935003,-1.7435001,0,0,58,42,-8.64481,-13.515292
50642347,2025-01-05 05:00:00+00:00,38.991515,-76.928591,0.9565,-7.3935003,-2.4830832,0,0,62,33,-9.77141,-14.421669
50642347,2025-01-06 05:00:00+00:00,38.991515,-76.928591,-0.2935,-3.5435,-2.7226665,20.5,10.080001,95,55,-3.1774561,-8.247986
50642347,2025-01-07 05:00:00+00:00,38.991515,-76.928591,1.5065,-5.0935,-2.056,0,0,67,49,-7.545052,-12.204343
50642347,2025-01-08 05:00:00+00:00,38.991515,-76.928591,-0.4935,-5.0435004,-2.8018334,0,0,59,45,-8.896898,-15.1537285
50642353,2025-01-01 05:00:00+00:00,38.991122,-76.9281194,9.2935,4.7435,7.1351666,0,0,99,42,7.0966134,-4.808411
50642353,2025-01-02 05:00:00+00:00,38.991122,-76.9281194,4.5935,0.6935,2.5705833,0,0,58,41,-6.4927235,-10.168866
50642353,2025-01-03 05:00:00+00:00,38.991122,-76.9281194,5.3435,-1.3065,0.63516665,2.6,0.77,91,53,-0.4590457,-8.684289
50642353,2025-01-04 05:00:00+00:00,38.991122,-76.9281194,-0.5065,-4.4065,-1.7564999,0,0,58,42,-8.657046,-13.527318
50642353,2025-01-05 05:00:00+00:00,38.991122,-76.9281194,0.9435,-7.4065,-2.496083,0,0,62,33,-9.7834215,-14.433176
50642353,2025-01-06 05:00:00+00:00,38.991122,-76.9281194,-0.30650002,-3.5565,-2.735667,20.5,10.080001,95,55,-3.1903663,-8.260149
50642353,2025-01-07 05:00:00+00:00,38.991122,-76.9281194,1.4935,-5.1064997,-2.069,0,0,67,49,-7.5574856,-12.216567
50642353,2025-01-08 05:00:00+00:00,38.991122,-76.9281194,-0.5065,-5.0565,-2.8148336,0,0,59,45,-8.909161,-15.1656475
50643592,2025-01-01 05:00:00+00:00,38.9950556,-76.9275119,9.3195,4.7695,7.161167,0,0,99,42,7.1225834,-4.784378
50643592,2025-01-02 05:00:00+00:00,38.9950556,-76.9275119,4.6194997,0.7195,2.5965834,0,0,58,41,-6.468264,-10.145325
50643592,2025-01-03 05:00:00+00:00,38.9950556,-76.9275119,5.3694997,-1.2804999,0.66116667,2.6,0.77,91,53,-0.43332267,-8.659913
50643592,2025-01-04 05:00:00+00:00,38.9950556,-76.9275119,-0.4805,-4.3805003,-1.7305001,0,0,58,42,-8.632573,-13.503267
50643592,2025-01-05 05:00:00+00:00,38.9950556,-76.9275119,0.9695,-7.3805003,-2.4700837,0,0,62,33,-9.759401,-14.410161
50643592,2025-01-06 05:00:00+00:00,38.9950556,-76.9275119,-0.28050002,-3.5305,-2.709667,20.5,10.080001,95,55,-3.1645463,-8.235825
50643592,2025-01-07 05:00:00+00:00,38.9950556,-76.9275119,1.5195,-5.0805,-2.043,0,0,67,49,-7.532617,-12.19212
50643592,2025-01-08 05:00:00+00:00,38.9950556,-76.9275119,-0.4805,-5.0305004,-2.7888336,0,0,59,45,-8.884637,-15.14181
50643615,2025-01-01 05:00:00+00:00,38.9923825,-76.9274536,9.3195,4.7695,7.161167,0,0,99,42,7.1225834,-4.784378
50643615,2025-01-02 05:00:00+00:00,38.9923825,-76.9274536,4.6194997,0.7195,2.5965834,0,0,58,41,-6.468264,-10.145325
50643615,2025-01-03 05:00:00+00:00,38.9923825,-76.9274536,5.3694997,-1.2804999,0.66116667,2.6,0.77,91,53,-0.43332267,-8.659913
50643615,2025-01-04 05:00:00+00:00,38.9923825,-76.9274536,-0.4805,-4.3805003,-1.7305001,0,0,58,42,-8.632573,-13.503267
50643615,2025-01-05 05:00:00+00:00,38.9923825,-76.9274536,0.9695,-7.3805003,-2.4700837,0,0,62,33,-9.759401,-14.410161
50643615,2025-01-06 05:00:00+00:00,38.9923825,-76.9274536,-0.28050002,-3.5305,-2.709667,20.5,10.080001,95,55,-3.1645463,-8.235825
50643615,2025-01-07 05:00:00+00:00,38.9923825,-76.9274536,1.5195,-5.0805,-2.043,0,0,67,49,-7.532617,-12.19212
50643615,2025-01-08 05:00:00+00:00,38.9923825,-76.9274536,-0.4805,-5.0305004,-2.7888336,0,0,59,45,-8.884637,-15.14181
50643629,2025-01-01 05:00:00+00:00,38.9933525,-76.9288166,9.2545,4.7045,7.096167,0,0,99,42,7.057659,-4.844463
50643629,2025-01-02 05:00:00+00:00,38.9933525,-76.9288166,4.5545,0.6545,2.531583,0,0,58,41,-6.5294127,-10.204178
50643629,2025-01-03 05:00:00+00:00,38.9933525,-76.9288166,5.3045,-1.3455,0.59616673,2.6,0.77,91,53,-0.49763018,-8.720855
50643629,2025-01-04 05:00:00+00:00,38.9933525,-76.9288166,-0.5455,-4.4455,-1.7954999,0,0,58,42,-8.693757,-13.563395
50643629,2025-01-05 05:00:00+00:00,38.9933525,-76.9288166,0.9045,-7.4455,-2.5350833,0,0,62,33,-9.819449,-14.467699
50643629,2025-01-06 05:00:00+00:00,38.9933525,-76.9288166,-0.34550002,-3.5955,-2.7746665,20.5,10.080001,95,55,-3.2290967,-8.296635
50643629,2025-01-07 05:00:00+00:00,38.9933525,-76.9288166,1.4545,-5.1454997,-2.108,0,0,67,49,-7.5942864,-12.25324
50643629,2025-01-08 05:00:00+00:00,38.9933525,-76.9288166,-0.5455,-5.0955,-2.8538334,0,0,59,45,-8.945943,-15.201405
50643632,2025-01-01 05:00:00+00:00,38.9935641,-76.928839,9.2545,4.7045,7.096167,0,0,99,42,7.057659,-4.844463
50643632,2025-01-02 05:00:00+00:00,38.9935641,-76.928839,4.5545,0.6545,2.531583,0,0,58,41,-6.5294127,-10.204178
50643632,2025-01-03 05:00:00+00:00,38.9935641,-76.928839,5.3045,-1.3455,0.59616673,2.6,0.77,91,53,-0.49763018,-8.720855
50643632,2025-01-04 05:00:00+00:00,38.9935641,-76.928839,-0.5455,-4.4455,-1.7954999,0,0,58,42,-8.693757,-13.563395
50643632,2025-01-05 05:00:00+00:00,38.9935641,-76.928839,0.9045,-7.4455,-2.5350833,0,0,62,33,-9.819449,-14.467699
50643632,2025-01-06 05:00:00+00:00,38.9935641,-76.928839,-0.34550002,-3.5955,-2.7746665,20.5,10.080001,95,55,-3.2290967,-8.296635
50643632,2025-01-07 05:00:00+00:00,38.9935641,-76.928839,1.4545,-5.1454997,-2.108,0,0,67,49,-7.5942864,-12.25324
50643632,2025-01-08 05:00:00+00:00,38.9935641,-76.928839,-0.5455,-5.0955,-2.8538334,0,0,59,45,-8.945943,-15.201405
50643636,2025-01-01 05:00:00+00:00,38.9941621,-76.9287618,9.2805,4.7305,7.122167,0,0,99,42,7.083629,-4.8204284
50643636,2025-01-02 05:00:00+00:00,38.9941621,-76.9287618,4.5805,0.6805,2.5575836,0,0,58,41,-6.504953,-10.180636
50643636,2025-01-03 05:00:00+00:00,38.9941621,-76.9287618,5.3305,-1.3195,0.6221666,2.6,0.77,91,53,-0.47190723,-8.696479
50643636,2025-01-04 05:00:00+00:00,38.9941621,-76.9287618,-0.5195,-4.4195,-1.7694999,0,0,58,42,-8.669283,-13.539343
50643636,2025-01-05 05:00:00+00:00,38.9941621,-76.9287618,0.9305,-7.4195,-2.509083,0,0,62,33,-9.79543,-14.444683
50643636,2025-01-06 05:00:00+00:00,38.9941621,-76.9287618,-0.3195,-3.5695,-2.7486668,20.5,10.080001,95,55,-3.2032764,-8.27231
50643636,2025-01-07 05:00:00+00:00,38.9941621,-76.9287618,1.4805,-5.1194997,-2.082,0,0,67,49,-7.569919,-12.228791
50643636,2025-01-08 05:00:00+00:00,38.9941621,-76.9287618,-0.5195,-5.0695,-2.8278332,0,0,59,45,-8.92142,-15.177567
50643645,2025-01-01 05:00:00+00:00,38.9952224,-76.9283246,9.3195,4.7695,7.161167,0,0,99,42,7.1225834,-4.784378
50643645,2025-01-02 05:00:00+00:00,38.9952224,-76.9283246,4.6194997,0.7195,2.5965834,0,0,58,41,-6.468264,-10.145325
50643645,2025-01-03 05:00:00+00:00,38.9952224,-76.9283246,5.3694997,-1.2804999,0.66116667,2.6,0.77,91,53,-0.43332267,-8.659913
50643645,2025-01-04 05:00:00+00:00,38.9952224,-76.9283246,-0.4805,-4.3805003,-1.7305001,0,0,58,42,-8.632573,-13.503267
50643645,2025-01-05 05:00:00+00:00,38.9952224,-76.9283246,0.9695,-7.3805003,-2.4700837,0,0,62,33,-9.759401,-14.410161
50643645,2025-01-06 05:00:00+00:00,38.9952224,-76.9283246,-0.28050002,-3.5305,-2.709667,20.5,10.080001,95,55,-3.1645463,-8.235825
50643645,2025-01-07 05:00:00+00:00,38.9952224,-76.9283246,1.5195,-5.0805,-2.043,0,0,67,49,-7.532617,-12.19212
50643645,2025-01-08 05:00:00+00:00,38.9952224,-76.9283246,-0.4805,-5.0305004,-2.7888336,0,0,59,45,-8.884637,-15.14181
50645318,2025-01-01 05:00:00+00:00,38.9948235,-76.9264634,9.3585005,4.8085,7.200166,0,0,99,42,7.161537,-4.7483273
50645318,2025-01-02 05:00:00+00:00,38.9948235,-76.9264634,4.6584997,0.7585,2.6355832,0,0,58,41,-6.4315753,-10.110015
50645318,2025-01-03 05:00:00+00:00,38.9948235,-76.9264634,5.4084997,-1.2414999,0.7001667,2.6,0.77,91,53,-0.39473817,-8.623348
50645318,2025-01-04 05:00:00+00:00,38.9948235,-76.9264634,-0.4415,-4.3415003,-1.6914998,0,0,58,42,-8.595863,-13.467192
50645318,2025-01-05 05:00:00+00:00,38.9948235,-76.9264634,1.0085,-7.3415003,-2.4310832,0,0,62,33,-9.723372,-14.375641
50645318,2025-01-06 05:00:00+00:00,38.9948235,-76.9264634,-0.24150002,-3.4915,-2.6706665,20.5,10.080001,95,55,-3.1258156,-8.199339
50645318,2025-01-07 05:00:00+00:00,38.9948235,-76.9264634,1.5585,-5.0415,-2.0040002,0,0,67,49,-7.4953165,-12.155446
50645318,2025-01-08 05:00:00+00:00,38.9948235,-76.9264634,-0.4415,-4.9915004,-2.7498333,0,0,59,45,-8.847855,-15.106054
50645320,2025-01-01 05:00:00+00:00,38.9941748,-76.9232335,9.378,4.828,7.219667,0,0,99,42,7.181014,-4.730302
50645320,2025-01-02 05:00:00+00:00,38.9941748,-76.9232335,4.678,0.778,2.6550834,0,0,58,41,-6.4132314,-10.0923605
50645320,2025-01-03 05:00:00+00:00,38.9941748,-76.9232335,5.428,-1.222,0.7196665,2.6,0.77,91,53,-0.37544596,-8.605066
50645320,2025-01-04 05:00:00+00:00,38.9941748,-76.9232335,-0.422,-4.322,-1.6719999,0,0,58,42,-8.577509,-13.449155
50645320,2025-01-05 05:00:00+00:00,38.9941748,-76.9232335,1.028,-7.322,-2.4115832,0,0,62,33,-9.7053585,-14.358382
50645320,2025-01-06 05:00:00+00:00,38.9941748,-76.9232335,-0.222,-3.472,-2.6511667,20.5,10.080001,95,55,-3.106451,-8.181097
50645320,2025-01-07 05:00:00+00:00,38.9941748,-76.9232335,1.578,-5.022,-1.9845003,0,0,67,49,-7.4766655,-12.137109
50645320,2025-01-08 05:00:00+00:00,38.9941748,-76.9232335,-0.422,-4.972,-2.7303333,0,0,59,45,-8.829464,-15.088176
50668386,2025-01-01 05:00:00+00:00,38.9903332,-76.9273489,9.339,4.789,7.180666,0,0,99,42,7.1420593,-4.766352
50668386,2025-01-02 05:00:00+00:00,38.9903332,-76.9273489,4.639,0.73899996,2.6160834,0,0,58,41,-6.4499197,-10.12767
50668386,2025-01-03 05:00:00+00:00,38.9903332,-76.9273489,5.389,-1.2609999,0.6806666,2.6,0.77,91,53,-0.41403043,-8.64163
50668386,2025-01-04 05:00:00+00:00,38.9903332,-76.9273489,-0.461,-4.361,-1.711,0,0,58,42,-8.614218,-13.4852295
50668386,2025-01-05 05:00:00+00:00,38.9903332,-76.9273489,0.98899996,-7.361,-2.4505837,0,0,62,33,-9.741386,-14.392903
50668386,2025-01-06 05:00:00+00:00,38.9903332,-76.9273489,-0.261,-3.511,-2.6901667,20.5,10.080001,95,55,-3.145181,-8.217582
50668386,2025-01-07 05:00:00+00:00,38.9903332,-76.9273489,1.539,-5.061,-2.0235002,0,0,67,49,-7.5139675,-12.173781
50668386,2025-01-08 05:00:00+00:00,38.9903332,-76.9273489,-0.461,-5.011,-2.7693331,0,0,59,45,-8.866246,-15.123932
50691219,2025-01-01 05:00:00+00:00,38.9866636,-76.9467418,9.185,4.735,6.9704165,0,0,98,44,6.987827,-5.0836215
50691219,2025-01-02 05:00:00+00:00,38.9866636,-76.9467418,4.435,0.785,2.4620833,0,0,56,39,-6.9581847,-10.807922
50691219,2025-01-03 05:00:00+00:00,38.9866636,-76.9467418,5.3849998,-1.415,0.46208334,3.2,0.98,92,52,-0.46582144,-8.879777
50691219,2025-01-04 05:00:00+00:00,38.9866636,-76.9467418,-0.665,-4.515,-1.9045835,0,0,58,42,-8.759176,-13.627686
50691219,2025-01-05 05:00:00+00:00,38.9866636,-76.9467418,0.735,-7.665,-2.7066667,0,0,62,32,-10.913622,-14.815484
50691219,2025-01-06 05:00:00+00:00,38.9866636,-76.9467418,-0.465,-3.7150002,-2.89,20.300001,10.080002,95,53,-3.2484612,-8.883521
50691219,2025-01-07 05:00:00+00:00,38.9866636,-76.9467418,1.385,-5.765,-2.3045838,0,0,69,49,-7.2802124,-12.714695
50691219,2025-01-08 05:00:00+00:00,38.9866636,-76.9467418,-0.615,-5.265,-2.8983333,0,0,60,45,-8.843646,-15.356818
50691222,2025-01-01 05:00:00+00:00,38.9862868,-76.9469408,9.1655,4.7155004,6.9509163,0,0,98,44,6.9684205,-5.1016064
50691222,2025-01-02 05:00:00+00:00,38.9862868,-76.9469408,4.4155,0.7655,2.4425833,0,0,56,39,-6.976458,-10.825483
50691222,2025-01-03 05:00:00+00:00,38.9862868,-76.9469408,5.3655,-1.4345,0.44258335,3.2,0.98,92,52,-0.4851378,-8.89806
50691222,2025-01-04 05:00:00+00:00,38.9862868,-76.9469408,-0.68450004,-4.5344996,-1.9240832,0,0,58,42,-8.777533,-13.645722
50691222,2025-01-05 05:00:00+00:00,38.9862868,-76.9469408,0.7155,-7.6844997,-2.726167,0,0,62,32,-10.93147,-14.832688
50691222,2025-01-06 05:00:00+00:00,38.9862868,-76.9469408,-0.4845,-3.7345002,-2.9095001,20.300001,10.080002,95,53,-3.267827,-8.901691
50691222,2025-01-07 05:00:00+00:00,38.9862868,-76.9469408,1.3655001,-5.7844996,-2.3240833,0,0,69,49,-7.298924,-12.73307
50691222,2025-01-08 05:00:00+00:00,38.9862868,-76.9469408,-0.6345,-5.2844996,-2.9178333,0,0,60,45,-8.862073,-15.374698
50691254,2025-01-01 05:00:00+00:00,38.9885397,-76.936644,9.339,4.789,7.180666,0,0,99,42,7.1420593,-4.766352
50691254,2025-01-02 05:00:00+00:00,38.9885397,-76.936644,4.639,0.73899996,2.6160834,0,0,58,41,-6.4499197,-10.12767
50691254,2025-01-03 05:00:00+00:00,38.9885397,-76.936644,5.389,-1.2609999,0.6806666,2.6,0.77,91,53,-0.41403043,-8.64163
50691254,2025-01-04 05:00:00+00:00,38.9885397,-76.936644,-0.461,-4.361,-1.711,0,0,58,42,-8.614218,-13.4852295
50691254,2025-01-05 05:00:00+00:00,38.9885397,-76.936644,0.98899996,-7.361,-2.4505837,0,0,62,33,-9.741386,-14.392903
50691254,2025-01-06 05:00:00+00:00,38.9885397,-76.936644,-0.261,-3.511,-2.6901667,20.5,10.080001,95,55,-3.145181,-8.217582
50691254,2025-01-07 05:00:00+00:00,38.9885397,-76.936644,1.539,-5.061,-2.0235002,0,0,67,49,-7.5139675,-12.173781
50691254,2025-01-08 05:00:00+00:00,38.9885397,-76.936644,-0.461,-5.011,-2.7693331,0,0,59,45,-8.866246,-15.123932
50691257,2025-01-01 05:00:00+00:00,38.9886846,-76.9363246,9.339,4.789,7.180666,0,0,99,42,7.1420593,-4.766352
50691257,2025-01-02 05:00:00+00:00,38.9886846,-76.9363246,4.639,0.73899996,2.6160834,0,0,58,41,-6.4499197,-10.12767
50691257,2025-01-03 05:00:00+00:00,38.9886846,-76.9363246,5.389,-1.2609999,0.6806666,2.6,0.77,91,53,-0.41403043,-8.64163
50691257,2025-01-04 05:00:00+00:00,38.9886846,-76.9363246,-0.461,-4.361,-1.711,0,0,58,42,-8.614218,-13.4852295
50691257,2025-01-05 05:00:00+00:00,38.9886846,-76.9363246,0.98899996,-7.361,-2.4505837,0,0,62,33,-9.741386,-14.392903
50691257,2025-01-06 05:00:00+00:00,38.9886846,-76.9363246,-0.261,-3.511,-2.6901667,20.5,10.080001,95,55,-3.145181,-8.217582
50691257,2025-01-07 05:00:00+00:00,38.9886846,-76.9363246,1.539,-5.061,-2.0235002,0,0,67,49,-7.5139675,-12.173781
50691257,2025-01-08 05:00:00+00:00,38.9886846,-76.9363246,-0.461,-5.011,-2.7693331,0,0,59,45,-8.866246,-15.123932
50696236,2025-01-01 05:00:00+00:00,38.9915304,-76.9275142,9.2935,4.7435,7.1351666,0,0,99,42,7.0966134,-4.808411
50696236,2025-01-02 05:00:00+00:00,38.9915304,-76.9275142,4.5935,0.6935,2.5705833,0,0,58,41,-6.4927235,-10.168866
50696236,2025-01-03 05:00:00+00:00,38.9915304,-76.9275142,5.3435,-1.3065,0.63516665,2.6,0.77,91,53,-0.4590457,-8.684289
50696236,2025-01-04 05:00:00+00:00,38.9915304,-76.9275142,-0.5065,-4.4065,-1.7564999,0,0,58,42,-8.657046,-13.527318
50696236,2025-01-05 05:00:00+00:00,38.9915304,-76.9275142,0.9435,-7.4065,-2.496083,0,0,62,33,-9.7834215,-14.433176
50696236,2025-01-06 05:00:00+00:00,38.9915304,-76.9275142,-0.30650002,-3.5565,-2.735667,20.5,10.080001,95,55,-3.1903663,-8.260149
50696236,2025-01-07 05:00:00+00:00,38.9915304,-76.9275142,1.4935,-5.1064997,-2.069,0,0,67,49,-7.5574856,-12.216567
50696236,2025-01-08 05:00:00+00:00,38.9915304,-76.9275142,-0.5065,-5.0565,-2.8148336,0,0,59,45,-8.909161,-15.1656475
50696237,2025-01-01 05:00:00+00:00,38.9937666,-76.9270254,9.3585005,4.8085,7.200166,0,0,99,42,7.161537,-4.7483273
50696237,2025-01-02 05:00:00+00:00,38.9937666,-76.9270254,4.6584997,0.7585,2.6355832,0,0,58,41,-6.4315753,-10.110015
50696237,2025-01-03 05:00:00+00:00,38.9937666,-76.9270254,5.4084997,-1.2414999,0.7001667,2.6,0.77,91,53,-0.39473817,-8.623348
50696237,2025-01-04 05:00:00+00:00,38.9937666,-76.9270254,-0.4415,-4.3415003,-1.6914998,0,0,58,42,-8.595863,-13.467192
50696237,2025-01-05 05:00:00+00:00,38.9937666,-76.9270254,1.0085,-7.3415003,-2.4310832,0,0,62,33,-9.723372,-14.375641
50696237,2025-01-06 05:00:00+00:00,38.9937666,-76.9270254,-0.24150002,-3.4915,-2.6706665,20.5,10.080001,95,55,-3.1258156,-8.199339
50696237,2025-01-07 05:00:00+00:00,38.9937666,-76.9270254,1.5585,-5.0415,-2.0040002,0,0,67,49,-7.4953165,-12.155446
50696237,2025-01-08 05:00:00+00:00,38.9937666,-76.9270254,-0.4415,-4.9915004,-2.7498333,0,0,59,45,-8.847855,-15.106054
50712150,2025-01-01 05:00:00+00:00,38.993335,-76.930381,9.274,4.724,7.115667,0,0,99,42,7.0771365,-4.826437
50712150,2025-01-02 05:00:00+00:00,38.993335,-76.930381,4.574,0.67399997,2.5510833,0,0,58,41,-6.511068,-10.186522
50712150,2025-01-03 05:00:00+00:00,38.993335,-76.930381,5.324,-1.326,0.6156667,2.6,0.77,91,53,-0.4783379,-8.702572
50712150,2025-01-04 05:00:00+00:00,38.993335,-76.930381,-0.526,-4.426,-1.7760001,0,0,58,42,-8.675401,-13.545357
50712150,2025-01-05 05:00:00+00:00,38.993335,-76.930381,0.92399997,-7.426,-2.5155833,0,0,62,33,-9.8014345,-14.4504385
50712150,2025-01-06 05:00:00+00:00,38.993335,-76.930381,-0.326,-3.576,-2.7551668,20.5,10.080001,95,55,-3.2097316,-8.278392
50712150,2025-01-07 05:00:00+00:00,38.993335,-76.930381,1.474,-5.126,-2.0885003,0,0,67,49,-7.576136,-12.234904
50712150,2025-01-08 05:00:00+00:00,38.993335,-76.930381,-0.526,-5.076,-2.8343334,0,0,59,45,-8.927551,-15.183526
50737294,2025-01-01 05:00:00+00:00,38.9904484,-76.932504,9.3715,4.8215,7.2131667,0,0,99,42,7.1745224,-4.73631
50737294,2025-01-02 05:00:00+00:00,38.9904484,-76.932504,4.6714997,0.7715,2.6485834,0,0,58,41,-6.4193463,-10.098246
50737294,2025-01-03 05:00:00+00:00,38.9904484,-76.932504,5.4214997,-1.2284999,0.7131667,2.6,0.77,91,53,-0.38187674,-8.611159
50737294,2025-01-04 05:00:00+00:00,38.9904484,-76.932504,-0.4285,-4.3285003,-1.6784998,0,0,58,42,-8.583628,-13.455168
50737294,2025-01-05 05:00:00+00:00,38.9904484,-76.932504,1.0215,-7.3285003,-2.4180834,0,0,62,33,-9.711363,-14.364134
50737294,2025-01-06 05:00:00+00:00,38.9904484,-76.932504,-0.22850001,-3.4785,-2.6576667,20.5,10.080001,95,55,-3.1129057,-8.187178
50737294,2025-01-07 05:00:00+00:00,38.9904484,-76.932504,1.5715001,-5.0285,-1.9910002,0,0,67,49,-7.482883,-12.143222
50737294,2025-01-08 05:00:00+00:00,38.9904484,-76.932504,-0.4285,-4.9785004,-2.7368336,0,0,59,45,-8.835594,-15.094135
50737663,2025-01-01 05:00:00+00:00,38.9890544,-76.9406471,9.274,4.724,7.115667,0,0,99,42,7.0771365,-4.826437
50737663,2025-01-02 05:00:00+00:00,38.9890544,-76.9406471,4.574,0.67399997,2.5510833,0,0,58,41,-6.511068,-10.186522
50737663,2025-01-03 05:00:00+00:00,38.9890544,-76.9406471,5.324,-1.326,0.6156667,2.6,0.77,91,53,-0.4783379,-8.702572
50737663,2025-01-04 05:00:00+00:00,38.9890544,-76.9406471,-0.526,-4.426,-1.7760001,0,0,58,42,-8.675401,-13.545357
50737663,2025-01-05 05:00:00+00:00,38.9890544,-76.9406471,0.92399997,-7.426,-2.5155833,0,0,62,33,-9.8014345,-14.4504385
50737663,2025-01-06 05:00:00+00:00,38.9890544,-76.9406471,-0.326,-3.576,-2.7551668,20.5,10.080001,95,55,-3.2097316,-8.278392
50737663,2025-01-07 05:00:00+00:00,38.9890544,-76.9406471,1.474,-5.126,-2.0885003,0,0,67,49,-7.576136,-12.234904
50737663,2025-01-08 05:00:00+00:00,38.9890544,-76.9406471,-0.526,-5.076,-2.8343334,0,0,59,45,-8.927551,-15.183526
50779421,2025-01-01 05:00:00+00:00,38.9924483,-76.927206,9.3195,4.7695,7.161167,0,0,99,42,7.1225834,-4.784378
50779421,2025-01-02 05:00:00+00:00,38.9924483,-76.927206,4.6194997,0.7195,2.5965834,0,0,58,41,-6.468264,-10.145325
50779421,2025-01-03 05:00:00+00:00,38.9924483,-76.927206,5.3694997,-1.2804999,0.66116667,2.6,0.77,91,53,-0.43332267,-8.659913
50779421,2025-01-04 05:00:00+00:00,38.9924483,-76.927206,-0.4805,-4.3805003,-1.7305001,0,0,58,42,-8.632573,-13.503267
50779421,2025-01-05 05:00:00+00:00,38.9924483,-76.927206,0.9695,-7.3805003,-2.4700837,0,0,62,33,-9.759401,-14.410161
50779421,2025-01-06 05:00:00+00:00,38.9924483,-76.927206,-0.28050002,-3.5305,-2.709667,20.5,10.080001,95,55,-3.1645463,-8.235825
50779421,2025-01-07 05:00:00+00:00,38.9924483,-76.927206,1.5195,-5.0805,-2.043,0,0,67,49,-7.532617,-12.19212
50779421,2025-01-08 05:00:00+00:00,38.9924483,-76.927206,-0.4805,-5.0305004,-2.7888336,0,0,59,45,-8.884637,-15.14181
50779432,2025-01-01 05:00:00+00:00,38.9934762,-76.9257504,9.3585005,4.8085,7.200166,0,0,99,42,7.161537,-4.7483273
50779432,2025-01-02 05:00:00+00:00,38.9934762,-76.9257504,4.6584997,0.7585,2.6355832,0,0,58,41,-6.4315753,-10.110015
50779432,2025-01-03 05:00:00+00:00,38.9934762,-76.9257504,5.4084997,-1.2414999,0.7001667,2.6,0.77,91,53,-0.39473817,-8.623348
50779432,2025-01-04 05:00:00+00:00,38.9934762,-76.9257504,-0.4415,-4.3415003,-1.6914998,0,0,58,42,-8.595863,-13.467192
50779432,2025-01-05 05:00:00+00:00,38.9934762,-76.9257504,1.0085,-7.3415003,-2.4310832,0,0,62,33,-9.723372,-14.375641
50779432,2025-01-06 05:00:00+00:00,38.9934762,-76.9257504,-0.24150002,-3.4915,-2.6706665,20.5,10.080001,95,55,-3.1258156,-8.199339
50779432,2025-01-07 05:00:00+00:00,38.9934762,-76.9257504,1.5585,-5.0415,-2.0040002,0,0,67,49,-7.4953165,-12.155446
50779432,2025-01-08 05:00:00+00:00,38.9934762,-76.9257504,-0.4415,-4.9915004,-2.7498333,0,0,59,45,-8.847855,-15.106054
50796058,2025-01-01 05:00:00+00:00,38.9904251,-76.927874,9.3325,4.7825,7.174167,0,0,99,42,7.1355677,-4.772361
50796058,2025-01-02 05:00:00+00:00,38.9904251,-76.927874,4.6324997,0.73249996,2.6095831,0,0,58,41,-6.4560347,-10.133556
50796058,2025-01-03 05:00:00+00:00,38.9904251,-76.927874,5.3824997,-1.2674999,0.6741665,2.6,0.77,91,53,-0.42046106,-8.647725
50796058,2025-01-04 05:00:00+00:00,38.9904251,-76.927874,-0.4675,-4.3675003,-1.7175001,0,0,58,42,-8.620337,-13.491243
50796058,2025-01-05 05:00:00+00:00,38.9904251,-76.927874,0.98249996,-7.3675003,-2.457084,0,0,62,33,-9.747393,-14.398656
50796058,2025-01-06 05:00:00+00:00,38.9904251,-76.927874,-0.2675,-3.5175,-2.696667,20.5,10.080001,95,55,-3.1516361,-8.223662
50796058,2025-01-07 05:00:00+00:00,38.9904251,-76.927874,1.5325,-5.0675,-2.03,0,0,67,49,-7.5201845,-12.179895
50796058,2025-01-08 05:00:00+00:00,38.9904251,-76.927874,-0.4675,-5.0175004,-2.7758331,0,0,59,45,-8.8723755,-15.1298895
50796078,2025-01-01 05:00:00+00:00,38.9931236,-76.9242026,9.365,4.815,7.2066665,0,0,99,42,7.1680303,-4.742319
50796078,2025-01-02 05:00:00+00:00,38.9931236,-76.9242026,4.665,0.765,2.6420834,0,0,58,41,-6.425461,-10.10413
50796078,2025-01-03 05:00:00+00:00,38.9931236,-76.9242026,5.415,-1.2349999,0.70666677,2.6,0.77,91,53,-0.38830742,-8.617253
50796078,2025-01-04 05:00:00+00:00,38.9931236,-76.9242026,-0.435,-4.335,-1.685,0,0,58,42,-8.5897455,-13.461181
50796078,2025-01-05 05:00:00+00:00,38.9931236,-76.9242026,1.015,-7.335,-2.424583,0,0,62,33,-9.717368,-14.369888
50796078,2025-01-06 05:00:00+00:00,38.9931236,-76.9242026,-0.23500001,-3.485,-2.6641665,20.5,10.080001,95,55,-3.119361,-8.193257
50796078,2025-01-07 05:00:00+00:00,38.9931236,-76.9242026,1.565,-5.035,-1.9975,0,0,67,49,-7.489099,-12.149334
50796078,2025-01-08 05:00:00+00:00,38.9931236,-76.9242026,-0.435,-4.985,-2.743333,0,0,59,45,-8.841724,-15.100094
50796502,2025-01-01 05:00:00+00:00,38.9931631,-76.9481367,9.2825,4.8325,7.0679164,0,0,98,44,7.084863,-4.993697
50796502,2025-01-02 05:00:00+00:00,38.9931631,-76.9481367,4.5325,0.88250005,2.5595832,0,0,56,39,-6.866818,-10.720125
50796502,2025-01-03 05:00:00+00:00,38.9931631,-76.9481367,5.4824996,-1.3175,0.55958337,3.2,0.98,92,52,-0.3692402,-8.78836
50796502,2025-01-04 05:00:00+00:00,38.9931631,-76.9481367,-0.5675,-4.4175,-1.8070831,0,0,58,42,-8.667401,-13.537494
50796502,2025-01-05 05:00:00+00:00,38.9931631,-76.9481367,0.8325,-7.5675,-2.609167,0,0,62,32,-10.824379,-14.7294655
50796502,2025-01-06 05:00:00+00:00,38.9931631,-76.9481367,-0.3675,-3.6175,-2.7924998,20.300001,10.080002,95,53,-3.1516361,-8.792673
50796502,2025-01-07 05:00:00+00:00,38.9931631,-76.9481367,1.4825001,-5.6675,-2.2070837,0,0,69,49,-7.1866546,-12.622824
50796502,2025-01-08 05:00:00+00:00,38.9931631,-76.9481367,-0.51750004,-5.1675,-2.8008335,0,0,60,45,-8.751517,-15.26742
50815102,2025-01-01 05:00:00+00:00,38.9826121,-76.9394952,9.274,4.724,7.115667,0,0,99,42,7.0771365,-4.826437
50815102,2025-01-02 05:00:00+00:00,38.9826121,-76.9394952,4.574,0.67399997,2.5510833,0,0,58,41,-6.511068,-10.186522
50815102,2025-01-03 05:00:00+00:00,38.9826121,-76.9394952,5.324,-1.326,0.6156667,2.6,0.77,91,53,-0.4783379,-8.702572
50815102,2025-01-04 05:00:00+00:00,38.9826121,-76.9394952,-0.526,-4.426,-1.7760001,0,0,58,42,-8.675401,-13.545357
50815102,2025-01-05 05:00:00+00:00,38.9826121,-76.9394952,0.92399997,-7.426,-2.5155833,0,0,62,33,-9.8014345,-14.4504385
50815102,2025-01-06 05:00:00+00:00,38.9826121,-76.9394952,-0.326,-3.576,-2.7551668,20.5,10.080001,95,55,-3.2097316,-8.278392
50815102,2025-01-07 05:00:00+00:00,38.9826121,-76.9394952,1.474,-5.126,-2.0885003,0,0,67,49,-7.576136,-12.234904
50815102,2025-01-08 05:00:00+00:00,38.9826121,-76.9394952,-0.526,-5.076,-2.8343334,0,0,59,45,-8.927551,-15.183526
50855193,2025-01-01 05:00:00+00:00,38.9881607,-76.9341718,9.3715,4.8215,7.2131667,0,0,99,42,7.1745224,-4.73631
50855193,2025-01-02 05:00:00+00:00,38.9881607,-76.9341718,4.6714997,0.7715,2.6485834,0,0,58,41,-6.4193463,-10.098246
50855193,2025-01-03 05:00:00+00:00,38.9881607,-76.9341718,5.4214997,-1.2284999,0.7131667,2.6,0.77,91,53,-0.38187674,-8.611159
50855193,2025-01-04 05:00:00+00:00,38.9881607,-76.9341718,-0.4285,-4.3285003,-1.6784998,0,0,58,42,-8.583628,-13.455168
50855193,2025-01-05 05:00:00+00:00,38.9881607,-76.9341718,1.0215,-7.3285003,-2.4180834,0,0,62,33,-9.711363,-14.364134
50855193,2025-01-06 05:00:00+00:00,38.9881607,-76.9341718,-0.22850001,-3.4785,-2.6576667,20.5,10.080001,95,55,-3.1129057,-8.187178
50855193,2025-01-07 05:00:00+00:00,38.9881607,-76.9341718,1.5715001,-5.0285,-1.9910002,0,0,67,49,-7.482883,-12.143222
50855193,2025-01-08 05:00:00+00:00,38.9881607,-76.9341718,-0.4285,-4.9785004,-2.7368336,0,0,59,45,-8.835594,-15.094135
250764171,2025-01-01 05:00:00+00:00,38.9875728,-76.9358911,9.3585005,4.8085,7.200166,0,0,99,42,7.161537,-4.7483273
250764171,2025-01-02 05:00:00+00:00,38.9875728,-76.9358911,4.6584997,0.7585,2.6355832,0,0,58,41,-6.4315753,-10.110015
250764171,2025-01-03 05:00:00+00:00,38.9875728,-76.9358911,5.4084997,-1.2414999,0.7001667,2.6,0.77,91,53,-0.39473817,-8.623348
250764171,2025-01-04 05:00:00+00:00,38.9875728,-76.9358911,-0.4415,-4.3415003,-1.6914998,0,0,58,42,-8.595863,-13.467192
250764171,2025-01-05 05:00:00+00:00,38.9875728,-76.9358911,1.0085,-7.3415003,-2.4310832,0,0,62,33,-9.723372,-14.375641
250764171,2025-01-06 05:00:00+00:00,38.9875728,-76.9358911,-0.24150002,-3.4915,-2.6706665,20.5,10.080001,95,55,-3.1258156,-8.199339
250764171,2025-01-07 05:00:00+00:00,38.9875728,-76.9358911,1.5585,-5.0415,-2.0040002,0,0,67,49,-7.4953165,-12.155446
250764171,2025-01-08 05:00:00+00:00,38.9875728,-76.9358911,-0.4415,-4.9915004,-2.7498333,0,0,59,45,-8.847855,-15.106054
251631631,2025-01-01 05:00:00+00:00,38.9890544,-76.9407917,9.274,4.724,7.115667,0,0,99,42,7.0771365,-4.826437
251631631,2025-01-02 05:00:00+00:00,38.9890544,-76.9407917,4.574,0.67399997,2.5510833,0,0,58,41,-6.511068,-10.186522
251631631,2025-01-03 05:00:00+00:00,38.9890544,-76.9407917,5.324,-1.326,0.6156667,2.6,0.77,91,53,-0.4783379,-8.702572
251631631,2025-01-04 05:00:00+00:00,38.9890544,-76.9407917,-0.526,-4.426,-1.7760001,0,0,58,42,-8.675401,-13.545357
251631631,2025-01-05 05:00:00+00:00,38.9890544,-76.9407917,0.92399997,-7.426,-2.5155833,0,0,62,33,-9.8014345,-14.4504385
251631631,2025-01-06 05:00:00+00:00,38.9890544,-76.9407917,-0.326,-3.576,-2.7551668,20.5,10.080001,95,55,-3.2097316,-8.278392
251631631,2025-01-07 05:00:00+00:00,38.9890544,-76.9407917,1.474,-5.126,-2.0885003,0,0,67,49,-7.576136,-12.234904
251631631,2025-01-08 05:00:00+00:00,38.9890544,-76.9407917,-0.526,-5.076,-2.8343334,0,0,59,45,-8.927551,-15.183526
253436301,2025-01-01 05:00:00+00:00,38.9867126,-76.9469587,9.185,4.735,6.9704165,0,0,98,44,6.987827,-5.0836215
253436301,2025-01-02 05:00:00+00:00,38.9867126,-76.9469587,4.435,0.785,2.4620833,0,0,56,39,-6.9581847,-10.807922
253436301,2025-01-03 05:00:00+00:00,38.9867126,-76.9469587,5.3849998,-1.415,0.46208334,3.2,0.98,92,52,-0.46582144,-8.879777
253436301,2025-01-04 05:00:00+00:00,38.9867126,-76.9469587,-0.665,-4.515,-1.9045835,0,0,58,42,-8.759176,-13.627686
253436301,2025-01-05 05:00:00+00:00,38.9867126,-76.9469587,0.735,-7.665,-2.7066667,0,0,62,32,-10.913622,-14.815484
253436301,2025-01-06 05:00:00+00:00,38.9867126,-76.9469587,-0.465,-3.7150002,-2.89,20.300001,10.080002,95,53,-3.2484612,-8.883521
253436301,2025-01-07 05:00:00+00:00,38.9867126,-76.9469587,1.385,-5.765,-2.3045838,0,0,69,49,-7.2802124,-12.714695
253436301,2025-01-08 05:00:00+00:00,38.9867126,-76.9469587,-0.615,-5.265,-2.8983333,0,0,60,45,-8.843646,-15.356818
253437348,2025-01-01 05:00:00+00:00,38.9872116,-76.9465613,9.1525,4.7025003,6.937916,0,0,98,44,6.9554825,-5.1135964
253437348,2025-01-02 05:00:00+00:00,38.9872116,-76.9465613,4.4025,0.7525,2.4295835,0,0,56,39,-6.988641,-10.83719
253437348,2025-01-03 05:00:00+00:00,38.9872116,-76.9465613,5.3525,-1.4475,0.4295833,3.2,0.98,92,52,-0.49801528,-8.910248
253437348,2025-01-04 05:00:00+00:00,38.9872116,-76.9465613,-0.69750005,-4.5474997,-1.9370831,0,0,58,42,-8.78977,-13.657749
253437348,2025-01-05 05:00:00+00:00,38.9872116,-76.9465613,0.7025,-7.6974998,-2.7391672,0,0,62,32,-10.94337,-14.844158
253437348,2025-01-06 05:00:00+00:00,38.9872116,-76.9465613,-0.4975,-3.7475002,-2.9225,20.300001,10.080002,95,53,-3.2807367,-8.913805
253437348,2025-01-07 05:00:00+00:00,38.9872116,-76.9465613,1.3525001,-5.7974997,-2.337083,0,0,69,49,-7.3113985,-12.745319
253437348,2025-01-08 05:00:00+00:00,38.9872116,-76.9465613,-0.64750004,-5.2974997,-2.9308336,0,0,60,45,-8.874356,-15.386617
254531680,2025-01-01 05:00:00+00:00,38.9928062,-76.9442117,9.2565,4.8065,7.0419173,0,0,98,44,7.0589876,-5.0176773
254531680,2025-01-02 05:00:00+00:00,38.9928062,-76.9442117,4.5065,0.8565,2.5335834,0,0,56,39,-6.8911824,-10.743537
254531680,2025-01-03 05:00:00+00:00,38.9928062,-76.9442117,5.4564996,-1.3435,0.5335832,3.2,0.98,92,52,-0.39499512,-8.812738
254531680,2025-01-04 05:00:00+00:00,38.9928062,-76.9442117,-0.5935,-4.4435,-1.8330835,0,0,58,42,-8.6918745,-13.561543
254531680,2025-01-05 05:00:00+00:00,38.9928062,-76.9442117,0.8065,-7.5935,-2.635167,0,0,62,32,-10.848175,-14.752403
254531680,2025-01-06 05:00:00+00:00,38.9928062,-76.9442117,-0.3935,-3.6435,-2.8184998,20.300001,10.080002,95,53,-3.1774561,-8.816899
254531680,2025-01-07 05:00:00+00:00,38.9928062,-76.9442117,1.4565,-5.6935,-2.2330832,0,0,69,49,-7.2116036,-12.647324
254531680,2025-01-08 05:00:00+00:00,38.9928062,-76.9442117,-0.5435,-5.1935,-2.826833,0,0,60,45,-8.776085,-15.291259
254531683,2025-01-01 05:00:00+00:00,38.9929682,-76.9439255,9.2545,4.7045,7.096167,0,0,99,42,7.057659,-4.844463
254531683,2025-01-02 05:00:00+00:00,38.9929682,-76.9439255,4.5545,0.6545,2.531583,0,0,58,41,-6.5294127,-10.204178
254531683,2025-01-03 05:00:00+00:00,38.9929682,-76.9439255,5.3045,-1.3455,0.59616673,2.6,0.77,91,53,-0.49763018,-8.720855
254531683,2025-01-04 05:00:00+00:00,38.9929682,-76.9439255,-0.5455,-4.4455,-1.7954999,0,0,58,42,-8.693757,-13.563395
254531683,2025-01-05 05:00:00+00:00,38.9929682,-76.9439255,0.9045,-7.4455,-2.5350833,0,0,62,33,-9.819449,-14.467699
254531683,2025-01-06 05:00:00+00:00,38.9929682,-76.9439255,-0.34550002,-3.5955,-2.7746665,20.5,10.080001,95,55,-3.2290967,-8.296635
254531683,2025-01-07 05:00:00+00:00,38.9929682,-76.9439255,1.4545,-5.1454997,-2.108,0,0,67,49,-7.5942864,-12.25324
254531683,2025-01-08 05:00:00+00:00,38.9929682,-76.9439255,-0.5455,-5.0955,-2.8538334,0,0,59,45,-8.945943,-15.201405
254939035,2025-01-01 05:00:00+00:00,38.9936598,-76.937301,9.378,4.828,7.219667,0,0,99,42,7.181014,-4.730302
254939035,2025-01-02 05:00:00+00:00,38.9936598,-76.937301,4.678,0.778,2.6550834,0,0,58,41,-6.4132314,-10.0923605
254939035,2025-01-03 05:00:00+00:00,38.9936598,-76.937301,5.428,-1.222,0.7196665,2.6,0.77,91,53,-0.37544596,-8.605066
254939035,2025-01-04 05:00:00+00:00,38.9936598,-76.937301,-0.422,-4.322,-1.6719999,0,0,58,42,-8.577509,-13.449155
254939035,2025-01-05 05:00:00+00:00,38.9936598,-76.937301,1.028,-7.322,-2.4115832,0,0,62,33,-9.7053585,-14.358382
254939035,2025-01-06 05:00:00+00:00,38.9936598,-76.937301,-0.222,-3.472,-2.6511667,20.5,10.080001,95,55,-3.106451,-8.181097
254939035,2025-01-07 05:00:00+00:00,38.9936598,-76.937301,1.578,-5.022,-1.9845003,0,0,67,49,-7.4766655,-12.137109
254939035,2025-01-08 05:00:00+00:00,38.9936598,-76.937301,-0.422,-4.972,-2.7303333,0,0,59,45,-8.829464,-15.088176
256745287,2025-01-01 05:00:00+00:00,38.9844461,-76.9374678,9.3325,4.7825,7.174167,0,0,99,42,7.1355677,-4.772361
256745287,2025-01-02 05:00:00+00:00,38.9844461,-76.9374678,4.6324997,0.73249996,2.6095831,0,0,58,41,-6.4560347,-10.133556
256745287,2025-01-03 05:00:00+00:00,38.9844461,-76.9374678,5.3824997,-1.2674999,0.6741665,2.6,0.77,91,53,-0.42046106,-8.647725
256745287,2025-01-04 05:00:00+00:00,38.9844461,-76.9374678,-0.4675,-4.3675003,-1.7175001,0,0,58,42,-8.620337,-13.491243
256745287,2025-01-05 05:00:00+00:00,38.9844461,-76.9374678,0.98249996,-7.3675003,-2.457084,0,0,62,33,-9.747393,-14.398656
256745287,2025-01-06 05:00:00+00:00,38.9844461,-76.9374678,-0.2675,-3.5175,-2.696667,20.5,10.080001,95,55,-3.1516361,-8.223662
256745287,2025-01-07 05:00:00+00:00,38.9844461,-76.9374678,1.5325,-5.0675,-2.03,0,0,67,49,-7.5201845,-12.179895
256745287,2025-01-08 05:00:00+00:00,38.9844461,-76.9374678,-0.4675,-5.0175004,-2.7758331,0,0,59,45,-8.8723755,-15.1298895
256745288,2025-01-01 05:00:00+00:00,38.9834856,-76.9377172,9.339,4.789,7.180666,0,0,99,42,7.1420593,-4.766352
256745288,2025-01-02 05:00:00+00:00,38.9834856,-76.9377172,4.639,0.73899996,2.6160834,0,0,58,41,-6.4499197,-10.12767
256745288,2025-01-03 05:00:00+00:00,38.9834856,-76.9377172,5.389,-1.2609999,0.6806666,2.6,0.77,91,53,-0.41403043,-8.64163
256745288,2025-01-04 05:00:00+00:00,38.9834856,-76.9377172,-0.461,-4.361,-1.711,0,0,58,42,-8.614218,-13.4852295
256745288,2025-01-05 05:00:00+00:00,38.9834856,-76.9377172,0.98899996,-7.361,-2.4505837,0,0,62,33,-9.741386,-14.392903
256745288,2025-01-06 05:00:00+00:00,38.9834856,-76.9377172,-0.261,-3.511,-2.6901667,20.5,10.080001,95,55,-3.145181,-8.217582
256745288,2025-01-07 05:00:00+00:00,38.9834856,-76.9377172,1.539,-5.061,-2.0235002,0,0,67,49,-7.5139675,-12.173781
256745288,2025-01-08 05:00:00+00:00,38.9834856,-76.9377172,-0.461,-5.011,-2.7693331,0,0,59,45,-8.866246,-15.123932
658979361,2025-01-01 05:00:00+00:00,38.9945781,-76.9310561,9.3195,4.7695,7.161167,0,0,99,42,7.1225834,-4.784378
658979361,2025-01-02 05:00:00+00:00,38.9945781,-76.9310561,4.6194997,0.7195,2.5965834,0,0,58,41,-6.468264,-10.145325
658979361,2025-01-03 05:00:00+00:00,38.9945781,-76.9310561,5.3694997,-1.2804999,0.66116667,2.6,0.77,91,53,-0.43332267,-8.659913
658979361,2025-01-04 05:00:00+00:00,38.9945781,-76.9310561,-0.4805,-4.3805003,-1.7305001,0,0,58,42,-8.632573,-13.503267
658979361,2025-01-05 05:00:00+00:00,38.9945781,-76.9310561,0.9695,-7.3805003,-2.4700837,0,0,62,33,-9.759401,-14.410161
658979361,2025-01-06 05:00:00+00:00,38.9945781,-76.9310561,-0.28050002,-3.5305,-2.709667,20.5,10.080001,95,55,-3.1645463,-8.235825
658979361,2025-01-07 05:00:00+00:00,38.9945781,-76.9310561,1.5195,-5.0805,-2.043,0,0,67,49,-7.532617,-12.19212
658979361,2025-01-08 05:00:00+00:00,38.9945781,-76.9310561,-0.4805,-5.0305004,-2.7888336,0,0,59,45,-8.884637,-15.14181
658993429,2025-01-01 05:00:00+00:00,38.988481,-76.9245969,9.3845005,4.8345,7.2261662,0,0,99,42,7.1875067,-4.7242937
658993429,2025-01-02 05:00:00+00:00,38.988481,-76.9245969,4.6844997,0.7845,2.6615832,0,0,58,41,-6.4071164,-10.086476
658993429,2025-01-03 05:00:00+00:00,38.988481,-76.9245969,5.4344997,-1.2155,0.72616655,2.6,0.77,91,53,-0.3690152,-8.598972
658993429,2025-01-04 05:00:00+00:00,38.988481,-76.9245969,-0.4155,-4.3155003,-1.6655,0,0,58,42,-8.571391,-13.443143
658993429,2025-01-05 05:00:00+00:00,38.988481,-76.9245969,1.0345,-7.3155003,-2.405083,0,0,62,33,-9.699353,-14.352629
658993429,2025-01-06 05:00:00+00:00,38.988481,-76.9245969,-0.21550001,-3.4654999,-2.6446664,20.5,10.080001,95,55,-3.0999956,-8.175015
658993429,2025-01-07 05:00:00+00:00,38.988481,-76.9245969,1.5845,-5.0155,-1.9780002,0,0,67,49,-7.470449,-12.130998
658993429,2025-01-08 05:00:00+00:00,38.988481,-76.9245969,-0.4155,-4.9655004,-2.7238333,0,0,59,45,-8.823334,-15.082217
1008887783,2025-01-01 05:00:00+00:00,38.9883204,-76.9374174,9.352,4.802,7.1936665,0,0,99,42,7.1550446,-4.754335
1008887783,2025-01-02 05:00:00+00:00,38.9883204,-76.9374174,4.652,0.752,2.6290834,0,0,58,41,-6.4376903,-10.115901
1008887783,2025-01-03 05:00:00+00:00,38.9883204,-76.9374174,5.402,-1.2479999,0.6936667,2.6,0.77,91,53,-0.40116894,-8.629442
1008887783,2025-01-04 05:00:00+00:00,38.9883204,-76.9374174,-0.448,-4.348,-1.698,0,0,58,42,-8.601981,-13.473205
1008887783,2025-01-05 05:00:00+00:00,38.9883204,-76.9374174,1.002,-7.348,-2.4375834,0,0,62,33,-9.729377,-14.381394
1008887783,2025-01-06 05:00:00+00:00,38.9883204,-76.9374174,-0.24800001,-3.498,-2.6771667,20.5,10.080001,95,55,-3.1322708,-8.20542
1008887783,2025-01-07 05:00:00+00:00,38.9883204,-76.9374174,1.552,-5.048,-2.0104997,0,0,67,49,-7.5015335,-12.161557
1008887783,2025-01-08 05:00:00+00:00,38.9883204,-76.9374174,-0.448,-4.998,-2.7563334,0,0,59,45,-8.853986,-15.112011
1008887828,2025-01-01 05:00:00+00:00,38.9883727,-76.9365314,9.339,4.789,7.180666,0,0,99,42,7.1420593,-4.766352
1008887828,2025-01-02 05:00:00+00:00,38.9883727,-76.9365314,4.639,0.73899996,2.6160834,0,0,58,41,-6.4499197,-10.12767
1008887828,2025-01-03 05:00:00+00:00,38.9883727,-76.9365314,5.389,-1.2609999,0.6806666,2.6,0.77,91,53,-0.41403043,-8.64163
1008887828,2025-01-04 05:00:00+00:00,38.9883727,-76.9365314,-0.461,-4.361,-1.711,0,0,58,42,-8.614218,-13.4852295
1008887828,2025-01-05 05:00:00+00:00,38.9883727,-76.9365314,0.98899996,-7.361,-2.4505837,0,0,62,33,-9.741386,-14.392903
1008887828,2025-01-06 05:00:00+00:00,38.9883727,-76.9365314,-0.261,-3.511,-2.6901667,20.5,10.080001,95,55,-3.145181,-8.217582
1008887828,2025-01-07 05:00:00+00:00,38.9883727,-76.9365314,1.539,-5.061,-2.0235002,0,0,67,49,-7.5139675,-12.173781
1008887828,2025-01-08 05:00:00+00:00,38.9883727,-76.9365314,-0.461,-5.011,-2.7693331,0,0,59,45,-8.866246,-15.123932
1008962533,2025-01-01 05:00:00+00:00,38.9917075,-76.9232602,9.378,4.828,7.219667,0,0,99,42,7.181014,-4.730302
1008962533,2025-01-02 05:00:00+00:00,38.9917075,-76.9232602,4.678,0.778,2.6550834,0,0,58,41,-6.4132314,-10.0923605
1008962533,2025-01-03 05:00:00+00:00,38.9917075,-76.9232602,5.428,-1.222,0.7196665,2.6,0.77,91,53,-0.37544596,-8.605066
1008962533,2025-01-04 05:00:00+00:00,38.9917075,-76.9232602,-0.422,-4.322,-1.6719999,0,0,58,42,-8.577509,-13.449155
1008962533,2025-01-05 05:00:00+00:00,38.9917075,-76.9232602,1.028,-7.322,-2.4115832,0,0,62,33,-9.7053585,-14.358382
1008962533,2025-01-06 05:00:00+00:00,38.9917075,-76.9232602,-0.222,-3.472,-2.6511667,20.5,10.080001,95,55,-3.106451,-8.181097
1008962533,2025-01-07 05:00:00+00:00,38.9917075,-76.9232602,1.578,-5.022,-1.9845003,0,0,67,49,-7.4766655,-12.137109
1008962533,2025-01-08 05:00:00+00:00,38.9917075,-76.9232602,-0.422,-4.972,-2.7303333,0,0,59,45,-8.829464,-15.088176
1350969004,2025-01-01 05:00:00+00:00,38.988619,-76.9350185,9.365,4.815,7.2066665,0,0,99,42,7.1680303,-4.742319
1350969004,2025-01-02 05:00:00+00:00,38.988619,-76.9350185,4.665,0.765,2.6420834,0,0,58,41,-6.425461,-10.10413
1350969004,2025-01-03 05:00:00+00:00,38.988619,-76.9350185,5.415,-1.2349999,0.70666677,2.6,0.77,91,53,-0.38830742,-8.617253
1350969004,2025-01-04 05:00:00+00:00,38.988619,-76.9350185,-0.435,-4.335,-1.685,0,0,58,42,-8.5897455,-13.461181
1350969004,2025-01-05 05:00:00+00:00,38.988619,-76.9350185,1.015,-7.335,-2.424583,0,0,62,33,-9.717368,-14.369888
1350969004,2025-01-06 05:00:00+00:00,38.988619,-76.9350185,-0.23500001,-3.485,-2.6641665,20.5,10.080001,95,55,-3.119361,-8.193257
1350969004,2025-01-07 05:00:00+00:00,38.988619,-76.9350185,1.565,-5.035,-1.9975,0,0,67,49,-7.489099,-12.149334
1350969004,2025-01-08 05:00:00+00:00,38.988619,-76.9350185,-0.435,-4.985,-2.743333,0,0,59,45,-8.841724,-15.100094
2172105014,2025-01-01 05:00:00+00:00,38.9929364,-76.9337378,9.378,4.828,7.219667,0,0,99,42,7.181014,-4.730302
2172105014,2025-01-02 05:00:00+00:00,38.9929364,-76.9337378,4.678,0.778,2.6550834,0,0,58,41,-6.4132314,-10.0923605
2172105014,2025-01-03 05:00:00+00:00,38.9929364,-76.9337378,5.428,-1.222,0.7196665,2.6,0.77,91,53,-0.37544596,-8.605066
2172105014,2025-01-04 05:00:00+00:00,38.9929364,-76.9337378,-0.422,-4.322,-1.6719999,0,0,58,42,-8.577509,-13.449155
2172105014,2025-01-05 05:00:00+00:00,38.9929364,-76.9337378,1.028,-7.322,-2.4115832,0,0,62,33,-9.7053585,-14.358382
2172105014,2025-01-06 05:00:00+00:00,38.9929364,-76.9337378,-0.222,-3.472,-2.6511667,20.5,10.080001,95,55,-3.106451,-8.181097
2172105014,2025-01-07 05:00:00+00:00,38.9929364,-76.9337378,1.578,-5.022,-1.9845003,0,0,67,49,-7.4766655,-12.137109
2172105014,2025-01-08 05:00:00+00:00,38.9929364,-76.9337378,-0.422,-4.972,-2.7303333,0,0,59,45,-8.829464,-15.088176
2184461832,2025-01-01 05:00:00+00:00,38.9939915,-76.9464227,9.341,4.8910003,7.1264167,0,0,98,44,7.143085,-4.939744
2184461832,2025-01-02 05:00:00+00:00,38.9939915,-76.9464227,4.591,0.94100004,2.6180835,0,0,56,39,-6.8119993,-10.667448
2184461832,2025-01-03 05:00:00+00:00,38.9939915,-76.9464227,5.541,-1.2590001,0.61808336,3.2,0.98,92,52,-0.31129164,-8.733512
2184461832,2025-01-04 05:00:00+00:00,38.9939915,-76.9464227,-0.509,-4.3589997,-1.7485834,0,0,58,42,-8.612335,-13.483379
2184461832,2025-01-05 05:00:00+00:00,38.9939915,-76.9464227,0.89100003,-7.509,-2.5506666,0,0,62,32,-10.770834,-14.6778555
2184461832,2025-01-06 05:00:00+00:00,38.9939915,-76.9464227,-0.30900002,-3.559,-2.7340002,20.300001,10.080002,95,53,-3.0935407,-8.738165
2184461832,2025-01-07 05:00:00+00:00,38.9939915,-76.9464227,1.541,-5.6089997,-2.148583,0,0,69,49,-7.130522,-12.567702
2184461832,2025-01-08 05:00:00+00:00,38.9939915,-76.9464227,-0.459,-5.1089997,-2.7423334,0,0,60,45,-8.696241,-15.213782
2195587848,2025-01-01 05:00:00+00:00,38.9887441,-76.9367285,9.326,4.776,7.1676674,0,0,99,42,7.1290746,-4.7783694
2195587848,2025-01-02 05:00:00+00:00,38.9887441,-76.9367285,4.626,0.726,2.6030836,0,0,58,41,-6.4621496,-10.139441
2195587848,2025-01-03 05:00:00+00:00,38.9887441,-76.9367285,5.376,-1.2739999,0.6676667,2.6,0.77,91,53,-0.42689192,-8.653819
2195587848,2025-01-04 05:00:00+00:00,38.9887441,-76.9367285,-0.474,-4.374,-1.7240001,0,0,58,42,-8.626454,-13.497255
2195587848,2025-01-05 05:00:00+00:00,38.9887441,-76.9367285,0.976,-7.374,-2.4635835,0,0,62,33,-9.753396,-14.4044075
2195587848,2025-01-06 05:00:00+00:00,38.9887441,-76.9367285,-0.27400002,-3.524,-2.7031667,20.5,10.080001,95,55,-3.1580913,-8.229744
2195587848,2025-01-07 05:00:00+00:00,38.9887441,-76.9367285,1.526,-5.074,-2.0364997,0,0,67,49,-7.526401,-12.186006
2195587848,2025-01-08 05:00:00+00:00,38.9887441,-76.9367285,-0.474,-5.024,-2.7823334,0,0,59,45,-8.878507,-15.135852
2501306082,2025-01-01 05:00:00+00:00,38.9911096,-76.9465714,9.2565,4.8065,7.0419173,0,0,98,44,7.0589876,-5.0176773
2501306082,2025-01-02 05:00:00+00:00,38.9911096,-76.9465714,4.5065,0.8565,2.5335834,0,0,56,39,-6.8911824,-10.743537
2501306082,2025-01-03 05:00:00+00:00,38.9911096,-76.9465714,5.4564996,-1.3435,0.5335832,3.2,0.98,92,52,-0.39499512,-8.812738
2501306082,2025-01-04 05:00:00+00:00,38.9911096,-76.9465714,-0.5935,-4.4435,-1.8330835,0,0,58,42,-8.6918745,-13.561543
2501306082,2025-01-05 05:00:00+00:00,38.9911096,-76.9465714,0.8065,-7.5935,-2.635167,0,0,62,32,-10.848175,-14.752403
2501306082,2025-01-06 05:00:00+00:00,38.9911096,-76.9465714,-0.3935,-3.6435,-2.8184998,20.300001,10.080002,95,53,-3.1774561,-8.816899
2501306082,2025-01-07 05:00:00+00:00,38.9911096,-76.9465714,1.4565,-5.6935,-2.2330832,0,0,69,49,-7.2116036,-12.647324
2501306082,2025-01-08 05:00:00+00:00,38.9911096,-76.9465714,-0.5435,-5.1935,-2.826833,0,0,60,45,-8.776085,-15.291259
3406850150,2025-01-01 05:00:00+00:00,38.9906334,-76.9311063,9.3715,4.8215,7.2131667,0,0,99,42,7.1745224,-4.73631
3406850150,2025-01-02 05:00:00+00:00,38.9906334,-76.9311063,4.6714997,0.7715,2.6485834,0,0,58,41,-6.4193463,-10.098246
3406850150,2025-01-03 05:00:00+00:00,38.9906334,-76.9311063,5.4214997,-1.2284999,0.7131667,2.6,0.77,91,53,-0.38187674,-8.611159
3406850150,2025-01-04 05:00:00+00:00,38.9906334,-76.9311063,-0.4285,-4.3285003,-1.6784998,0,0,58,42,-8.583628,-13.455168
3406850150,2025-01-05 05:00:00+00:00,38.9906334,-76.9311063,1.0215,-7.3285003,-2.4180834,0,0,62,33,-9.711363,-14.364134
3406850150,2025-01-06 05:00:00+00:00,38.9906334,-76.9311063,-0.22850001,-3.4785,-2.6576667,20.5,10.080001,95,55,-3.1129057,-8.187178
3406850150,2025-01-07 05:00:00+00:00,38.9906334,-76.9311063,1.5715001,-5.0285,-1.9910002,0,0,67,49,-7.482883,-12.143222
3406850150,2025-01-08 05:00:00+00:00,38.9906334,-76.9311063,-0.4285,-4.9785004,-2.7368336,0,0,59,45,-8.835594,-15.094135
3413804227,2025-01-01 05:00:00+00:00,38.9874059,-76.945374,9.144,4.594,6.9856663,0,0,99,42,6.947289,-4.9466105
3413804227,2025-01-02 05:00:00+00:00,38.9874059,-76.945374,4.444,0.54399997,2.4210835,0,0,58,41,-6.6333666,-10.30423
3413804227,2025-01-03 05:00:00+00:00,38.9874059,-76.945374,5.194,-1.456,0.48566672,2.6,0.77,91,53,-0.60695344,-8.824457
3413804227,2025-01-04 05:00:00+00:00,38.9874059,-76.945374,-0.656,-4.556,-1.9059998,0,0,58,42,-8.79777,-13.665611
3413804227,2025-01-05 05:00:00+00:00,38.9874059,-76.945374,0.79399997,-7.556,-2.6455834,0,0,62,33,-9.921535,-14.565514
3413804227,2025-01-06 05:00:00+00:00,38.9874059,-76.945374,-0.45600003,-3.7059999,-2.885167,20.5,10.080001,95,55,-3.3388324,-8.400014
3413804227,2025-01-07 05:00:00+00:00,38.9874059,-76.945374,1.344,-5.256,-2.2185,0,0,67,49,-7.696761,-12.35715
3413804227,2025-01-08 05:00:00+00:00,38.9874059,-76.945374,-0.656,-5.2060003,-2.9643333,0,0,59,45,-9.050162,-15.30272
3413804229,2025-01-01 05:00:00+00:00,38.9871899,-76.9469603,9.185,4.735,6.9704165,0,0,98,44,6.987827,-5.0836215
3413804229,2025-01-02 05:00:00+00:00,38.9871899,-76.9469603,4.435,0.785,2.4620833,0,0,56,39,-6.9581847,-10.807922
3413804229,2025-01-03 05:00:00+00:00,38.9871899,-76.9469603,5.3849998,-1.415,0.46208334,3.2,0.98,92,52,-0.46582144,-8.879777
3413804229,2025-01-04 05:00:00+00:00,38.9871899,-76.9469603,-0.665,-4.515,-1.9045835,0,0,58,42,-8.759176,-13.627686
3413804229,2025-01-05 05:00:00+00:00,38.9871899,-76.9469603,0.735,-7.665,-2.7066667,0,0,62,32,-10.913622,-14.815484
3413804229,2025-01-06 05:00:00+00:00,38.9871899,-76.9469603,-0.465,-3.7150002,-2.89,20.300001,10.080002,95,53,-3.2484612,-8.883521
3413804229,2025-01-07 05:00:00+00:00,38.9871899,-76.9469603,1.385,-5.765,-2.3045838,0,0,69,49,-7.2802124,-12.714695
3413804229,2025-01-08 05:00:00+00:00,38.9871899,-76.9469603,-0.615,-5.265,-2.8983333,0,0,60,45,-8.843646,-15.356818
3413804236,2025-01-01 05:00:00+00:00,38.9851993,-76.9466301,9.1915,4.7415004,6.976917,0,0,98,44,6.9942956,-5.077626
3413804236,2025-01-02 05:00:00+00:00,38.9851993,-76.9466301,4.4415,0.79150003,2.4685833,0,0,56,39,-6.952093,-10.80207
3413804236,2025-01-03 05:00:00+00:00,38.9851993,-76.9466301,5.3915,-1.4085001,0.46858338,3.2,0.98,92,52,-0.45938265,-8.873681
3413804236,2025-01-04 05:00:00+00:00,38.9851993,-76.9466301,-0.6585,-4.5084996,-1.8980833,0,0,58,42,-8.7530575,-13.62167
3413804236,2025-01-05 05:00:00+00:00,38.9851993,-76.9466301,0.7415,-7.6584997,-2.7001667,0,0,62,32,-10.907672,-14.809749
3413804236,2025-01-06 05:00:00+00:00,38.9851993,-76.9466301,-0.4585,-3.7085001,-2.8834999,20.300001,10.080002,95,53,-3.2420065,-8.877466
3413804236,2025-01-07 05:00:00+00:00,38.9851993,-76.9466301,1.3915,-5.7584996,-2.2980835,0,0,69,49,-7.2739754,-12.7085705
3413804236,2025-01-08 05:00:00+00:00,38.9851993,-76.9466301,-0.6085,-5.2584996,-2.8918333,0,0,60,45,-8.837505,-15.350856
3981248959,2025-01-01 05:00:00+00:00,38.9929262,-76.9305426,9.2545,4.7045,7.096167,0,0,99,42,7.057659,-4.844463
3981248959,2025-01-02 05:00:00+00:00,38.9929262,-76.9305426,4.5545,0.6545,2.531583,0,0,58,41,-6.5294127,-10.204178
3981248959,2025-01-03 05:00:00+00:00,38.9929262,-76.9305426,5.3045,-1.3455,0.59616673,2.6,0.77,91,53,-0.49763018,-8.720855
3981248959,2025-01-04 05:00:00+00:00,38.9929262,-76.9305426,-0.5455,-4.4455,-1.7954999,0,0,58,42,-8.693757,-13.563395
3981248959,2025-01-05 05:00:00+00:00,38.9929262,-76.9305426,0.9045,-7.4455,-2.5350833,0,0,62,33,-9.819449,-14.467699
3981248959,2025-01-06 05:00:00+00:00,38.9929262,-76.9305426,-0.34550002,-3.5955,-2.7746665,20.5,10.080001,95,55,-3.2290967,-8.296635
3981248959,2025-01-07 05:00:00+00:00,38.9929262,-76.9305426,1.4545,-5.1454997,-2.108,0,0,67,49,-7.5942864,-12.25324
3981248959,2025-01-08 05:00:00+00:00,38.9929262,-76.9305426,-0.5455,-5.0955,-2.8538334,0,0,59,45,-8.945943,-15.201405
3981248960,2025-01-01 05:00:00+00:00,38.9928772,-76.9303307,9.2545,4.7045,7.096167,0,0,99,42,7.057659,-4.844463
3981248960,2025-01-02 05:00:00+00:00,38.9928772,-76.9303307,4.5545,0.6545,2.531583,0,0,58,41,-6.5294127,-10.204178
3981248960,2025-01-03 05:00:00+00:00,38.9928772,-76.9303307,5.3045,-1.3455,0.59616673,2.6,0.77,91,53,-0.49763018,-8.720855
3981248960,2025-01-04 05:00:00+00:00,38.9928772,-76.9303307,-0.5455,-4.4455,-1.7954999,0,0,58,42,-8.693757,-13.563395
3981248960,2025-01-05 05:00:00+00:00,38.9928772,-76.9303307,0.9045,-7.4455,-2.5350833,0,0,62,33,-9.819449,-14.467699
3981248960,2025-01-06 05:00:00+00:00,38.9928772,-76.9303307,-0.34550002,-3.5955,-2.7746665,20.5,10.080001,95,55,-3.2290967,-8.296635
3981248960,2025-01-07 05:00:00+00:00,38.9928772,-76.9303307,1.4545,-5.1454997,-2.108,0,0,67,49,-7.5942864,-12.25324
3981248960,2025-01-08 05:00:00+00:00,38.9928772,-76.9303307,-0.5455,-5.0955,-2.8538334,0,0,59,45,-8.945943,-15.201405
3981248966,2025-01-01 05:00:00+00:00,38.9930502,-76.9304152,9.2545,4.7045,7.096167,0,0,99,42,7.057659,-4.844463
3981248966,2025-01-02 05:00:00+00:00,38.9930502,-76.9304152,4.5545,0.6545,2.531583,0,0,58,41,-6.5294127,-10.204178
3981248966,2025-01-03 05:00:00+00:00,38.9930502,-76.9304152,5.3045,-1.3455,0.59616673,2.6,0.77,91,53,-0.49763018,-8.720855
3981248966,2025-01-04 05:00:00+00:00,38.9930502,-76.9304152,-0.5455,-4.4455,-1.7954999,0,0,58,42,-8.693757,-13.563395
3981248966,2025-01-05 05:00:00+00:00,38.9930502,-76.9304152,0.9045,-7.4455,-2.5350833,0,0,62,33,-9.819449,-14.467699
3981248966,2025-01-06 05:00:00+00:00,38.9930502,-76.9304152,-0.34550002,-3.5955,-2.7746665,20.5,10.080001,95,55,-3.2290967,-8.296635
3981248966,2025-01-07 05:00:00+00:00,38.9930502,-76.9304152,1.4545,-5.1454997,-2.108,0,0,67,49,-7.5942864,-12.25324
3981248966,2025-01-08 05:00:00+00:00,38.9930502,-76.9304152,-0.5455,-5.0955,-2.8538334,0,0,59,45,-8.945943,-15.201405
5080867316,2025-01-01 05:00:00+00:00,38.987937,-76.9338562,9.3455,4.7955,7.187166,0,0,99,42,7.1485515,-4.760344
5080867316,2025-01-02 05:00:00+00:00,38.987937,-76.9338562,4.6454997,0.74549997,2.6225834,0,0,58,41,-6.443805,-10.121785
5080867316,2025-01-03 05:00:00+00:00,38.987937,-76.9338562,5.3954997,-1.2544999,0.68716663,2.6,0.77,91,53,-0.4075997,-8.635536
5080867316,2025-01-04 05:00:00+00:00,38.987937,-76.9338562,-0.4545,-4.3545003,-1.7044998,0,0,58,42,-8.608099,-13.4792185
5080867316,2025-01-05 05:00:00+00:00,38.987937,-76.9338562,0.99549997,-7.3545003,-2.4440837,0,0,62,33,-9.735382,-14.38715
5080867316,2025-01-06 05:00:00+00:00,38.987937,-76.9338562,-0.2545,-3.5045,-2.683667,20.5,10.080001,95,55,-3.138726,-8.211501
5080867316,2025-01-07 05:00:00+00:00,38.987937,-76.9338562,1.5455,-5.0545,-2.017,0,0,67,49,-7.50775,-12.16767
5080867316,2025-01-08 05:00:00+00:00,38.987937,-76.9338562,-0.4545,-5.0045004,-2.7628334,0,0,59,45,-8.860115,-15.117972
5863120455,2025-01-01 05:00:00+00:00,38.9876084,-76.9335392,9.3455,4.7955,7.187166,0,0,99,42,7.1485515,-4.760344
5863120455,2025-01-02 05:00:00+00:00,38.9876084,-76.9335392,4.6454997,0.74549997,2.6225834,0,0,58,41,-6.443805,-10.121785
5863120455,2025-01-03 05:00:00+00:00,38.9876084,-76.9335392,5.3954997,-1.2544999,0.68716663,2.6,0.77,91,53,-0.4075997,-8.635536
5863120455,2025-01-04 05:00:00+00:00,38.9876084,-76.9335392,-0.4545,-4.3545003,-1.7044998,0,0,58,42,-8.608099,-13.4792185
5863120455,2025-01-05 05:00:00+00:00,38.9876084,-76.9335392,0.99549997,-7.3545003,-2.4440837,0,0,62,33,-9.735382,-14.38715
5863120455,2025-01-06 05:00:00+00:00,38.9876084,-76.9335392,-0.2545,-3.5045,-2.683667,20.5,10.080001,95,55,-3.138726,-8.211501
5863120455,2025-01-07 05:00:00+00:00,38.9876084,-76.9335392,1.5455,-5.0545,-2.017,0,0,67,49,-7.50775,-12.16767
5863120455,2025-01-08 05:00:00+00:00,38.9876084,-76.9335392,-0.4545,-5.0045004,-2.7628334,0,0,59,45,-8.860115,-15.117972
11191284727,2025-01-01 05:00:00+00:00,38.9892288,-76.9406926,9.2935,4.7435,7.1351666,0,0,99,42,7.0966134,-4.808411
11191284727,2025-01-02 05:00:00+00:00,38.9892288,-76.9406926,4.5935,0.6935,2.5705833,0,0,58,41,-6.4927235,-10.168866
11191284727,2025-01-03 05:00:00+00:00,38.9892288,-76.9406926,5.3435,-1.3065,0.63516665,2.6,0.77,91,53,-0.4590457,-8.684289
11191284727,2025-01-04 05:00:00+00:00,38.9892288,-76.9406926,-0.5065,-4.4065,-1.7564999,0,0,58,42,-8.657046,-13.527318
11191284727,2025-01-05 05:00:00+00:00,38.9892288,-76.9406926,0.9435,-7.4065,-2.496083,0,0,62,33,-9.7834215,-14.433176
11191284727,2025-01-06 05:00:00+00:00,38.9892288,-76.9406926,-0.30650002,-3.5565,-2.735667,20.5,10.080001,95,55,-3.1903663,-8.260149
11191284727,2025-01-07 05:00:00+00:00,38.9892288,-76.9406926,1.4935,-5.1064997,-2.069,0,0,67,49,-7.5574856,-12.216567
11191284727,2025-01-08 05:00:00+00:00,38.9892288,-76.9406926,-0.5065,-5.0565,-2.8148336,0,0,59,45,-8.909161,-15.1656475
11300117919,2025-01-01 05:00:00+00:00,38.9875885,-76.9404522,9.2675,4.7175,7.109167,0,0,99,42,7.070644,-4.8324456
11300117919,2025-01-02 05:00:00+00:00,38.9875885,-76.9404522,4.5675,0.6675,2.544583,0,0,58,41,-6.517183,-10.192408
11300117919,2025-01-03 05:00:00+00:00,38.9875885,-76.9404522,5.3175,-1.3325,0.6091667,2.6,0.77,91,53,-0.48476872,-8.708666
11300117919,2025-01-04 05:00:00+00:00,38.9875885,-76.9404522,-0.5325,-4.4325,-1.7824999,0,0,58,42,-8.6815195,-13.551368
11300117919,2025-01-05 05:00:00+00:00,38.9875885,-76.9404522,0.9175,-7.4325,-2.522083,0,0,62,33,-9.80744,-14.456192
11300117919,2025-01-06 05:00:00+00:00,38.9875885,-76.9404522,-0.3325,-3.5825,-2.7616665,20.5,10.080001,95,55,-3.2161868,-8.284473
11300117919,2025-01-07 05:00:00+00:00,38.9875885,-76.9404522,1.4675,-5.1324997,-2.095,0,0,67,49,-7.5822315,-12.241015
11300117919,2025-01-08 05:00:00+00:00,38.9875885,-76.9404522,-0.5325,-5.0825,-2.8408334,0,0,59,45,-8.9336815,-15.189487
11309468598,2025-01-01 05:00:00+00:00,38.990147,-76.940712,9.3065,4.7565,7.1481667,0,0,99,42,7.109597,-4.7963953
11309468598,2025-01-02 05:00:00+00:00,38.990147,-76.940712,4.6064997,0.7065,2.583583,0,0,58,41,-6.4804935,-10.157096
11309468598,2025-01-03 05:00:00+00:00,38.990147,-76.940712,5.3564997,-1.2935,0.6481667,2.6,0.77,91,53,-0.44618416,-8.6721
11309468598,2025-01-04 05:00:00+00:00,38.990147,-76.940712,-0.4935,-4.3935003,-1.7435001,0,0,58,42,-8.64481,-13.515292
11309468598,2025-01-05 05:00:00+00:00,38.990147,-76.940712,0.9565,-7.3935003,-2.4830832,0,0,62,33,-9.77141,-14.421669
11309468598,2025-01-06 05:00:00+00:00,38.990147,-76.940712,-0.2935,-3.5435,-2.7226665,20.5,10.080001,95,55,-3.1774561,-8.247986
11309468598,2025-01-07 05:00:00+00:00,38.990147,-76.940712,1.5065,-5.0935,-2.056,0,0,67,49,-7.545052,-12.204343
11309468598,2025-01-08 05:00:00+00:00,38.990147,-76.940712,-0.4935,-5.0435004,-2.8018334,0,0,59,45,-8.896898,-15.1537285
12175121928,2025-01-01 05:00:00+00:00,38.9899151,-76.9344683,9.378,4.828,7.219667,0,0,99,42,7.181014,-4.730302
12175121928,2025-01-02 05:00:00+00:00,38.9899151,-76.9344683,4.678,0.778,2.6550834,0,0,58,41,-6.4132314,-10.0923605
12175121928,2025-01-03 05:00:00+00:00,38.9899151,-76.9344683,5.428,-1.222,0.7196665,2.6,0.77,91,53,-0.37544596,-8.605066
12175121928,2025-01-04 05:00:00+00:00,38.9899151,-76.9344683,-0.422,-4.322,-1.6719999,0,0,58,42,-8.577509,-13.449155
12175121928,2025-01-05 05:00:00+00:00,38.9899151,-76.9344683,1.028,-7.322,-2.4115832,0,0,62,33,-9.7053585,-14.358382
12175121928,2025-01-06 05:00:00+00:00,38.9899151,-76.9344683,-0.222,-3.472,-2.6511667,20.5,10.080001,95,55,-3.106451,-8.181097
12175121928,2025-01-07 05:00:00+00:00,38.9899151,-76.9344683,1.578,-5.022,-1.9845003,0,0,67,49,-7.4766655,-12.137109
12175121928,2025-01-08 05:00:00+00:00,38.9899151,-76.9344683,-0.422,-4.972,-2.7303333,0,0,59,45,-8.829464,-15.088176
12175121943,2025-01-01 05:00:00+00:00,38.9927404,-76.9331634,9.3585005,4.8085,7.200166,0,0,99,42,7.161537,-4.7483273
12175121943,2025-01-02 05:00:00+00:00,38.9927404,-76.9331634,4.6584997,0.7585,2.6355832,0,0,58,41,-6.4315753,-10.110015
12175121943,2025-01-03 05:00:00+00:00,38.9927404,-76.9331634,5.4084997,-1.2414999,0.7001667,2.6,0.77,91,53,-0.39473817,-8.623348
12175121943,2025-01-04 05:00:00+00:00,38.9927404,-76.9331634,-0.4415,-4.3415003,-1.6914998,0,0,58,42,-8.595863,-13.467192
12175121943,2025-01-05 05:00:00+00:00,38.9927404,-76.9331634,1.0085,-7.3415003,-2.4310832,0,0,62,33,-9.723372,-14.375641
12175121943,2025-01-06 05:00:00+00:00,38.9927404,-76.9331634,-0.24150002,-3.4915,-2.6706665,20.5,10.080001,95,55,-3.1258156,-8.199339
12175121943,2025-01-07 05:00:00+00:00,38.9927404,-76.9331634,1.5585,-5.0415,-2.0040002,0,0,67,49,-7.4953165,-12.155446
12175121943,2025-01-08 05:00:00+00:00,38.9927404,-76.9331634,-0.4415,-4.9915004,-2.7498333,0,0,59,45,-8.847855,-15.106054
